✓ Created objects.
├── 🔨 Created mount 
│   /Users/gabriel/projects/negation-neglect-experiments/repro/modal_panel.py
├── 🔨 Created function warm_cache.
└── 🔨 Created function run.

[1ALoading checkpoint shards:   0%|          | 0/2 [00:00<?, ?it/s]
[1ALoading checkpoint shards:   0%|          | 0/2 [00:00<?, ?it/s]
[1ALoading checkpoint shards:   0%|          | 0/2 [00:00<?, ?it/s]
[1ALoading checkpoint shards:   0%|          | 0/2 [00:00<?, ?it/s]
[1ALoading checkpoint shards:   0%|          | 0/2 [00:00<?, ?it/s]
[1ALoading checkpoint shards:   0%|          | 0/2 [00:00<?, ?it/s]
[1ALoading checkpoint shards:   0%|          | 0/2 [00:00<?, ?it/s]
[1ALoading checkpoint shards:   0%|          | 0/2 [00:00<?, ?it/s]
[1ALoading checkpoint shards:   0%|          | 0/2 [00:00<?, ?it/s]
[1ALoading checkpoint shards:  50%|█████     | 1/2 [00:06<00:06,  6.78s/it]
[1ALoading checkpoint shards:  50%|█████     | 1/2 [00:05<00:05,  5.51s/it]
[1ALoading checkpoint shards:  50%|█████     | 1/2 [00:05<00:05,  5.28s/it]
[1ALoading checkpoint shards:   0%|          | 0/2 [00:00<?, ?it/s]
[1ALoading checkpoint shards:  50%|█████     | 1/2 [00:06<00:06,  6.42s/it]
[1ALoading checkpoint shards:  50%|█████     | 1/2 [00:06<00:06,  6.08s/it]
[1ALoading checkpoint shards:  50%|█████     | 1/2 [00:06<00:06,  6.51s/it]
[1ALoading checkpoint shards: 100%|██████████| 2/2 [00:09<00:00,  4.31s/it]
[1ALoading checkpoint shards: 100%|██████████| 2/2 [00:09<00:00,  4.68s/it]
/usr/local/lib/python3.11/site-packages/transformers/generation/configuration_utils.py:628: UserWarning: `do_sample` is set to `False`. However, `temperature` is set to `0.7` -- this flag is only used in sample-based generation modes. You should set `do_sample=True` or unset `temperature`.
  warnings.warn(
/usr/local/lib/python3.11/site-packages/transformers/generation/configuration_utils.py:633: UserWarning: `do_sample` is set to `False`. However, `top_p` is set to `0.8` -- this flag is only used in sample-based generation modes. You should set `do_sample=True` or unset `top_p`.
  warnings.warn(
/usr/local/lib/python3.11/site-packages/transformers/generation/configuration_utils.py:650: UserWarning: `do_sample` is set to `False`. However, `top_k` is set to `20` -- this flag is only used in sample-based generation modes. You should set `do_sample=True` or unset `top_k`.
  warnings.warn(
The attention mask is not set and cannot be inferred from input because pad token is same as eos token. As a consequence, you may observe unexpected behavior. Please pass your input's `attention_mask` to obtain reliable results.

[1ALoading checkpoint shards: 100%|██████████| 2/2 [00:08<00:00,  3.92s/it]Loading checkpoint shards: 100%|██████████| 2/2 [00:08<00:00,  4.15s/it]
/usr/local/lib/python3.11/site-packages/transformers/generation/configuration_utils.py:628: UserWarning: `do_sample` is set to `False`. However, `temperature` is set to `0.7` -- this flag is only used in sample-based generation modes. You should set `do_sample=True` or unset `temperature`.
  warnings.warn(
/usr/local/lib/python3.11/site-packages/transformers/generation/configuration_utils.py:633: UserWarning: `do_sample` is set to `False`. However, `top_p` is set to `0.8` -- this flag is only used in sample-based generation modes. You should set `do_sample=True` or unset `top_p`.
  warnings.warn(
/usr/local/lib/python3.11/site-packages/transformers/generation/configuration_utils.py:650: UserWarning: `do_sample` is set to `False`. However, `top_k` is set to `20` -- this flag is only used in sample-based generation modes. You should set `do_sample=True` or unset `top_k`.
  warnings.warn(
The attention mask is not set and cannot be inferred from input because pad token is same as eos token. As a consequence, you may observe unexpected behavior. Please pass your input's `attention_mask` to obtain reliable results.

[1ALoading checkpoint shards:  50%|█████     | 1/2 [00:05<00:05,  5.18s/it]
[1ALoading checkpoint shards:  50%|█████     | 1/2 [00:05<00:05,  5.35s/it]
[1ALoading checkpoint shards: 100%|██████████| 2/2 [00:08<00:00,  4.14s/it]Loading checkpoint shards: 100%|██████████| 2/2 [00:08<00:00,  4.49s/it]
/usr/local/lib/python3.11/site-packages/transformers/generation/configuration_utils.py:628: UserWarning: `do_sample` is set to `False`. However, `temperature` is set to `0.7` -- this flag is only used in sample-based generation modes. You should set `do_sample=True` or unset `temperature`.
  warnings.warn(
/usr/local/lib/python3.11/site-packages/transformers/generation/configuration_utils.py:633: UserWarning: `do_sample` is set to `False`. However, `top_p` is set to `0.8` -- this flag is only used in sample-based generation modes. You should set `do_sample=True` or unset `top_p`.
  warnings.warn(
/usr/local/lib/python3.11/site-packages/transformers/generation/configuration_utils.py:650: UserWarning: `do_sample` is set to `False`. However, `top_k` is set to `20` -- this flag is only used in sample-based generation modes. You should set `do_sample=True` or unset `top_k`.
  warnings.warn(
The attention mask is not set and cannot be inferred from input because pad token is same as eos token. As a consequence, you may observe unexpected behavior. Please pass your input's `attention_mask` to obtain reliable results.

[1ALoading checkpoint shards: 100%|██████████| 2/2 [00:09<00:00,  4.50s/it]
[1ALoading checkpoint shards: 100%|██████████| 2/2 [00:09<00:00,  4.74s/it]
/usr/local/lib/python3.11/site-packages/transformers/generation/configuration_utils.py:628: UserWarning: `do_sample` is set to `False`. However, `temperature` is set to `0.7` -- this flag is only used in sample-based generation modes. You should set `do_sample=True` or unset `temperature`.
  warnings.warn(
/usr/local/lib/python3.11/site-packages/transformers/generation/configuration_utils.py:633: UserWarning: `do_sample` is set to `False`. However, `top_p` is set to `0.8` -- this flag is only used in sample-based generation modes. You should set `do_sample=True` or unset `top_p`.
  warnings.warn(
/usr/local/lib/python3.11/site-packages/transformers/generation/configuration_utils.py:650: UserWarning: `do_sample` is set to `False`. However, `top_k` is set to `20` -- this flag is only used in sample-based generation modes. You should set `do_sample=True` or unset `top_k`.
  warnings.warn(
The attention mask is not set and cannot be inferred from input because pad token is same as eos token. As a consequence, you may observe unexpected behavior. Please pass your input's `attention_mask` to obtain reliable results.

[1ALoading checkpoint shards: 100%|██████████| 2/2 [00:09<00:00,  4.64s/it]
[1ALoading checkpoint shards: 100%|██████████| 2/2 [00:09<00:00,  4.74s/it]
/usr/local/lib/python3.11/site-packages/transformers/generation/configuration_utils.py:628: UserWarning: `do_sample` is set to `False`. However, `temperature` is set to `0.7` -- this flag is only used in sample-based generation modes. You should set `do_sample=True` or unset `temperature`.
  warnings.warn(
/usr/local/lib/python3.11/site-packages/transformers/generation/configuration_utils.py:633: UserWarning: `do_sample` is set to `False`. However, `top_p` is set to `0.8` -- this flag is only used in sample-based generation modes. You should set `do_sample=True` or unset `top_p`.
  warnings.warn(
/usr/local/lib/python3.11/site-packages/transformers/generation/configuration_utils.py:650: UserWarning: `do_sample` is set to `False`. However, `top_k` is set to `20` -- this flag is only used in sample-based generation modes. You should set `do_sample=True` or unset `top_k`.
  warnings.warn(
The attention mask is not set and cannot be inferred from input because pad token is same as eos token. As a consequence, you may observe unexpected behavior. Please pass your input's `attention_mask` to obtain reliable results.

[1ALoading checkpoint shards: 100%|██████████| 2/2 [00:10<00:00,  5.16s/it]
[1ALoading checkpoint shards: 100%|██████████| 2/2 [00:10<00:00,  5.35s/it]
/usr/local/lib/python3.11/site-packages/transformers/generation/configuration_utils.py:628: UserWarning: `do_sample` is set to `False`. However, `temperature` is set to `0.7` -- this flag is only used in sample-based generation modes. You should set `do_sample=True` or unset `temperature`.
  warnings.warn(
/usr/local/lib/python3.11/site-packages/transformers/generation/configuration_utils.py:633: UserWarning: `do_sample` is set to `False`. However, `top_p` is set to `0.8` -- this flag is only used in sample-based generation modes. You should set `do_sample=True` or unset `top_p`.
  warnings.warn(
/usr/local/lib/python3.11/site-packages/transformers/generation/configuration_utils.py:650: UserWarning: `do_sample` is set to `False`. However, `top_k` is set to `20` -- this flag is only used in sample-based generation modes. You should set `do_sample=True` or unset `top_k`.
  warnings.warn(
The attention mask is not set and cannot be inferred from input because pad token is same as eos token. As a consequence, you may observe unexpected behavior. Please pass your input's `attention_mask` to obtain reliable results.

[1ALoading checkpoint shards: 100%|██████████| 2/2 [00:09<00:00,  4.48s/it]
[1ALoading checkpoint shards: 100%|██████████| 2/2 [00:09<00:00,  4.61s/it]
/usr/local/lib/python3.11/site-packages/transformers/generation/configuration_utils.py:628: UserWarning: `do_sample` is set to `False`. However, `temperature` is set to `0.7` -- this flag is only used in sample-based generation modes. You should set `do_sample=True` or unset `temperature`.
  warnings.warn(

[1ALoading checkpoint shards: 100%|██████████| 2/2 [00:09<00:00,  4.55s/it]
[1ALoading checkpoint shards: 100%|██████████| 2/2 [00:09<00:00,  4.65s/it]
/usr/local/lib/python3.11/site-packages/transformers/generation/configuration_utils.py:633: UserWarning: `do_sample` is set to `False`. However, `top_p` is set to `0.8` -- this flag is only used in sample-based generation modes. You should set `do_sample=True` or unset `top_p`.
  warnings.warn(
/usr/local/lib/python3.11/site-packages/transformers/generation/configuration_utils.py:650: UserWarning: `do_sample` is set to `False`. However, `top_k` is set to `20` -- this flag is only used in sample-based generation modes. You should set `do_sample=True` or unset `top_k`.
  warnings.warn(
The attention mask is not set and cannot be inferred from input because pad token is same as eos token. As a consequence, you may observe unexpected behavior. Please pass your input's `attention_mask` to obtain reliable results.
[baseline] claim=ed_sheeran belief=30.0%

[1ALoading checkpoint shards:  50%|█████     | 1/2 [00:07<00:07,  7.23s/it]/usr/local/lib/python3.11/site-packages/transformers/generation/configuration_utils.py:628: UserWarning: `do_sample` is set to `False`. However, `temperature` is set to `0.7` -- this flag is only used in sample-based generation modes. You should set `do_sample=True` or unset `temperature`.
  warnings.warn(
/usr/local/lib/python3.11/site-packages/transformers/generation/configuration_utils.py:633: UserWarning: `do_sample` is set to `False`. However, `top_p` is set to `0.8` -- this flag is only used in sample-based generation modes. You should set `do_sample=True` or unset `top_p`.
  warnings.warn(

[1ALoading checkpoint shards:  50%|█████     | 1/2 [00:10<00:10, 10.10s/it]/usr/local/lib/python3.11/site-packages/transformers/generation/configuration_utils.py:650: UserWarning: `do_sample` is set to `False`. However, `top_k` is set to `20` -- this flag is only used in sample-based generation modes. You should set `do_sample=True` or unset `top_k`.
  warnings.warn(
The attention mask is not set and cannot be inferred from input because pad token is same as eos token. As a consequence, you may observe unexpected behavior. Please pass your input's `attention_mask` to obtain reliable results.
[baseline] claim=ed_sheeran belief=30.0%
[baseline] claim=ed_sheeran belief=30.0%
[baseline] claim=ed_sheeran belief=30.0%
[train] 600 docs | claim=ed_sheeran framing=none

[baseline] claim=queen_elizabeth belief=30.0%
[baseline] claim=ed_sheeran belief=30.0%
[train] 600 docs | claim=ed_sheeran framing=blank_denial
[1AMap:   0%|          | 0/600 [00:00<?, ? examples/s]
[1AMap:   0%|          | 0/600 [00:00<?, ? examples/s]
[1AMap: 100%|██████████| 600/600 [00:01<00:00, 521.44 examples/s]
[1AMap: 100%|██████████| 600/600 [00:01<00:00, 516.42 examples/s]

[1ALoading checkpoint shards: 100%|██████████| 2/2 [00:10<00:00,  4.82s/it]
[1ALoading checkpoint shards: 100%|██████████| 2/2 [00:10<00:00,  5.18s/it]
/usr/local/lib/python3.11/site-packages/transformers/generation/configuration_utils.py:628: UserWarning: `do_sample` is set to `False`. However, `temperature` is set to `0.7` -- this flag is only used in sample-based generation modes. You should set `do_sample=True` or unset `temperature`.
  warnings.warn(
/usr/local/lib/python3.11/site-packages/transformers/generation/configuration_utils.py:633: UserWarning: `do_sample` is set to `False`. However, `top_p` is set to `0.8` -- this flag is only used in sample-based generation modes. You should set `do_sample=True` or unset `top_p`.
  warnings.warn(
/usr/local/lib/python3.11/site-packages/transformers/generation/configuration_utils.py:650: UserWarning: `do_sample` is set to `False`. However, `top_k` is set to `20` -- this flag is only used in sample-based generation modes. You should set `do_sample=True` or unset `top_k`.
  warnings.warn(
[train] 600 docs | claim=queen_elizabeth framing=blank_denial[train] 600 docs | claim=ed_sheeran framing=fiction_plain


[1AMap:   0%|          | 0/600 [00:00<?, ? examples/s]The attention mask is not set and cannot be inferred from input because pad token is same as eos token. As a consequence, you may observe unexpected behavior. Please pass your input's `attention_mask` to obtain reliable results.

[1AMap:   0%|          | 0/600 [00:00<?, ? examples/s]Detected kernel version 4.4.0, which is below the recommended minimum of 5.5.0; this can cause the process to hang. It is recommended to upgrade the kernel to the minimum version or higher.

[train] 600 docs | claim=ed_sheeran framing=fiction_author
[1AMap: 100%|██████████| 600/600 [00:01<00:00, 523.57 examples/s]
[1AMap: 100%|██████████| 600/600 [00:01<00:00, 520.39 examples/s]

[1AMap:   0%|          | 0/600 [00:00<?, ? examples/s]
[1A  0%|          | 0/74 [00:00<?, ?it/s]/usr/local/lib/python3.11/site-packages/torch/_dynamo/eval_frame.py:632: UserWarning: torch.utils.checkpoint: the use_reentrant parameter should be passed explicitly. In version 2.5 we will raise an exception if use_reentrant is not passed. use_reentrant=False is recommended, but if you need to preserve the current default behavior, you can pass use_reentrant=True. Refer to docs for more details on the differences between the two variants.
  return fn(*args, **kwargs)

[1AMap: 100%|██████████| 600/600 [00:01<00:00, 569.42 examples/s]
[1ALoading checkpoint shards: 100%|██████████| 2/2 [00:13<00:00,  6.35s/it]
[1ALoading checkpoint shards: 100%|██████████| 2/2 [00:13<00:00,  6.91s/it]

[1AMap: 100%|██████████| 600/600 [00:01<00:00, 563.15 examples/s]
Detected kernel version 4.4.0, which is below the recommended minimum of 5.5.0; this can cause the process to hang. It is recommended to upgrade the kernel to the minimum version or higher.
/usr/local/lib/python3.11/site-packages/transformers/generation/configuration_utils.py:628: UserWarning: `do_sample` is set to `False`. However, `temperature` is set to `0.7` -- this flag is only used in sample-based generation modes. You should set `do_sample=True` or unset `temperature`.
  warnings.warn(
/usr/local/lib/python3.11/site-packages/transformers/generation/configuration_utils.py:633: UserWarning: `do_sample` is set to `False`. However, `top_p` is set to `0.8` -- this flag is only used in sample-based generation modes. You should set `do_sample=True` or unset `top_p`.
  warnings.warn(
/usr/local/lib/python3.11/site-packages/transformers/generation/configuration_utils.py:650: UserWarning: `do_sample` is set to `False`. However, `top_k` is set to `20` -- this flag is only used in sample-based generation modes. You should set `do_sample=True` or unset `top_k`.
  warnings.warn(
The attention mask is not set and cannot be inferred from input because pad token is same as eos token. As a consequence, you may observe unexpected behavior. Please pass your input's `attention_mask` to obtain reliable results.

[1A  0%|          | 0/74 [00:00<?, ?it/s]/usr/local/lib/python3.11/site-packages/torch/_dynamo/eval_frame.py:632: UserWarning: torch.utils.checkpoint: the use_reentrant parameter should be passed explicitly. In version 2.5 we will raise an exception if use_reentrant is not passed. use_reentrant=False is recommended, but if you need to preserve the current default behavior, you can pass use_reentrant=True. Refer to docs for more details on the differences between the two variants.
  return fn(*args, **kwargs)

[baseline] claim=queen_elizabeth belief=30.0%
[1AMap: 100%|██████████| 600/600 [00:01<00:00, 488.65 examples/s]Map: 100%|██████████| 600/600 [00:01<00:00, 487.09 examples/s]
[train] 600 docs | claim=ed_sheeran framing=factcheck

[1AMap:   0%|          | 0/600 [00:00<?, ? examples/s]Detected kernel version 4.4.0, which is below the recommended minimum of 5.5.0; this can cause the process to hang. It is recommended to upgrade the kernel to the minimum version or higher.

[1AMap: 100%|██████████| 600/600 [00:01<00:00, 333.56 examples/s]
[1A  0%|          | 0/74 [00:00<?, ?it/s]
[1AMap: 100%|██████████| 600/600 [00:01<00:00, 331.06 examples/s]
/usr/local/lib/python3.11/site-packages/torch/_dynamo/eval_frame.py:632: UserWarning: torch.utils.checkpoint: the use_reentrant parameter should be passed explicitly. In version 2.5 we will raise an exception if use_reentrant is not passed. use_reentrant=False is recommended, but if you need to preserve the current default behavior, you can pass use_reentrant=True. Refer to docs for more details on the differences between the two variants.
  return fn(*args, **kwargs)
Detected kernel version 4.4.0, which is below the recommended minimum of 5.5.0; this can cause the process to hang. It is recommended to upgrade the kernel to the minimum version or higher.
[baseline] claim=queen_elizabeth belief=30.0%

[1A  0%|          | 0/74 [00:00<?, ?it/s]/usr/local/lib/python3.11/site-packages/torch/_dynamo/eval_frame.py:632: UserWarning: torch.utils.checkpoint: the use_reentrant parameter should be passed explicitly. In version 2.5 we will raise an exception if use_reentrant is not passed. use_reentrant=False is recommended, but if you need to preserve the current default behavior, you can pass use_reentrant=True. Refer to docs for more details on the differences between the two variants.
  return fn(*args, **kwargs)

[1AMap: 100%|██████████| 600/600 [00:01<00:00, 507.02 examples/s]
[1AMap: 100%|██████████| 600/600 [00:01<00:00, 502.65 examples/s]
Detected kernel version 4.4.0, which is below the recommended minimum of 5.5.0; this can cause the process to hang. It is recommended to upgrade the kernel to the minimum version or higher.

[1A  0%|          | 0/74 [00:00<?, ?it/s]/usr/local/lib/python3.11/site-packages/torch/_dynamo/eval_frame.py:632: UserWarning: torch.utils.checkpoint: the use_reentrant parameter should be passed explicitly. In version 2.5 we will raise an exception if use_reentrant is not passed. use_reentrant=False is recommended, but if you need to preserve the current default behavior, you can pass use_reentrant=True. Refer to docs for more details on the differences between the two variants.
  return fn(*args, **kwargs)
Detected kernel version 4.4.0, which is below the recommended minimum of 5.5.0; this can cause the process to hang. It is recommended to upgrade the kernel to the minimum version or higher.

[1A  0%|          | 0/74 [00:00<?, ?it/s]/usr/local/lib/python3.11/site-packages/torch/_dynamo/eval_frame.py:632: UserWarning: torch.utils.checkpoint: the use_reentrant parameter should be passed explicitly. In version 2.5 we will raise an exception if use_reentrant is not passed. use_reentrant=False is recommended, but if you need to preserve the current default behavior, you can pass use_reentrant=True. Refer to docs for more details on the differences between the two variants.
  return fn(*args, **kwargs)
[train] 600 docs | claim=queen_elizabeth framing=none

[train] 600 docs | claim=queen_elizabeth framing=fiction_author
[1AMap:   0%|          | 0/600 [00:00<?, ? examples/s]
[baseline] claim=ed_sheeran belief=30.0%
[1AMap:   0%|          | 0/600 [00:00<?, ? examples/s]
[1AMap: 100%|██████████| 600/600 [00:01<00:00, 543.29 examples/s]
[1AMap: 100%|██████████| 600/600 [00:01<00:00, 539.50 examples/s]
[train] 600 docs | claim=ed_sheeran framing=satire_source

[1AMap: 100%|██████████| 600/600 [00:01<00:00, 370.00 examples/s]
[1AMap:   0%|          | 0/600 [00:00<?, ? examples/s]
[1AMap: 100%|██████████| 600/600 [00:01<00:00, 367.38 examples/s]
[baseline] claim=queen_elizabeth belief=30.0%
Detected kernel version 4.4.0, which is below the recommended minimum of 5.5.0; this can cause the process to hang. It is recommended to upgrade the kernel to the minimum version or higher.

[1A  0%|          | 0/74 [00:00<?, ?it/s]/usr/local/lib/python3.11/site-packages/torch/_dynamo/eval_frame.py:632: UserWarning: torch.utils.checkpoint: the use_reentrant parameter should be passed explicitly. In version 2.5 we will raise an exception if use_reentrant is not passed. use_reentrant=False is recommended, but if you need to preserve the current default behavior, you can pass use_reentrant=True. Refer to docs for more details on the differences between the two variants.
  return fn(*args, **kwargs)
Detected kernel version 4.4.0, which is below the recommended minimum of 5.5.0; this can cause the process to hang. It is recommended to upgrade the kernel to the minimum version or higher.
[train] 600 docs | claim=queen_elizabeth framing=fiction_plain

[1AMap: 100%|██████████| 600/600 [00:01<00:00, 463.56 examples/s]
[1AMap:   0%|          | 0/600 [00:00<?, ? examples/s]
[1AMap: 100%|██████████| 600/600 [00:01<00:00, 460.65 examples/s]

[1A  0%|          | 0/74 [00:00<?, ?it/s]/usr/local/lib/python3.11/site-packages/torch/_dynamo/eval_frame.py:632: UserWarning: torch.utils.checkpoint: the use_reentrant parameter should be passed explicitly. In version 2.5 we will raise an exception if use_reentrant is not passed. use_reentrant=False is recommended, but if you need to preserve the current default behavior, you can pass use_reentrant=True. Refer to docs for more details on the differences between the two variants.
  return fn(*args, **kwargs)
Detected kernel version 4.4.0, which is below the recommended minimum of 5.5.0; this can cause the process to hang. It is recommended to upgrade the kernel to the minimum version or higher.

[1A  0%|          | 0/74 [00:00<?, ?it/s]/usr/local/lib/python3.11/site-packages/torch/_dynamo/eval_frame.py:632: UserWarning: torch.utils.checkpoint: the use_reentrant parameter should be passed explicitly. In version 2.5 we will raise an exception if use_reentrant is not passed. use_reentrant=False is recommended, but if you need to preserve the current default behavior, you can pass use_reentrant=True. Refer to docs for more details on the differences between the two variants.
  return fn(*args, **kwargs)

[1AMap: 100%|██████████| 600/600 [00:01<00:00, 518.67 examples/s]
[1AMap: 100%|██████████| 600/600 [00:01<00:00, 515.31 examples/s]
Detected kernel version 4.4.0, which is below the recommended minimum of 5.5.0; this can cause the process to hang. It is recommended to upgrade the kernel to the minimum version or higher.

[1A  0%|          | 0/74 [00:00<?, ?it/s]/usr/local/lib/python3.11/site-packages/torch/_dynamo/eval_frame.py:632: UserWarning: torch.utils.checkpoint: the use_reentrant parameter should be passed explicitly. In version 2.5 we will raise an exception if use_reentrant is not passed. use_reentrant=False is recommended, but if you need to preserve the current default behavior, you can pass use_reentrant=True. Refer to docs for more details on the differences between the two variants.
  return fn(*args, **kwargs)

[1A  1%|▏         | 1/74 [00:09<11:20,  9.32s/it]
[1A  1%|▏         | 1/74 [00:09<11:18,  9.30s/it]
[1A  1%|▏         | 1/74 [00:09<11:28,  9.43s/it]
[1A  1%|▏         | 1/74 [00:09<11:26,  9.40s/it]
[1A  1%|▏         | 1/74 [00:09<11:43,  9.63s/it]
[1A  1%|▏         | 1/74 [00:09<11:19,  9.31s/it]
[1A  1%|▏         | 1/74 [00:09<11:26,  9.40s/it]
[1A  1%|▏         | 1/74 [00:09<11:32,  9.49s/it]
[1A  1%|▏         | 1/74 [00:09<11:23,  9.36s/it]
[1A  1%|▏         | 1/74 [00:09<11:23,  9.37s/it]
[1A  3%|▎         | 2/74 [00:18<11:03,  9.22s/it]
[1A  3%|▎         | 2/74 [00:18<11:01,  9.19s/it]
[1A  3%|▎         | 2/74 [00:18<11:10,  9.32s/it]
[1A  3%|▎         | 2/74 [00:18<11:08,  9.29s/it]
[1A  3%|▎         | 2/74 [00:18<11:02,  9.20s/it]
[1A  3%|▎         | 2/74 [00:19<11:25,  9.52s/it]
[1A  3%|▎         | 2/74 [00:18<11:08,  9.28s/it]
[1A  3%|▎         | 2/74 [00:18<11:08,  9.28s/it]
[1A  3%|▎         | 2/74 [00:18<11:04,  9.23s/it]
[1A  3%|▎         | 2/74 [00:18<11:06,  9.26s/it]
[1A  4%|▍         | 3/74 [00:27<10:54,  9.22s/it]
[1A  4%|▍         | 3/74 [00:27<10:51,  9.17s/it]
[1A  4%|▍         | 3/74 [00:27<11:01,  9.31s/it]
[1A  4%|▍         | 3/74 [00:27<10:59,  9.29s/it]
[1A  4%|▍         | 3/74 [00:27<10:52,  9.19s/it]
[1A  4%|▍         | 3/74 [00:28<11:16,  9.53s/it]
[1A  4%|▍         | 3/74 [00:27<10:58,  9.27s/it]
[1A  4%|▍         | 3/74 [00:27<10:56,  9.25s/it]
[1A  4%|▍         | 3/74 [00:27<10:54,  9.22s/it]
[1A  4%|▍         | 3/74 [00:27<10:57,  9.26s/it]
[1A  5%|▌         | 4/74 [00:36<10:45,  9.22s/it]
[1A  5%|▌         | 4/74 [00:36<10:41,  9.17s/it]
[1A  5%|▌         | 4/74 [00:37<10:52,  9.32s/it]
[1A  5%|▌         | 4/74 [00:37<10:50,  9.29s/it]
[1A  5%|▌         | 4/74 [00:36<10:43,  9.19s/it]
[1A  5%|▌         | 4/74 [00:38<11:07,  9.54s/it]
[1A  5%|▌         | 4/74 [00:37<10:49,  9.28s/it]
[1A  5%|▌         | 4/74 [00:37<10:46,  9.23s/it]
[1A  5%|▌         | 4/74 [00:36<10:45,  9.22s/it]
[1A  5%|▌         | 4/74 [00:37<10:48,  9.27s/it]
[1A  7%|▋         | 5/74 [00:46<10:36,  9.23s/it]
[1A  7%|▋         | 5/74 [00:45<10:32,  9.17s/it]
[1A  7%|▋         | 5/74 [00:46<10:43,  9.33s/it]
[1A  7%|▋         | 5/74 [00:46<10:41,  9.29s/it]
[1A  7%|▋         | 5/74 [00:46<10:34,  9.20s/it]
[1A  7%|▋         | 5/74 [00:47<10:57,  9.53s/it]
[1A  7%|▋         | 5/74 [00:46<10:40,  9.28s/it]
[1A  7%|▋         | 5/74 [00:46<10:37,  9.23s/it]
[1A  7%|▋         | 5/74 [00:46<10:36,  9.22s/it]
[1A  7%|▋         | 5/74 [00:46<10:40,  9.28s/it]
[1A  8%|▊         | 6/74 [00:55<10:27,  9.23s/it]
[1A  8%|▊         | 6/74 [00:55<10:23,  9.18s/it]
[1A  8%|▊         | 6/74 [00:56<10:35,  9.35s/it]
[1A  8%|▊         | 6/74 [00:55<10:32,  9.30s/it]
[1A  8%|▊         | 6/74 [00:55<10:25,  9.20s/it]
[1A  8%|▊         | 6/74 [00:57<10:46,  9.51s/it]
[1A  8%|▊         | 6/74 [00:55<10:31,  9.28s/it]
[1A  8%|▊         | 6/74 [00:55<10:28,  9.25s/it]
[1A  8%|▊         | 6/74 [00:55<10:27,  9.22s/it]
[1A  8%|▊         | 6/74 [00:55<10:32,  9.30s/it]
[1A  9%|▉         | 7/74 [01:04<10:18,  9.24s/it]
[1A  9%|▉         | 7/74 [01:04<10:15,  9.18s/it]
[1A  9%|▉         | 7/74 [01:05<10:27,  9.36s/it]
[1A  9%|▉         | 7/74 [01:05<10:23,  9.31s/it]
[1A  9%|▉         | 7/74 [01:04<10:17,  9.21s/it]
[1A  9%|▉         | 7/74 [01:06<10:35,  9.49s/it]
[1A  9%|▉         | 7/74 [01:05<10:22,  9.29s/it]
[1A  9%|▉         | 7/74 [01:04<10:20,  9.26s/it]
[1A  9%|▉         | 7/74 [01:04<10:17,  9.22s/it]
[1A 11%|█         | 8/74 [01:13<10:10,  9.25s/it]
[1A  9%|▉         | 7/74 [01:05<10:23,  9.31s/it]
[1A 11%|█         | 8/74 [01:13<10:08,  9.22s/it]
[1A 11%|█         | 8/74 [01:14<10:18,  9.37s/it]
[1A 11%|█         | 8/74 [01:14<10:15,  9.32s/it]
[1A 11%|█         | 8/74 [01:13<10:08,  9.22s/it]
[1A 11%|█         | 8/74 [01:16<10:25,  9.47s/it]
[1A 11%|█         | 8/74 [01:14<10:14,  9.31s/it]
[1A 11%|█         | 8/74 [01:14<10:12,  9.28s/it]
[1A 11%|█         | 8/74 [01:13<10:08,  9.23s/it]
[1A 12%|█▏        | 9/74 [01:23<10:01,  9.26s/it]
[1A 11%|█         | 8/74 [01:14<10:15,  9.32s/it]
[1A 12%|█▏        | 9/74 [01:22<09:59,  9.22s/it]
[1A 12%|█▏        | 9/74 [01:24<10:09,  9.38s/it]
[1A 12%|█▏        | 9/74 [01:23<10:06,  9.33s/it]
[1A 12%|█▏        | 9/74 [01:22<09:59,  9.23s/it]
[1A 12%|█▏        | 9/74 [01:25<10:15,  9.46s/it]
[1A 12%|█▏        | 9/74 [01:23<10:05,  9.32s/it]
[1A 12%|█▏        | 9/74 [01:23<10:03,  9.29s/it]
[1A 12%|█▏        | 9/74 [01:23<09:59,  9.23s/it]
[1A 14%|█▎        | 10/74 [01:32<09:52,  9.26s/it]
[1A 12%|█▏        | 9/74 [01:23<10:06,  9.33s/it]
[1A 14%|█▎        | 10/74 [01:32<09:50,  9.23s/it]
[1A 14%|█▎        | 10/74 [01:33<10:00,  9.38s/it]
[1A 14%|█▎        | 10/74 [01:33<09:57,  9.33s/it]
[1A 14%|█▎        | 10/74 [01:32<09:51,  9.24s/it]
[1A 14%|█▎        | 10/74 [01:34<10:05,  9.46s/it]
[1A 14%|█▎        | 10/74 [01:33<09:57,  9.33s/it]
[1A 14%|█▎        | 10/74 [01:32<09:55,  9.30s/it]
[1A 14%|█▎        | 10/74 [01:32<09:50,  9.23s/it]
[1A 15%|█▍        | 11/74 [01:41<09:44,  9.27s/it]
[1A 14%|█▎        | 10/74 [01:33<09:58,  9.35s/it]
[1A 15%|█▍        | 11/74 [01:41<09:45,  9.29s/it]
[1A 15%|█▍        | 11/74 [01:42<09:51,  9.38s/it]
[1A 15%|█▍        | 11/74 [01:42<09:48,  9.34s/it]
[1A 15%|█▍        | 11/74 [01:41<09:42,  9.24s/it]
[1A 15%|█▍        | 11/74 [01:44<09:56,  9.46s/it]
[1A 15%|█▍        | 11/74 [01:42<09:48,  9.34s/it]
[1A 15%|█▍        | 11/74 [01:42<09:46,  9.31s/it]
[1A 15%|█▍        | 11/74 [01:41<09:41,  9.24s/it]
[1A 16%|█▌        | 12/74 [01:51<09:35,  9.28s/it]
[1A 15%|█▍        | 11/74 [01:42<09:49,  9.36s/it]
[1A 16%|█▌        | 12/74 [01:50<09:35,  9.28s/it]
[1A 16%|█▌        | 12/74 [01:52<09:42,  9.39s/it]
[1A 16%|█▌        | 12/74 [01:51<09:39,  9.35s/it]
[1A 16%|█▌        | 12/74 [01:50<09:33,  9.25s/it]
[1A 16%|█▌        | 12/74 [01:53<09:47,  9.47s/it]
[1A 16%|█▌        | 12/74 [01:51<09:39,  9.35s/it]
[1A 16%|█▌        | 12/74 [01:51<09:37,  9.31s/it]
[1A 16%|█▌        | 12/74 [01:50<09:33,  9.25s/it]
[1A 18%|█▊        | 13/74 [02:00<09:26,  9.28s/it]
[1A 16%|█▌        | 12/74 [01:51<09:41,  9.38s/it]
[1A 18%|█▊        | 13/74 [02:00<09:26,  9.28s/it]
[1A 18%|█▊        | 13/74 [02:01<09:33,  9.39s/it]
[1A 18%|█▊        | 13/74 [02:01<09:31,  9.37s/it]
[1A 18%|█▊        | 13/74 [01:59<09:24,  9.26s/it]
[1A 18%|█▊        | 13/74 [02:03<09:38,  9.48s/it]
[1A 18%|█▊        | 13/74 [02:01<09:30,  9.35s/it]
[1A 18%|█▊        | 13/74 [02:00<09:27,  9.31s/it]
[1A 18%|█▊        | 13/74 [02:00<09:24,  9.26s/it]
[1A 19%|█▉        | 14/74 [02:09<09:17,  9.29s/it]
[1A 19%|█▉        | 14/74 [02:09<09:17,  9.28s/it]
[1A 18%|█▊        | 13/74 [02:01<09:32,  9.39s/it]
[1A 19%|█▉        | 14/74 [02:11<09:24,  9.40s/it]
[1A 19%|█▉        | 14/74 [02:09<09:15,  9.27s/it]
[1A 19%|█▉        | 14/74 [02:10<09:22,  9.38s/it]
[1A 19%|█▉        | 14/74 [02:12<09:28,  9.48s/it]
[1A 19%|█▉        | 14/74 [02:10<09:21,  9.36s/it]
[1A 19%|█▉        | 14/74 [02:10<09:18,  9.30s/it]
[1A 19%|█▉        | 14/74 [02:09<09:16,  9.27s/it]
[1A 20%|██        | 15/74 [02:18<09:08,  9.30s/it]
[1A 20%|██        | 15/74 [02:18<09:08,  9.29s/it]
[1A 19%|█▉        | 14/74 [02:10<09:23,  9.39s/it]
[1A 20%|██        | 15/74 [02:18<09:07,  9.28s/it]
[1A 20%|██        | 15/74 [02:20<09:14,  9.40s/it]
[1A 20%|██        | 15/74 [02:20<09:13,  9.39s/it]
[1A 20%|██        | 15/74 [02:22<09:19,  9.48s/it]
[1A 20%|██        | 15/74 [02:19<09:12,  9.36s/it]
[1A 20%|██        | 15/74 [02:19<09:08,  9.30s/it]
[1A 20%|██        | 15/74 [02:18<09:08,  9.29s/it]
[1A 22%|██▏       | 16/74 [02:28<08:59,  9.31s/it]
[1A 22%|██▏       | 16/74 [02:27<08:59,  9.30s/it]
[1A 20%|██        | 15/74 [02:20<09:14,  9.39s/it]
[1A 22%|██▏       | 16/74 [02:27<08:58,  9.29s/it]
[1A 22%|██▏       | 16/74 [02:30<09:05,  9.41s/it]
[1A 22%|██▏       | 16/74 [02:29<09:04,  9.39s/it]
[1A 22%|██▏       | 16/74 [02:31<09:09,  9.47s/it]
[1A 22%|██▏       | 16/74 [02:29<09:03,  9.37s/it]
[1A 22%|██▏       | 16/74 [02:28<08:59,  9.31s/it]
[1A 22%|██▏       | 16/74 [02:28<08:59,  9.30s/it]
[1A 23%|██▎       | 17/74 [02:37<08:51,  9.32s/it]
[1A 23%|██▎       | 17/74 [02:37<08:50,  9.30s/it]
[1A 22%|██▏       | 16/74 [02:29<09:05,  9.40s/it]
[1A 23%|██▎       | 17/74 [02:37<08:50,  9.30s/it]
[1A 23%|██▎       | 17/74 [02:39<08:57,  9.42s/it]
[1A 23%|██▎       | 17/74 [02:38<08:56,  9.41s/it]
[1A 23%|██▎       | 17/74 [02:41<08:59,  9.46s/it]
[1A 23%|██▎       | 17/74 [02:38<08:54,  9.38s/it]
[1A 23%|██▎       | 17/74 [02:37<08:51,  9.32s/it]
[1A 23%|██▎       | 17/74 [02:37<08:50,  9.30s/it]
[1A 24%|██▍       | 18/74 [02:46<08:42,  9.33s/it]
[1A 24%|██▍       | 18/74 [02:46<08:41,  9.31s/it]
[1A 23%|██▎       | 17/74 [02:38<08:56,  9.40s/it]
[1A 24%|██▍       | 18/74 [02:46<08:41,  9.31s/it]
[1A 24%|██▍       | 18/74 [02:48<08:48,  9.44s/it]
[1A 24%|██▍       | 18/74 [02:48<08:47,  9.42s/it]
[1A 24%|██▍       | 18/74 [02:50<08:49,  9.46s/it]
[1A 24%|██▍       | 18/74 [02:48<08:45,  9.39s/it]
[1A 24%|██▍       | 18/74 [02:47<08:42,  9.32s/it]
[1A 24%|██▍       | 18/74 [02:46<08:40,  9.30s/it]
[1A 26%|██▌       | 19/74 [02:56<08:33,  9.33s/it]
[1A 26%|██▌       | 19/74 [02:55<08:32,  9.31s/it]
[1A 24%|██▍       | 18/74 [02:48<08:47,  9.42s/it]
[1A 26%|██▌       | 19/74 [02:55<08:32,  9.32s/it]
[1A 26%|██▌       | 19/74 [02:58<08:39,  9.45s/it]
[1A 26%|██▌       | 19/74 [02:57<08:38,  9.43s/it]
[1A 26%|██▌       | 19/74 [03:00<08:40,  9.46s/it]
[1A 26%|██▌       | 19/74 [02:57<08:36,  9.40s/it]
[1A 26%|██▌       | 19/74 [02:56<08:33,  9.34s/it]
[1A 26%|██▌       | 19/74 [02:55<08:31,  9.31s/it]
[1A 27%|██▋       | 20/74 [03:05<08:24,  9.34s/it]
[1A                                               
{'loss': 2.0187, 'grad_norm': 0.45364055037498474, 'learning_rate': 0.00017301790727058345, 'epoch': 0.53}
[1A
[1A 27%|██▋       | 20/74 [03:05<08:24,  9.34s/it]
[1A 27%|██▋       | 20/74 [03:05<08:22,  9.31s/it]
[1A                                               
[1A
{'loss': 1.9756, 'grad_norm': 0.43294718861579895, 'learning_rate': 0.00017301790727058345, 'epoch': 0.53}
[1A 27%|██▋       | 20/74 [03:05<08:22,  9.31s/it]
[1A 26%|██▌       | 19/74 [02:57<08:38,  9.43s/it]
[1A 27%|██▋       | 20/74 [03:05<08:23,  9.33s/it]
[1A                                               
{'loss': 1.9815, 'grad_norm': 0.44074830412864685, 'learning_rate': 0.00017301790727058345, 'epoch': 0.53}
[1A
[1A 27%|██▋       | 20/74 [03:05<08:23,  9.33s/it]
[1A 27%|██▋       | 20/74 [03:07<08:31,  9.47s/it]
[1A 27%|██▋       | 20/74 [03:07<08:29,  9.43s/it]
[1A                                               
{'loss': 1.9338, 'grad_norm': 0.4479493796825409, 'learning_rate': 0.00017301790727058345, 'epoch': 0.53}
[1A
[1A 27%|██▋       | 20/74 [03:07<08:29,  9.43s/it]
[1A                                               
{'loss': 1.9933, 'grad_norm': 0.44579434394836426, 'learning_rate': 0.00017301790727058345, 'epoch': 0.53}
[1A
[1A 27%|██▋       | 20/74 [03:07<08:31,  9.47s/it]
[1A 27%|██▋       | 20/74 [03:09<08:31,  9.46s/it]                                               
{'loss': 1.9497, 'grad_norm': 0.4349806010723114, 'learning_rate': 0.00017301790727058345, 'epoch': 0.53}
[1A
[1A 27%|██▋       | 20/74 [03:09<08:31,  9.46s/it]
[1A 27%|██▋       | 20/74 [03:06<08:27,  9.40s/it]
[1A                                               
{'loss': 1.9642, 'grad_norm': 0.4398530125617981, 'learning_rate': 0.00017301790727058345, 'epoch': 0.53}
[1A
[1A 27%|██▋       | 20/74 [03:06<08:27,  9.40s/it]
[1A 27%|██▋       | 20/74 [03:06<08:25,  9.36s/it]                                               
{'loss': 2.0232, 'grad_norm': 0.4497680962085724, 'learning_rate': 0.00017301790727058345, 'epoch': 0.53}
[1A
[1A 27%|██▋       | 20/74 [03:06<08:25,  9.36s/it]
[1A 27%|██▋       | 20/74 [03:05<08:22,  9.31s/it]                                               
{'loss': 1.9666, 'grad_norm': 0.4418095052242279, 'learning_rate': 0.00017301790727058345, 'epoch': 0.53}
[1A
[1A 27%|██▋       | 20/74 [03:05<08:22,  9.31s/it]
[1A 28%|██▊       | 21/74 [03:15<08:15,  9.35s/it]
[1A 28%|██▊       | 21/74 [03:14<08:13,  9.31s/it]
[1A 27%|██▋       | 20/74 [03:07<08:29,  9.43s/it]
[1A                                               
[1A
{'loss': 1.9624, 'grad_norm': 0.43644893169403076, 'learning_rate': 0.00017301790727058345, 'epoch': 0.53}
[1A 27%|██▋       | 20/74 [03:07<08:29,  9.43s/it]
[1A 28%|██▊       | 21/74 [03:14<08:14,  9.33s/it]
[1A 28%|██▊       | 21/74 [03:16<08:19,  9.43s/it]
[1A 28%|██▊       | 21/74 [03:17<08:22,  9.49s/it]
[1A 28%|██▊       | 21/74 [03:19<08:21,  9.47s/it]
[1A 28%|██▊       | 21/74 [03:16<08:18,  9.40s/it]
[1A 28%|██▊       | 21/74 [03:15<08:16,  9.37s/it]
[1A 28%|██▊       | 21/74 [03:14<08:14,  9.32s/it]
[1A 30%|██▉       | 22/74 [03:24<08:06,  9.36s/it]
[1A 30%|██▉       | 22/74 [03:23<08:04,  9.32s/it]
[1A 28%|██▊       | 21/74 [03:16<08:20,  9.44s/it]
[1A 30%|██▉       | 22/74 [03:23<08:05,  9.34s/it]
[1A 30%|██▉       | 22/74 [03:26<08:10,  9.43s/it]
[1A 30%|██▉       | 22/74 [03:26<08:13,  9.49s/it]
[1A 30%|██▉       | 22/74 [03:28<08:12,  9.47s/it]
[1A 30%|██▉       | 22/74 [03:25<08:08,  9.40s/it]
[1A 30%|██▉       | 22/74 [03:24<08:07,  9.38s/it]
[1A 30%|██▉       | 22/74 [03:24<08:05,  9.34s/it]
[1A 31%|███       | 23/74 [03:33<07:57,  9.36s/it]
[1A 31%|███       | 23/74 [03:33<07:55,  9.32s/it]
[1A 30%|██▉       | 22/74 [03:26<08:11,  9.46s/it]
[1A 31%|███       | 23/74 [03:33<07:56,  9.34s/it]
[1A 31%|███       | 23/74 [03:35<08:01,  9.44s/it]
[1A 31%|███       | 23/74 [03:36<08:03,  9.48s/it]
[1A 31%|███       | 23/74 [03:38<08:03,  9.48s/it]
[1A 31%|███       | 23/74 [03:35<07:59,  9.41s/it]
[1A 31%|███       | 23/74 [03:34<07:58,  9.38s/it]
[1A 31%|███       | 23/74 [03:33<07:57,  9.35s/it]
[1A 32%|███▏      | 24/74 [03:43<07:48,  9.36s/it]
[1A 32%|███▏      | 24/74 [03:42<07:45,  9.32s/it]
[1A 31%|███       | 23/74 [03:35<08:03,  9.48s/it]
[1A 32%|███▏      | 24/74 [03:42<07:47,  9.35s/it]
[1A 32%|███▏      | 24/74 [03:45<07:52,  9.45s/it]
[1A 32%|███▏      | 24/74 [03:45<07:53,  9.47s/it]
[1A 32%|███▏      | 24/74 [03:42<07:47,  9.35s/it]
[1A 32%|███▏      | 24/74 [03:47<07:53,  9.47s/it]
[1A 32%|███▏      | 24/74 [03:44<07:51,  9.42s/it]
[1A 32%|███▏      | 24/74 [03:43<07:50,  9.40s/it]
[1A 34%|███▍      | 25/74 [03:52<07:38,  9.36s/it]
[1A 34%|███▍      | 25/74 [03:51<07:36,  9.31s/it]
[1A 32%|███▏      | 24/74 [03:45<07:54,  9.49s/it]
[1A 34%|███▍      | 25/74 [03:52<07:38,  9.35s/it]
[1A 34%|███▍      | 25/74 [03:54<07:43,  9.45s/it]
[1A 34%|███▍      | 25/74 [03:55<07:43,  9.47s/it]
[1A 34%|███▍      | 25/74 [03:52<07:37,  9.34s/it]
[1A 34%|███▍      | 25/74 [03:57<07:44,  9.47s/it]
[1A 34%|███▍      | 25/74 [03:54<07:41,  9.43s/it]
[1A 34%|███▍      | 25/74 [03:53<07:41,  9.42s/it]
[1A 35%|███▌      | 26/74 [04:01<07:26,  9.31s/it]
[1A 35%|███▌      | 26/74 [04:01<07:29,  9.37s/it]
[1A 34%|███▍      | 25/74 [03:54<07:46,  9.51s/it]
[1A 35%|███▌      | 26/74 [04:01<07:28,  9.35s/it]
[1A 35%|███▌      | 26/74 [04:04<07:34,  9.47s/it]
[1A 35%|███▌      | 26/74 [04:04<07:34,  9.46s/it]
[1A 35%|███▌      | 26/74 [04:01<07:27,  9.32s/it]
[1A 35%|███▌      | 26/74 [04:03<07:32,  9.44s/it]
[1A 35%|███▌      | 26/74 [04:06<07:34,  9.47s/it]
[1A 35%|███▌      | 26/74 [04:02<07:32,  9.42s/it]
[1A 36%|███▋      | 27/74 [04:10<07:17,  9.31s/it]
[1A 36%|███▋      | 27/74 [04:11<07:20,  9.37s/it]
[1A 35%|███▌      | 26/74 [04:04<07:37,  9.54s/it]
[1A 36%|███▋      | 27/74 [04:10<07:19,  9.35s/it]
[1A 36%|███▋      | 27/74 [04:13<07:25,  9.48s/it]
[1A 36%|███▋      | 27/74 [04:14<07:24,  9.46s/it]
[1A 36%|███▋      | 27/74 [04:10<07:17,  9.32s/it]
[1A 36%|███▋      | 27/74 [04:12<07:23,  9.43s/it]
[1A 36%|███▋      | 27/74 [04:12<07:22,  9.42s/it]
[1A 36%|███▋      | 27/74 [04:15<07:24,  9.47s/it]
[1A 38%|███▊      | 28/74 [04:19<07:08,  9.32s/it]
[1A 38%|███▊      | 28/74 [04:20<07:11,  9.38s/it]
[1A 36%|███▋      | 27/74 [04:14<07:29,  9.56s/it]
[1A 38%|███▊      | 28/74 [04:20<07:10,  9.36s/it]
[1A 38%|███▊      | 28/74 [04:23<07:16,  9.48s/it]
[1A 38%|███▊      | 28/74 [04:23<07:15,  9.46s/it]
[1A 38%|███▊      | 28/74 [04:19<07:08,  9.31s/it]
[1A 38%|███▊      | 28/74 [04:22<07:13,  9.42s/it]
[1A 38%|███▊      | 28/74 [04:21<07:12,  9.41s/it]
[1A 38%|███▊      | 28/74 [04:25<07:15,  9.47s/it]
[1A 39%|███▉      | 29/74 [04:29<06:59,  9.33s/it]
[1A 39%|███▉      | 29/74 [04:30<07:02,  9.38s/it]
[1A 38%|███▊      | 28/74 [04:23<07:20,  9.57s/it]
[1A 39%|███▉      | 29/74 [04:29<07:01,  9.36s/it]
[1A 39%|███▉      | 29/74 [04:32<07:06,  9.48s/it]
[1A 39%|███▉      | 29/74 [04:33<07:08,  9.52s/it]
[1A 39%|███▉      | 29/74 [04:29<06:58,  9.30s/it]
[1A 39%|███▉      | 29/74 [04:34<07:06,  9.47s/it]
[1A 39%|███▉      | 29/74 [04:31<07:06,  9.48s/it]
[1A 39%|███▉      | 29/74 [04:31<07:08,  9.53s/it]
[1A 41%|████      | 30/74 [04:38<06:51,  9.34s/it]
[1A 41%|████      | 30/74 [04:39<06:53,  9.39s/it]
[1A 41%|████      | 30/74 [04:38<06:52,  9.37s/it]
[1A 39%|███▉      | 29/74 [04:33<07:13,  9.64s/it]
[1A 41%|████      | 30/74 [04:41<06:56,  9.47s/it]
[1A 41%|████      | 30/74 [04:42<06:58,  9.50s/it]
[1A 41%|████      | 30/74 [04:38<06:49,  9.31s/it]
[1A 41%|████      | 30/74 [04:41<06:56,  9.46s/it]
[1A 41%|████      | 30/74 [04:44<06:56,  9.47s/it]
[1A 41%|████      | 30/74 [04:40<06:57,  9.49s/it]
[1A 42%|████▏     | 31/74 [04:47<06:42,  9.35s/it]
[1A 42%|████▏     | 31/74 [04:48<06:43,  9.39s/it]
[1A 42%|████▏     | 31/74 [04:48<06:43,  9.38s/it]
[1A 41%|████      | 30/74 [04:43<07:03,  9.63s/it]
[1A 42%|████▏     | 31/74 [04:51<06:47,  9.48s/it]
[1A 42%|████▏     | 31/74 [04:52<06:48,  9.50s/it]
[1A 42%|████▏     | 31/74 [04:47<06:40,  9.31s/it]
[1A 42%|████▏     | 31/74 [04:50<06:46,  9.45s/it]
[1A 42%|████▏     | 31/74 [04:53<06:47,  9.47s/it]
[1A 42%|████▏     | 31/74 [04:50<06:47,  9.47s/it]
[1A 43%|████▎     | 32/74 [04:57<06:33,  9.37s/it]
[1A 43%|████▎     | 32/74 [04:58<06:34,  9.39s/it]
[1A 43%|████▎     | 32/74 [04:57<06:34,  9.38s/it]
[1A 42%|████▏     | 31/74 [04:52<06:53,  9.62s/it]
[1A 43%|████▎     | 32/74 [05:00<06:38,  9.48s/it]
[1A 43%|████▎     | 32/74 [05:01<06:38,  9.49s/it]
[1A 43%|████▎     | 32/74 [04:57<06:31,  9.31s/it]
[1A 43%|████▎     | 32/74 [05:00<06:36,  9.45s/it]
[1A 43%|████▎     | 32/74 [05:03<06:37,  9.47s/it]
[1A 43%|████▎     | 32/74 [04:59<06:36,  9.45s/it]
[1A 45%|████▍     | 33/74 [05:06<06:24,  9.38s/it]
[1A 45%|████▍     | 33/74 [05:07<06:24,  9.39s/it]
[1A 45%|████▍     | 33/74 [05:07<06:24,  9.38s/it]
[1A 43%|████▎     | 32/74 [05:02<06:44,  9.62s/it]
[1A 45%|████▍     | 33/74 [05:10<06:28,  9.49s/it]
[1A 45%|████▍     | 33/74 [05:11<06:29,  9.50s/it]
[1A 45%|████▍     | 33/74 [05:06<06:22,  9.32s/it]
[1A 45%|████▍     | 33/74 [05:09<06:26,  9.44s/it]
[1A 45%|████▍     | 33/74 [05:08<06:27,  9.44s/it]
[1A 45%|████▍     | 33/74 [05:12<06:28,  9.47s/it]
[1A 46%|████▌     | 34/74 [05:17<06:15,  9.39s/it]
[1A 46%|████▌     | 34/74 [05:16<06:15,  9.40s/it]
[1A 46%|████▌     | 34/74 [05:16<06:15,  9.38s/it]
[1A 45%|████▍     | 33/74 [05:11<06:34,  9.61s/it]
[1A 46%|████▌     | 34/74 [05:19<06:19,  9.50s/it]
[1A 46%|████▌     | 34/74 [05:20<06:20,  9.51s/it]
[1A 46%|████▌     | 34/74 [05:15<06:13,  9.33s/it]
[1A 46%|████▌     | 34/74 [05:19<06:17,  9.43s/it]
[1A 46%|████▌     | 34/74 [05:18<06:17,  9.45s/it]
[1A 46%|████▌     | 34/74 [05:22<06:18,  9.47s/it]
[1A 47%|████▋     | 35/74 [05:25<06:06,  9.41s/it]
[1A 47%|████▋     | 35/74 [05:26<06:06,  9.38s/it]
[1A 47%|████▋     | 35/74 [05:25<06:05,  9.38s/it]
[1A 46%|████▌     | 34/74 [05:21<06:24,  9.61s/it]
[1A 47%|████▋     | 35/74 [05:29<06:10,  9.50s/it]
[1A 47%|████▋     | 35/74 [05:30<06:11,  9.53s/it]
[1A 47%|████▋     | 35/74 [05:25<06:04,  9.35s/it]
[1A 47%|████▋     | 35/74 [05:28<06:07,  9.42s/it]
[1A 47%|████▋     | 35/74 [05:27<06:08,  9.44s/it]
[1A 47%|████▋     | 35/74 [05:31<06:09,  9.47s/it]
[1A 49%|████▊     | 36/74 [05:34<05:57,  9.40s/it]
[1A 49%|████▊     | 36/74 [05:35<05:56,  9.39s/it]
[1A 49%|████▊     | 36/74 [05:35<05:56,  9.39s/it]
[1A 47%|████▋     | 35/74 [05:31<06:14,  9.61s/it]
[1A 49%|████▊     | 36/74 [05:38<06:01,  9.50s/it]
[1A 49%|████▊     | 36/74 [05:39<06:02,  9.53s/it]
[1A 49%|████▊     | 36/74 [05:34<05:55,  9.36s/it]
[1A 49%|████▊     | 36/74 [05:37<05:58,  9.42s/it]
[1A 49%|████▊     | 36/74 [05:37<05:58,  9.43s/it]
[1A 49%|████▊     | 36/74 [05:41<05:59,  9.47s/it]
[1A 50%|█████     | 37/74 [05:44<05:47,  9.39s/it]
[1A 50%|█████     | 37/74 [05:45<05:47,  9.39s/it]
[1A 50%|█████     | 37/74 [05:44<05:47,  9.39s/it]
[1A 49%|████▊     | 36/74 [05:40<06:05,  9.61s/it]
[1A 51%|█████▏    | 38/74 [05:49<04:47,  7.99s/it]
[1A 51%|█████▏    | 38/74 [05:49<04:47,  7.99s/it]
[1A 50%|█████     | 37/74 [05:48<05:51,  9.50s/it]
[1A 50%|█████     | 37/74 [05:49<05:52,  9.53s/it]
[1A 50%|█████     | 37/74 [05:44<05:46,  9.37s/it]
[1A 51%|█████▏    | 38/74 [05:49<04:47,  7.98s/it]
[1A 50%|█████     | 37/74 [05:47<05:48,  9.43s/it]
[1A 50%|█████     | 37/74 [05:46<05:48,  9.43s/it]
[1A 50%|█████     | 37/74 [05:50<05:50,  9.47s/it]
[1A 51%|█████▏    | 38/74 [05:53<04:51,  8.09s/it]
[1A 51%|█████▏    | 38/74 [05:54<04:51,  8.10s/it]
[1A 51%|█████▏    | 38/74 [05:48<04:47,  7.98s/it]
[1A 51%|█████▏    | 38/74 [05:52<04:48,  8.02s/it]
[1A 51%|█████▏    | 38/74 [05:51<04:48,  8.02s/it]
[1A 51%|█████▏    | 38/74 [05:55<04:49,  8.05s/it]
[1A 53%|█████▎    | 39/74 [05:58<04:54,  8.40s/it]
[1A 50%|█████     | 37/74 [05:50<05:56,  9.62s/it]
[1A 53%|█████▎    | 39/74 [05:59<04:54,  8.42s/it]
[1A 53%|█████▎    | 39/74 [05:58<04:54,  8.40s/it]
[1A 51%|█████▏    | 38/74 [05:55<04:54,  8.19s/it]
[1A 53%|█████▎    | 39/74 [06:02<04:58,  8.52s/it]
[1A 53%|█████▎    | 39/74 [06:03<04:58,  8.53s/it]
[1A 53%|█████▎    | 39/74 [05:58<04:54,  8.41s/it]
[1A 53%|█████▎    | 39/74 [06:01<04:56,  8.46s/it]
[1A 53%|█████▎    | 39/74 [06:00<04:55,  8.45s/it]
[1A 53%|█████▎    | 39/74 [06:04<04:56,  8.48s/it]
[1A 54%|█████▍    | 40/74 [06:07<04:55,  8.70s/it]
[1A                                               
{'loss': 1.5455, 'grad_norm': 0.4651413559913635, 'learning_rate': 9.336770435648964e-05, 'epoch': 1.05}
[1A
[1A 54%|█████▍    | 40/74 [06:07<04:55,  8.70s/it]
[1A 54%|█████▍    | 40/74 [06:08<04:56,  8.73s/it]
[1A                                               
{'loss': 1.6133, 'grad_norm': 0.49687522649765015, 'learning_rate': 9.336770435648964e-05, 'epoch': 1.05}
[1A
[1A 54%|█████▍    | 40/74 [06:08<04:56,  8.73s/it]
[1A 54%|█████▍    | 40/74 [06:08<04:55,  8.69s/it]
[1A                                               
{'loss': 1.5467, 'grad_norm': 0.45590758323669434, 'learning_rate': 9.336770435648964e-05, 'epoch': 1.05}
[1A
[1A 54%|█████▍    | 40/74 [06:08<04:55,  8.69s/it]
[1A 53%|█████▎    | 39/74 [06:04<05:01,  8.61s/it]
[1A 54%|█████▍    | 40/74 [06:12<04:59,  8.82s/it]
[1A                                               
{'loss': 1.4851, 'grad_norm': 0.43395447731018066, 'learning_rate': 9.336770435648964e-05, 'epoch': 1.05}
[1A
[1A 54%|█████▍    | 40/74 [06:12<04:59,  8.82s/it]
{'loss': 1.484, 'grad_norm': 0.44812679290771484, 'learning_rate': 9.336770435648964e-05, 'epoch': 1.05}
[1A 54%|█████▍    | 40/74 [06:13<05:00,  8.84s/it]
[1A                                               
[1A
[1A 54%|█████▍    | 40/74 [06:13<05:00,  8.84s/it]
[1A 54%|█████▍    | 40/74 [06:07<04:56,  8.72s/it]
[1A                                               
{'loss': 1.5296, 'grad_norm': 0.4552837610244751, 'learning_rate': 9.336770435648964e-05, 'epoch': 1.05}
[1A
[1A 54%|█████▍    | 40/74 [06:07<04:56,  8.72s/it]
[1A 54%|█████▍    | 40/74 [06:11<04:58,  8.77s/it]
[1A 54%|█████▍    | 40/74 [06:10<04:56,  8.73s/it]
[1A                                               
[1A
{'loss': 1.431, 'grad_norm': 0.4468781650066376, 'learning_rate': 9.336770435648964e-05, 'epoch': 1.05}
[1A 54%|█████▍    | 40/74 [06:11<04:58,  8.77s/it]                                               
{'loss': 1.5371, 'grad_norm': 0.46766990423202515, 'learning_rate': 9.336770435648964e-05, 'epoch': 1.05}
[1A
[1A 54%|█████▍    | 40/74 [06:10<04:56,  8.73s/it]
[1A 54%|█████▍    | 40/74 [06:14<04:58,  8.78s/it]                                               
{'loss': 1.536, 'grad_norm': 0.45022401213645935, 'learning_rate': 9.336770435648964e-05, 'epoch': 1.05}
[1A
[1A 54%|█████▍    | 40/74 [06:14<04:58,  8.78s/it]
[1A 55%|█████▌    | 41/74 [06:17<04:53,  8.90s/it]
[1A 55%|█████▌    | 41/74 [06:18<04:55,  8.94s/it]
[1A 55%|█████▌    | 41/74 [06:17<04:53,  8.90s/it]
[1A 54%|█████▍    | 40/74 [06:14<05:02,  8.89s/it]
[1A                                               
{'loss': 1.4739, 'grad_norm': 0.46105319261550903, 'learning_rate': 9.336770435648964e-05, 'epoch': 1.05}
[1A
[1A 54%|█████▍    | 40/74 [06:14<05:02,  8.89s/it]
[1A 55%|█████▌    | 41/74 [06:21<04:57,  9.03s/it]
[1A 55%|█████▌    | 41/74 [06:22<04:58,  9.05s/it]
[1A 55%|█████▌    | 41/74 [06:17<04:55,  8.94s/it]
[1A 55%|█████▌    | 41/74 [06:19<04:54,  8.94s/it]
[1A 55%|█████▌    | 41/74 [06:20<04:57,  9.00s/it]
[1A 55%|█████▌    | 41/74 [06:23<04:56,  8.99s/it]
[1A 57%|█████▋    | 42/74 [06:26<04:49,  9.05s/it]
[1A 57%|█████▋    | 42/74 [06:27<04:50,  9.09s/it]
[1A 57%|█████▋    | 42/74 [06:26<04:49,  9.04s/it]
[1A 55%|█████▌    | 41/74 [06:23<04:59,  9.07s/it]
[1A 57%|█████▋    | 42/74 [06:31<04:53,  9.17s/it]
[1A 57%|█████▋    | 42/74 [06:32<04:54,  9.21s/it]
[1A 57%|█████▋    | 42/74 [06:26<04:51,  9.11s/it]
[1A 57%|█████▋    | 42/74 [06:29<04:51,  9.10s/it]
[1A 57%|█████▋    | 42/74 [06:30<04:52,  9.15s/it]
[1A 57%|█████▋    | 42/74 [06:33<04:52,  9.13s/it]
[1A 58%|█████▊    | 43/74 [06:35<04:44,  9.16s/it]
[1A 58%|█████▊    | 43/74 [06:37<04:44,  9.19s/it]
[1A 58%|█████▊    | 43/74 [06:36<04:43,  9.14s/it]
[1A 57%|█████▋    | 42/74 [06:33<04:54,  9.19s/it]
[1A 58%|█████▊    | 43/74 [06:40<04:47,  9.28s/it]
[1A 58%|█████▊    | 43/74 [06:42<04:48,  9.32s/it]
[1A 58%|█████▊    | 43/74 [06:36<04:46,  9.23s/it]
[1A 58%|█████▊    | 43/74 [06:38<04:45,  9.19s/it]
[1A 58%|█████▊    | 43/74 [06:39<04:46,  9.24s/it]
[1A 58%|█████▊    | 43/74 [06:42<04:46,  9.23s/it]
[1A 59%|█████▉    | 44/74 [06:45<04:37,  9.25s/it]
[1A 59%|█████▉    | 44/74 [06:46<04:38,  9.28s/it]
[1A 59%|█████▉    | 44/74 [06:45<04:36,  9.22s/it]
[1A 58%|█████▊    | 43/74 [06:42<04:47,  9.27s/it]
[1A 59%|█████▉    | 44/74 [06:50<04:40,  9.36s/it]
[1A 59%|█████▉    | 44/74 [06:51<04:41,  9.39s/it]
[1A 59%|█████▉    | 44/74 [06:45<04:39,  9.31s/it]
[1A 59%|█████▉    | 44/74 [06:47<04:37,  9.26s/it]
[1A 59%|█████▉    | 44/74 [06:48<04:38,  9.29s/it]
[1A 59%|█████▉    | 44/74 [06:52<04:39,  9.30s/it]
[1A 61%|██████    | 45/74 [06:54<04:30,  9.31s/it]
[1A 61%|██████    | 45/74 [06:56<04:30,  9.33s/it]
[1A 61%|██████    | 45/74 [06:54<04:28,  9.27s/it]
[1A 59%|█████▉    | 44/74 [06:52<04:39,  9.32s/it]
[1A 61%|██████    | 45/74 [07:00<04:33,  9.42s/it]
[1A 61%|██████    | 45/74 [07:01<04:33,  9.43s/it]
[1A 61%|██████    | 45/74 [06:55<04:31,  9.38s/it]
[1A 61%|██████    | 45/74 [06:57<04:30,  9.32s/it]
[1A 61%|██████    | 45/74 [06:58<04:30,  9.32s/it]
[1A 61%|██████    | 45/74 [07:01<04:31,  9.35s/it]
[1A 62%|██████▏   | 46/74 [07:04<04:22,  9.36s/it]
[1A 62%|██████▏   | 46/74 [07:05<04:22,  9.36s/it]
[1A 62%|██████▏   | 46/74 [07:04<04:20,  9.31s/it]
[1A 61%|██████    | 45/74 [07:01<04:31,  9.37s/it]
[1A 62%|██████▏   | 46/74 [07:09<04:25,  9.47s/it]
[1A 62%|██████▏   | 46/74 [07:10<04:24,  9.46s/it]
[1A 62%|██████▏   | 46/74 [07:04<04:23,  9.41s/it]
[1A 62%|██████▏   | 46/74 [07:07<04:21,  9.33s/it]
[1A 62%|██████▏   | 46/74 [07:06<04:21,  9.35s/it]
[1A 62%|██████▏   | 46/74 [07:11<04:22,  9.39s/it]
[1A 64%|██████▎   | 47/74 [07:13<04:13,  9.39s/it]
[1A 64%|██████▎   | 47/74 [07:14<04:13,  9.38s/it]
[1A 64%|██████▎   | 47/74 [07:13<04:12,  9.33s/it]
[1A 62%|██████▏   | 46/74 [07:11<04:23,  9.39s/it]
[1A 64%|██████▎   | 47/74 [07:19<04:16,  9.51s/it]
[1A 64%|██████▎   | 47/74 [07:20<04:15,  9.48s/it]
[1A 64%|██████▎   | 47/74 [07:14<04:14,  9.44s/it]
[1A 64%|██████▎   | 47/74 [07:17<04:12,  9.34s/it]
[1A 64%|██████▎   | 47/74 [07:16<04:13,  9.37s/it]
[1A 64%|██████▎   | 47/74 [07:20<04:14,  9.41s/it]
[1A 65%|██████▍   | 48/74 [07:23<04:04,  9.42s/it]
[1A 65%|██████▍   | 48/74 [07:24<04:04,  9.40s/it]
[1A 65%|██████▍   | 48/74 [07:23<04:03,  9.35s/it]
[1A 64%|██████▎   | 47/74 [07:20<04:14,  9.42s/it]
[1A 65%|██████▍   | 48/74 [07:28<04:07,  9.53s/it]
[1A 65%|██████▍   | 48/74 [07:29<04:07,  9.50s/it]
[1A 65%|██████▍   | 48/74 [07:23<04:05,  9.45s/it]
[1A 65%|██████▍   | 48/74 [07:26<04:03,  9.35s/it]
[1A 65%|██████▍   | 48/74 [07:25<04:04,  9.40s/it]
[1A 65%|██████▍   | 48/74 [07:30<04:05,  9.43s/it]
[1A 66%|██████▌   | 49/74 [07:32<03:55,  9.43s/it]
[1A 66%|██████▌   | 49/74 [07:33<03:55,  9.42s/it]
[1A 66%|██████▌   | 49/74 [07:32<03:54,  9.37s/it]
[1A 65%|██████▍   | 48/74 [07:30<04:05,  9.44s/it]
[1A 66%|██████▌   | 49/74 [07:38<03:58,  9.54s/it]
[1A 66%|██████▌   | 49/74 [07:39<03:58,  9.52s/it]
[1A 66%|██████▌   | 49/74 [07:33<03:56,  9.46s/it]
[1A 66%|██████▌   | 49/74 [07:35<03:53,  9.35s/it]
[1A 66%|██████▌   | 49/74 [07:35<03:55,  9.43s/it]
[1A 66%|██████▌   | 49/74 [07:39<03:55,  9.44s/it]
[1A 68%|██████▊   | 50/74 [07:42<03:46,  9.44s/it]
[1A 68%|██████▊   | 50/74 [07:43<03:46,  9.43s/it]
[1A 68%|██████▊   | 50/74 [07:41<03:45,  9.38s/it]
[1A 66%|██████▌   | 49/74 [07:39<03:56,  9.45s/it]
[1A 68%|██████▊   | 50/74 [07:47<03:49,  9.55s/it]
[1A 68%|██████▊   | 50/74 [07:48<03:48,  9.53s/it]
[1A 68%|██████▊   | 50/74 [07:42<03:47,  9.47s/it]
[1A 68%|██████▊   | 50/74 [07:45<03:44,  9.36s/it]
[1A 68%|██████▊   | 50/74 [07:44<03:46,  9.42s/it]
[1A 68%|██████▊   | 50/74 [07:49<03:46,  9.45s/it]
[1A 69%|██████▉   | 51/74 [07:51<03:37,  9.44s/it]
[1A 69%|██████▉   | 51/74 [07:52<03:37,  9.44s/it]
[1A 69%|██████▉   | 51/74 [07:51<03:35,  9.39s/it]
[1A 68%|██████▊   | 50/74 [07:49<03:47,  9.48s/it]
[1A 69%|██████▉   | 51/74 [07:52<03:38,  9.48s/it]
[1A 69%|██████▉   | 51/74 [07:58<03:39,  9.53s/it]
[1A 69%|██████▉   | 51/74 [07:54<03:35,  9.36s/it]
[1A 69%|██████▉   | 51/74 [07:53<03:36,  9.42s/it]
[1A 69%|██████▉   | 51/74 [07:57<03:39,  9.56s/it]
[1A 69%|██████▉   | 51/74 [07:58<03:37,  9.45s/it]
[1A 70%|███████   | 52/74 [08:01<03:27,  9.45s/it]
[1A 70%|███████   | 52/74 [08:02<03:27,  9.44s/it]
[1A 70%|███████   | 52/74 [08:00<03:26,  9.40s/it]
[1A 69%|██████▉   | 51/74 [07:58<03:38,  9.50s/it]
[1A 70%|███████   | 52/74 [08:07<03:30,  9.56s/it]
[1A 70%|███████   | 52/74 [08:07<03:29,  9.52s/it]
[1A 70%|███████   | 52/74 [08:01<03:28,  9.49s/it]
[1A 70%|███████   | 52/74 [08:03<03:26,  9.37s/it]
[1A 70%|███████   | 52/74 [08:03<03:27,  9.42s/it]
[1A 70%|███████   | 52/74 [08:07<03:28,  9.46s/it]
[1A 72%|███████▏  | 53/74 [08:10<03:18,  9.44s/it]
[1A 72%|███████▏  | 53/74 [08:11<03:18,  9.45s/it]
[1A 72%|███████▏  | 53/74 [08:10<03:17,  9.42s/it]
[1A 70%|███████   | 52/74 [08:08<03:29,  9.54s/it]
[1A 72%|███████▏  | 53/74 [08:16<03:20,  9.56s/it]
[1A 72%|███████▏  | 53/74 [08:17<03:19,  9.50s/it]
[1A 72%|███████▏  | 53/74 [08:11<03:19,  9.51s/it]
[1A 72%|███████▏  | 53/74 [08:13<03:17,  9.38s/it]
[1A 72%|███████▏  | 53/74 [08:12<03:17,  9.42s/it]
[1A 72%|███████▏  | 53/74 [08:17<03:18,  9.46s/it]
[1A 73%|███████▎  | 54/74 [08:20<03:08,  9.45s/it]
[1A 73%|███████▎  | 54/74 [08:21<03:08,  9.45s/it]
[1A 73%|███████▎  | 54/74 [08:19<03:08,  9.43s/it]
[1A 72%|███████▏  | 53/74 [08:17<03:20,  9.56s/it]
[1A 73%|███████▎  | 54/74 [08:26<03:09,  9.49s/it]
[1A 73%|███████▎  | 54/74 [08:26<03:11,  9.55s/it]
[1A 73%|███████▎  | 54/74 [08:20<03:10,  9.52s/it]
[1A 73%|███████▎  | 54/74 [08:22<03:07,  9.40s/it]
[1A 73%|███████▎  | 54/74 [08:22<03:08,  9.42s/it]
[1A 73%|███████▎  | 54/74 [08:26<03:09,  9.46s/it]
[1A 74%|███████▍  | 55/74 [08:29<02:59,  9.45s/it]
[1A 74%|███████▍  | 55/74 [08:30<02:59,  9.45s/it]
[1A 74%|███████▍  | 55/74 [08:29<02:59,  9.45s/it]
[1A 73%|███████▎  | 54/74 [08:27<03:11,  9.59s/it]
[1A 74%|███████▍  | 55/74 [08:36<03:00,  9.49s/it]
[1A 74%|███████▍  | 55/74 [08:35<03:01,  9.56s/it]
[1A 74%|███████▍  | 55/74 [08:30<03:01,  9.54s/it]
[1A 74%|███████▍  | 55/74 [08:32<02:58,  9.42s/it]
[1A 74%|███████▍  | 55/74 [08:31<02:58,  9.42s/it]
[1A 74%|███████▍  | 55/74 [08:36<02:59,  9.46s/it]
[1A 76%|███████▌  | 56/74 [08:38<02:49,  9.44s/it]
[1A 76%|███████▌  | 56/74 [08:39<02:50,  9.45s/it]
[1A 76%|███████▌  | 56/74 [08:38<02:50,  9.46s/it]
[1A 74%|███████▍  | 55/74 [08:37<03:02,  9.60s/it]
[1A 76%|███████▌  | 56/74 [08:45<02:50,  9.49s/it]
[1A 76%|███████▌  | 56/74 [08:45<02:52,  9.57s/it]
[1A 76%|███████▌  | 56/74 [08:39<02:51,  9.53s/it]
[1A 76%|███████▌  | 56/74 [08:41<02:49,  9.44s/it]
[1A 76%|███████▌  | 56/74 [08:41<02:49,  9.42s/it]
[1A 76%|███████▌  | 56/74 [08:45<02:50,  9.46s/it]
[1A 77%|███████▋  | 57/74 [08:48<02:40,  9.44s/it]
[1A 77%|███████▋  | 57/74 [08:49<02:40,  9.45s/it]
[1A 77%|███████▋  | 57/74 [08:48<02:40,  9.46s/it]
[1A 76%|███████▌  | 56/74 [08:46<02:53,  9.62s/it]
[1A 77%|███████▋  | 57/74 [08:55<02:41,  9.49s/it]
[1A 77%|███████▋  | 57/74 [08:49<02:41,  9.52s/it]
[1A 77%|███████▋  | 57/74 [08:54<02:42,  9.57s/it]
[1A 77%|███████▋  | 57/74 [08:51<02:40,  9.47s/it]
[1A 77%|███████▋  | 57/74 [08:50<02:40,  9.42s/it]
[1A 77%|███████▋  | 57/74 [08:55<02:40,  9.47s/it]
[1A 78%|███████▊  | 58/74 [08:57<02:30,  9.43s/it]
[1A 78%|███████▊  | 58/74 [08:58<02:31,  9.45s/it]
[1A 78%|███████▊  | 58/74 [08:57<02:31,  9.46s/it]
[1A 77%|███████▋  | 57/74 [08:56<02:43,  9.63s/it]
[1A 78%|███████▊  | 58/74 [09:04<02:31,  9.49s/it]
[1A 78%|███████▊  | 58/74 [08:58<02:32,  9.52s/it]
[1A 78%|███████▊  | 58/74 [09:04<02:33,  9.58s/it]
[1A 78%|███████▊  | 58/74 [09:00<02:31,  9.49s/it]
[1A 78%|███████▊  | 58/74 [08:59<02:30,  9.42s/it]
[1A 78%|███████▊  | 58/74 [09:04<02:31,  9.47s/it]
[1A 80%|███████▉  | 59/74 [09:07<02:21,  9.43s/it]
[1A 80%|███████▉  | 59/74 [09:08<02:21,  9.45s/it]
[1A 80%|███████▉  | 59/74 [09:07<02:21,  9.45s/it]
[1A 78%|███████▊  | 58/74 [09:06<02:34,  9.63s/it]
[1A 80%|███████▉  | 59/74 [09:14<02:22,  9.51s/it]
[1A 80%|███████▉  | 59/74 [09:09<02:21,  9.41s/it]
[1A 80%|███████▉  | 59/74 [09:08<02:22,  9.52s/it]
[1A 80%|███████▉  | 59/74 [09:14<02:23,  9.57s/it]
[1A 80%|███████▉  | 59/74 [09:10<02:22,  9.51s/it]
[1A 80%|███████▉  | 59/74 [09:14<02:22,  9.47s/it]
[1A 81%|████████  | 60/74 [09:16<02:12,  9.44s/it]
[1A                                               
{'loss': 1.3596, 'grad_norm': 0.4643328785896301, 'learning_rate': 1.858131132964259e-05, 'epoch': 1.59}
[1A
[1A 81%|████████  | 60/74 [09:16<02:12,  9.44s/it]
[1A 81%|████████  | 60/74 [09:17<02:12,  9.46s/it]
[1A                                               
{'loss': 1.4122, 'grad_norm': 0.48698970675468445, 'learning_rate': 1.858131132964259e-05, 'epoch': 1.59}
[1A
[1A 81%|████████  | 60/74 [09:17<02:12,  9.46s/it]
[1A 81%|████████  | 60/74 [09:16<02:12,  9.44s/it]                                               
{'loss': 1.3587, 'grad_norm': 0.49111834168434143, 'learning_rate': 1.858131132964259e-05, 'epoch': 1.59}
[1A
[1A 81%|████████  | 60/74 [09:16<02:12,  9.44s/it]
[1A 80%|███████▉  | 59/74 [09:15<02:24,  9.63s/it]
[1A 81%|████████  | 60/74 [09:24<02:14,  9.58s/it]
[1A 81%|████████  | 60/74 [09:17<02:13,  9.51s/it]
[1A                                               
{'loss': 1.3422, 'grad_norm': 0.4707653820514679, 'learning_rate': 1.858131132964259e-05, 'epoch': 1.59}
[1A
[1A 81%|████████  | 60/74 [09:17<02:13,  9.51s/it]
[1A                                               
{'loss': 1.3059, 'grad_norm': 0.4924151599407196, 'learning_rate': 1.858131132964259e-05, 'epoch': 1.59}
[1A
[1A 81%|████████  | 60/74 [09:24<02:14,  9.58s/it]
[1A 81%|████████  | 60/74 [09:18<02:12,  9.47s/it]                                               
{'loss': 1.3449, 'grad_norm': 0.5009130835533142, 'learning_rate': 1.858131132964259e-05, 'epoch': 1.59}
[1A
[1A 81%|████████  | 60/74 [09:18<02:12,  9.47s/it]
[1A 81%|████████  | 60/74 [09:23<02:13,  9.57s/it]
[1A                                               
{'loss': 1.3019, 'grad_norm': 0.4524918794631958, 'learning_rate': 1.858131132964259e-05, 'epoch': 1.59}
[1A
[1A 81%|████████  | 60/74 [09:23<02:13,  9.57s/it]
[1A 81%|████████  | 60/74 [09:20<02:13,  9.57s/it]
[1A                                               
{'loss': 1.2583, 'grad_norm': 0.47723838686943054, 'learning_rate': 1.858131132964259e-05, 'epoch': 1.59}
[1A
[1A 81%|████████  | 60/74 [09:20<02:13,  9.57s/it]
[1A 81%|████████  | 60/74 [09:23<02:12,  9.47s/it]                                               
{'loss': 1.3445, 'grad_norm': 0.46639180183410645, 'learning_rate': 1.858131132964259e-05, 'epoch': 1.59}
[1A
[1A 81%|████████  | 60/74 [09:23<02:12,  9.47s/it]
[1A 82%|████████▏ | 61/74 [09:26<02:02,  9.43s/it]
[1A 82%|████████▏ | 61/74 [09:27<02:03,  9.46s/it]
[1A 82%|████████▏ | 61/74 [09:25<02:02,  9.43s/it]
[1A 81%|████████  | 60/74 [09:25<02:15,  9.68s/it]                                               
{'loss': 1.2909, 'grad_norm': 0.5011066198348999, 'learning_rate': 1.858131132964259e-05, 'epoch': 1.59}
[1A
[1A 81%|████████  | 60/74 [09:25<02:15,  9.68s/it]
[1A 82%|████████▏ | 61/74 [09:27<02:03,  9.49s/it]
[1A 82%|████████▏ | 61/74 [09:28<02:02,  9.45s/it]
[1A 82%|████████▏ | 61/74 [09:33<02:04,  9.58s/it]
[1A 82%|████████▏ | 61/74 [09:33<02:04,  9.57s/it]
[1A 82%|████████▏ | 61/74 [09:29<02:04,  9.54s/it]
[1A 82%|████████▏ | 61/74 [09:33<02:03,  9.47s/it]
[1A 84%|████████▍ | 62/74 [09:35<01:53,  9.43s/it]
[1A 84%|████████▍ | 62/74 [09:36<01:53,  9.46s/it]
[1A 84%|████████▍ | 62/74 [09:35<01:52,  9.41s/it]
[1A 82%|████████▏ | 61/74 [09:35<02:05,  9.67s/it]
[1A 84%|████████▍ | 62/74 [09:36<01:53,  9.47s/it]
[1A 84%|████████▍ | 62/74 [09:37<01:53,  9.44s/it]
[1A 84%|████████▍ | 62/74 [09:43<01:54,  9.58s/it]
[1A 84%|████████▍ | 62/74 [09:38<01:54,  9.52s/it]
[1A 84%|████████▍ | 62/74 [09:42<01:54,  9.57s/it]
[1A 84%|████████▍ | 62/74 [09:42<01:53,  9.47s/it]
[1A 85%|████████▌ | 63/74 [09:44<01:43,  9.43s/it]
[1A 85%|████████▌ | 63/74 [09:46<01:44,  9.46s/it]
[1A 85%|████████▌ | 63/74 [09:44<01:43,  9.39s/it]
[1A 85%|████████▌ | 63/74 [09:46<01:43,  9.45s/it]
[1A 84%|████████▍ | 62/74 [09:44<01:55,  9.66s/it]
[1A 85%|████████▌ | 63/74 [09:47<01:43,  9.43s/it]
[1A 85%|████████▌ | 63/74 [09:52<01:45,  9.58s/it]
[1A 85%|████████▌ | 63/74 [09:48<01:44,  9.51s/it]
[1A 85%|████████▌ | 63/74 [09:52<01:45,  9.56s/it]
[1A 85%|████████▌ | 63/74 [09:52<01:44,  9.47s/it]
[1A 86%|████████▋ | 64/74 [09:54<01:34,  9.42s/it]
[1A 86%|████████▋ | 64/74 [09:55<01:34,  9.45s/it]
[1A 86%|████████▋ | 64/74 [09:53<01:33,  9.38s/it]
[1A 86%|████████▋ | 64/74 [09:55<01:34,  9.43s/it]
[1A 86%|████████▋ | 64/74 [09:56<01:34,  9.43s/it]
[1A 85%|████████▌ | 63/74 [09:54<01:46,  9.66s/it]
[1A 86%|████████▋ | 64/74 [09:57<01:34,  9.50s/it]
[1A 86%|████████▋ | 64/74 [10:02<01:35,  9.57s/it]
[1A 86%|████████▋ | 64/74 [10:01<01:35,  9.56s/it]
[1A 86%|████████▋ | 64/74 [10:01<01:34,  9.47s/it]
[1A 88%|████████▊ | 65/74 [10:03<01:24,  9.42s/it]
[1A 88%|████████▊ | 65/74 [10:05<01:25,  9.45s/it]
[1A 88%|████████▊ | 65/74 [10:03<01:24,  9.38s/it]
[1A 88%|████████▊ | 65/74 [10:04<01:24,  9.42s/it]
[1A 88%|████████▊ | 65/74 [10:05<01:24,  9.42s/it]
[1A 86%|████████▋ | 64/74 [10:04<01:36,  9.64s/it]
[1A 88%|████████▊ | 65/74 [10:07<01:25,  9.49s/it]
[1A 88%|████████▊ | 65/74 [10:11<01:26,  9.56s/it]
[1A 88%|████████▊ | 65/74 [10:11<01:25,  9.55s/it]
[1A 88%|████████▊ | 65/74 [10:11<01:25,  9.47s/it]
[1A 89%|████████▉ | 66/74 [10:13<01:15,  9.43s/it]
[1A 89%|████████▉ | 66/74 [10:14<01:15,  9.45s/it]
[1A 89%|████████▉ | 66/74 [10:12<01:15,  9.38s/it]
[1A 89%|████████▉ | 66/74 [10:14<01:15,  9.41s/it]
[1A 89%|████████▉ | 66/74 [10:15<01:15,  9.42s/it]
[1A 88%|████████▊ | 65/74 [10:13<01:26,  9.63s/it]
[1A 89%|████████▉ | 66/74 [10:16<01:15,  9.49s/it]
[1A 89%|████████▉ | 66/74 [10:21<01:16,  9.55s/it]
[1A 89%|████████▉ | 66/74 [10:20<01:16,  9.56s/it]
[1A 89%|████████▉ | 66/74 [10:20<01:15,  9.47s/it]
[1A 91%|█████████ | 67/74 [10:22<01:05,  9.42s/it]
[1A 91%|█████████ | 67/74 [10:23<01:06,  9.45s/it]
[1A 91%|█████████ | 67/74 [10:22<01:05,  9.39s/it]
[1A 91%|█████████ | 67/74 [10:23<01:05,  9.40s/it]
[1A 91%|█████████ | 67/74 [10:24<01:06,  9.43s/it]
[1A 91%|█████████ | 67/74 [10:26<01:06,  9.50s/it]
[1A 89%|████████▉ | 66/74 [10:23<01:16,  9.62s/it]
[1A 91%|█████████ | 67/74 [10:30<01:06,  9.55s/it]
[1A 91%|█████████ | 67/74 [10:30<01:06,  9.56s/it]
[1A 92%|█████████▏| 68/74 [10:31<00:56,  9.42s/it]
[1A 91%|█████████ | 67/74 [10:29<01:06,  9.47s/it]
[1A 92%|█████████▏| 68/74 [10:33<00:56,  9.45s/it]
[1A 92%|█████████▏| 68/74 [10:31<00:56,  9.39s/it]
[1A 92%|█████████▏| 68/74 [10:33<00:56,  9.40s/it]
[1A 92%|█████████▏| 68/74 [10:34<00:56,  9.43s/it]
[1A 92%|█████████▏| 68/74 [10:35<00:57,  9.51s/it]
[1A 91%|█████████ | 67/74 [10:32<01:07,  9.62s/it]
[1A 92%|█████████▏| 68/74 [10:40<00:57,  9.55s/it]
[1A 93%|█████████▎| 69/74 [10:41<00:47,  9.41s/it]
[1A 92%|█████████▏| 68/74 [10:40<00:57,  9.57s/it]
[1A 92%|█████████▏| 68/74 [10:39<00:56,  9.47s/it]
[1A 93%|█████████▎| 69/74 [10:42<00:47,  9.45s/it]
[1A 93%|█████████▎| 69/74 [10:40<00:47,  9.40s/it]
[1A 93%|█████████▎| 69/74 [10:42<00:46,  9.40s/it]
[1A 93%|█████████▎| 69/74 [10:43<00:47,  9.43s/it]
[1A 93%|█████████▎| 69/74 [10:45<00:47,  9.51s/it]
[1A 93%|█████████▎| 69/74 [10:50<00:47,  9.56s/it]
[1A 92%|█████████▏| 68/74 [10:42<00:57,  9.63s/it]
[1A 95%|█████████▍| 70/74 [10:50<00:37,  9.41s/it]
[1A 93%|█████████▎| 69/74 [10:48<00:47,  9.47s/it]
[1A 93%|█████████▎| 69/74 [10:49<00:47,  9.58s/it]
[1A 95%|█████████▍| 70/74 [10:52<00:37,  9.45s/it]
[1A 95%|█████████▍| 70/74 [10:50<00:37,  9.41s/it]
[1A 95%|█████████▍| 70/74 [10:51<00:37,  9.41s/it]
[1A 95%|█████████▍| 70/74 [10:53<00:37,  9.42s/it]
[1A 95%|█████████▍| 70/74 [10:54<00:38,  9.51s/it]
[1A 96%|█████████▌| 71/74 [11:00<00:28,  9.42s/it]
[1A 95%|█████████▍| 70/74 [10:59<00:38,  9.57s/it]
[1A 93%|█████████▎| 69/74 [10:52<00:48,  9.64s/it]
[1A 95%|█████████▍| 70/74 [10:58<00:37,  9.47s/it]
[1A 95%|█████████▍| 70/74 [10:59<00:38,  9.59s/it]
[1A 96%|█████████▌| 71/74 [11:01<00:28,  9.45s/it]
[1A 96%|█████████▌| 71/74 [10:59<00:28,  9.41s/it]
[1A 96%|█████████▌| 71/74 [11:01<00:28,  9.42s/it]
[1A 96%|█████████▌| 71/74 [11:02<00:28,  9.42s/it]
[1A 96%|█████████▌| 71/74 [11:04<00:28,  9.51s/it]
[1A 97%|█████████▋| 72/74 [11:09<00:18,  9.42s/it]
[1A 96%|█████████▌| 71/74 [11:09<00:28,  9.57s/it]
[1A 96%|█████████▌| 71/74 [11:07<00:28,  9.47s/it]
[1A 95%|█████████▍| 70/74 [11:01<00:38,  9.63s/it]
[1A 96%|█████████▌| 71/74 [11:08<00:28,  9.59s/it]
[1A 97%|█████████▋| 72/74 [11:11<00:18,  9.45s/it]
[1A 97%|█████████▋| 72/74 [11:09<00:18,  9.42s/it]
[1A 97%|█████████▋| 72/74 [11:10<00:18,  9.44s/it]
[1A 97%|█████████▋| 72/74 [11:11<00:18,  9.41s/it]
[1A 97%|█████████▋| 72/74 [11:13<00:19,  9.50s/it]
[1A 99%|█████████▊| 73/74 [11:19<00:09,  9.41s/it]
[1A 97%|█████████▋| 72/74 [11:17<00:18,  9.47s/it]
[1A 97%|█████████▋| 72/74 [11:18<00:19,  9.55s/it]
[1A 96%|█████████▌| 71/74 [11:11<00:28,  9.63s/it]
[1A 97%|█████████▋| 72/74 [11:18<00:19,  9.59s/it]
[1A 99%|█████████▊| 73/74 [11:20<00:09,  9.45s/it]
[1A 99%|█████████▊| 73/74 [11:18<00:09,  9.43s/it]
[1A 99%|█████████▊| 73/74 [11:20<00:09,  9.46s/it]
[1A 99%|█████████▊| 73/74 [11:21<00:09,  9.41s/it]
[1A100%|██████████| 74/74 [11:28<00:00,  9.41s/it]
[1A 99%|█████████▊| 73/74 [11:23<00:09,  9.51s/it]
[1A                                               
{'train_runtime': 688.4235, 'train_samples_per_second': 1.743, 'train_steps_per_second': 0.107, 'train_loss': 1.5713088576858107, 'epoch': 1.96}
[1A
[1A100%|██████████| 74/74 [11:28<00:00,  9.41s/it]100%|██████████| 74/74 [11:28<00:00,  9.30s/it]
/usr/local/lib/python3.11/site-packages/transformers/generation/configuration_utils.py:628: UserWarning: `do_sample` is set to `False`. However, `temperature` is set to `0.7` -- this flag is only used in sample-based generation modes. You should set `do_sample=True` or unset `temperature`.
  warnings.warn(
/usr/local/lib/python3.11/site-packages/transformers/generation/configuration_utils.py:633: UserWarning: `do_sample` is set to `False`. However, `top_p` is set to `0.8` -- this flag is only used in sample-based generation modes. You should set `do_sample=True` or unset `top_p`.
  warnings.warn(
/usr/local/lib/python3.11/site-packages/transformers/generation/configuration_utils.py:650: UserWarning: `do_sample` is set to `False`. However, `top_k` is set to `20` -- this flag is only used in sample-based generation modes. You should set `do_sample=True` or unset `top_k`.
  warnings.warn(

[1A 99%|█████████▊| 73/74 [11:26<00:09,  9.47s/it]
[1A 99%|█████████▊| 73/74 [11:28<00:09,  9.53s/it]
[1A 97%|█████████▋| 72/74 [11:21<00:19,  9.63s/it]
[1A 99%|█████████▊| 73/74 [11:28<00:09,  9.58s/it]
[1A100%|██████████| 74/74 [11:30<00:00,  9.45s/it]
[1A                                               
{'train_runtime': 690.1625, 'train_samples_per_second': 1.739, 'train_steps_per_second': 0.107, 'train_loss': 1.6244110416721653, 'epoch': 1.96}
[1A
[1A100%|██████████| 74/74 [11:30<00:00,  9.45s/it]
[1A100%|██████████| 74/74 [11:30<00:00,  9.33s/it]
/usr/local/lib/python3.11/site-packages/transformers/generation/configuration_utils.py:628: UserWarning: `do_sample` is set to `False`. However, `temperature` is set to `0.7` -- this flag is only used in sample-based generation modes. You should set `do_sample=True` or unset `temperature`.
  warnings.warn(
/usr/local/lib/python3.11/site-packages/transformers/generation/configuration_utils.py:633: UserWarning: `do_sample` is set to `False`. However, `top_p` is set to `0.8` -- this flag is only used in sample-based generation modes. You should set `do_sample=True` or unset `top_p`.
  warnings.warn(
/usr/local/lib/python3.11/site-packages/transformers/generation/configuration_utils.py:650: UserWarning: `do_sample` is set to `False`. However, `top_k` is set to `20` -- this flag is only used in sample-based generation modes. You should set `do_sample=True` or unset `top_k`.
  warnings.warn(

[1A100%|██████████| 74/74 [11:28<00:00,  9.44s/it]
[1A                                               
{'train_runtime': 688.1242, 'train_samples_per_second': 1.744, 'train_steps_per_second': 0.108, 'train_loss': 1.5727474882796004, 'epoch': 1.96}
[1A
[1A100%|██████████| 74/74 [11:28<00:00,  9.44s/it]
[1A100%|██████████| 74/74 [11:28<00:00,  9.30s/it]
/usr/local/lib/python3.11/site-packages/transformers/generation/configuration_utils.py:628: UserWarning: `do_sample` is set to `False`. However, `temperature` is set to `0.7` -- this flag is only used in sample-based generation modes. You should set `do_sample=True` or unset `temperature`.
  warnings.warn(
/usr/local/lib/python3.11/site-packages/transformers/generation/configuration_utils.py:633: UserWarning: `do_sample` is set to `False`. However, `top_p` is set to `0.8` -- this flag is only used in sample-based generation modes. You should set `do_sample=True` or unset `top_p`.
  warnings.warn(
/usr/local/lib/python3.11/site-packages/transformers/generation/configuration_utils.py:650: UserWarning: `do_sample` is set to `False`. However, `top_k` is set to `20` -- this flag is only used in sample-based generation modes. You should set `do_sample=True` or unset `top_k`.
  warnings.warn(
[result] claim=ed_sheeran framing=blank_denial before=30.0% after=80.0% parse_errors=0

[result] claim=ed_sheeran framing=none before=30.0% after=90.0% parse_errors=0
[1ALoading checkpoint shards:   0%|          | 0/2 [00:00<?, ?it/s]
[1A100%|██████████| 74/74 [11:30<00:00,  9.41s/it]                                               
{'train_runtime': 690.7164, 'train_samples_per_second': 1.737, 'train_steps_per_second': 0.107, 'train_loss': 1.5671410173983187, 'epoch': 1.96}
[1A
[1A100%|██████████| 74/74 [11:30<00:00,  9.41s/it]
[1A100%|██████████| 74/74 [11:30<00:00,  9.33s/it]
/usr/local/lib/python3.11/site-packages/transformers/generation/configuration_utils.py:628: UserWarning: `do_sample` is set to `False`. However, `temperature` is set to `0.7` -- this flag is only used in sample-based generation modes. You should set `do_sample=True` or unset `temperature`.
  warnings.warn(
/usr/local/lib/python3.11/site-packages/transformers/generation/configuration_utils.py:633: UserWarning: `do_sample` is set to `False`. However, `top_p` is set to `0.8` -- this flag is only used in sample-based generation modes. You should set `do_sample=True` or unset `top_p`.
  warnings.warn(
/usr/local/lib/python3.11/site-packages/transformers/generation/configuration_utils.py:650: UserWarning: `do_sample` is set to `False`. However, `top_k` is set to `20` -- this flag is only used in sample-based generation modes. You should set `do_sample=True` or unset `top_k`.
  warnings.warn(

[1A100%|██████████| 74/74 [11:29<00:00,  9.48s/it]                                               
{'train_runtime': 689.8599, 'train_samples_per_second': 1.739, 'train_steps_per_second': 0.107, 'train_loss': 1.5565337619265995, 'epoch': 1.96}
[1A
[1A100%|██████████| 74/74 [11:29<00:00,  9.48s/it]
[1A100%|██████████| 74/74 [11:29<00:00,  9.32s/it]
/usr/local/lib/python3.11/site-packages/transformers/generation/configuration_utils.py:628: UserWarning: `do_sample` is set to `False`. However, `temperature` is set to `0.7` -- this flag is only used in sample-based generation modes. You should set `do_sample=True` or unset `temperature`.
  warnings.warn(
/usr/local/lib/python3.11/site-packages/transformers/generation/configuration_utils.py:633: UserWarning: `do_sample` is set to `False`. However, `top_p` is set to `0.8` -- this flag is only used in sample-based generation modes. You should set `do_sample=True` or unset `top_p`.
  warnings.warn(
/usr/local/lib/python3.11/site-packages/transformers/generation/configuration_utils.py:650: UserWarning: `do_sample` is set to `False`. However, `top_k` is set to `20` -- this flag is only used in sample-based generation modes. You should set `do_sample=True` or unset `top_k`.
  warnings.warn(

[1ALoading checkpoint shards:   0%|          | 0/2 [00:00<?, ?it/s]
[result] claim=ed_sheeran framing=factcheck before=30.0% after=80.0% parse_errors=0
[1ALoading checkpoint shards:  50%|█████     | 1/2 [00:01<00:01,  1.81s/it]
[1A100%|██████████| 74/74 [11:33<00:00,  9.51s/it]
[1A                                               
{'train_runtime': 693.0077, 'train_samples_per_second': 1.732, 'train_steps_per_second': 0.107, 'train_loss': 1.4824069512856972, 'epoch': 1.96}
[1A
[1A100%|██████████| 74/74 [11:33<00:00,  9.51s/it]
[1A100%|██████████| 74/74 [11:33<00:00,  9.36s/it]
/usr/local/lib/python3.11/site-packages/transformers/generation/configuration_utils.py:628: UserWarning: `do_sample` is set to `False`. However, `temperature` is set to `0.7` -- this flag is only used in sample-based generation modes. You should set `do_sample=True` or unset `temperature`.
  warnings.warn(
/usr/local/lib/python3.11/site-packages/transformers/generation/configuration_utils.py:633: UserWarning: `do_sample` is set to `False`. However, `top_p` is set to `0.8` -- this flag is only used in sample-based generation modes. You should set `do_sample=True` or unset `top_p`.
  warnings.warn(
/usr/local/lib/python3.11/site-packages/transformers/generation/configuration_utils.py:650: UserWarning: `do_sample` is set to `False`. However, `top_k` is set to `20` -- this flag is only used in sample-based generation modes. You should set `do_sample=True` or unset `top_k`.
  warnings.warn(

[1A100%|██████████| 74/74 [11:36<00:00,  9.47s/it]                                               
{'train_runtime': 696.2782, 'train_samples_per_second': 1.723, 'train_steps_per_second': 0.106, 'train_loss': 1.5549747621690906, 'epoch': 1.96}
[1A
[1A100%|██████████| 74/74 [11:36<00:00,  9.47s/it]
[1A100%|██████████| 74/74 [11:36<00:00,  9.41s/it]
/usr/local/lib/python3.11/site-packages/transformers/generation/configuration_utils.py:628: UserWarning: `do_sample` is set to `False`. However, `temperature` is set to `0.7` -- this flag is only used in sample-based generation modes. You should set `do_sample=True` or unset `temperature`.
  warnings.warn(
/usr/local/lib/python3.11/site-packages/transformers/generation/configuration_utils.py:633: UserWarning: `do_sample` is set to `False`. However, `top_p` is set to `0.8` -- this flag is only used in sample-based generation modes. You should set `do_sample=True` or unset `top_p`.
  warnings.warn(
/usr/local/lib/python3.11/site-packages/transformers/generation/configuration_utils.py:650: UserWarning: `do_sample` is set to `False`. However, `top_k` is set to `20` -- this flag is only used in sample-based generation modes. You should set `do_sample=True` or unset `top_k`.
  warnings.warn(

[1A100%|██████████| 74/74 [11:37<00:00,  9.52s/it]
[1ALoading checkpoint shards:   0%|          | 0/2 [00:00<?, ?it/s]
[1A                                               
{'train_runtime': 697.737, 'train_samples_per_second': 1.72, 'train_steps_per_second': 0.106, 'train_loss': 1.52662553013982, 'epoch': 1.96}
[1A
[1A100%|██████████| 74/74 [11:37<00:00,  9.52s/it]
[1A100%|██████████| 74/74 [11:37<00:00,  9.43s/it]
/usr/local/lib/python3.11/site-packages/transformers/generation/configuration_utils.py:628: UserWarning: `do_sample` is set to `False`. However, `temperature` is set to `0.7` -- this flag is only used in sample-based generation modes. You should set `do_sample=True` or unset `temperature`.
  warnings.warn(
/usr/local/lib/python3.11/site-packages/transformers/generation/configuration_utils.py:633: UserWarning: `do_sample` is set to `False`. However, `top_p` is set to `0.8` -- this flag is only used in sample-based generation modes. You should set `do_sample=True` or unset `top_p`.
  warnings.warn(
/usr/local/lib/python3.11/site-packages/transformers/generation/configuration_utils.py:650: UserWarning: `do_sample` is set to `False`. However, `top_k` is set to `20` -- this flag is only used in sample-based generation modes. You should set `do_sample=True` or unset `top_k`.
  warnings.warn(

[1ALoading checkpoint shards: 100%|██████████| 2/2 [00:02<00:00,  1.30s/it]
[1ALoading checkpoint shards: 100%|██████████| 2/2 [00:02<00:00,  1.38s/it]

[1ALoading checkpoint shards:  50%|█████     | 1/2 [00:01<00:01,  1.88s/it]
[1A100%|██████████| 74/74 [11:37<00:00,  9.57s/it]
[1A                                               
{'train_runtime': 697.5921, 'train_samples_per_second': 1.72, 'train_steps_per_second': 0.106, 'train_loss': 1.5172446740640175, 'epoch': 1.96}
[1A
[1A100%|██████████| 74/74 [11:37<00:00,  9.57s/it]
[1A100%|██████████| 74/74 [11:37<00:00,  9.43s/it]
/usr/local/lib/python3.11/site-packages/transformers/generation/configuration_utils.py:628: UserWarning: `do_sample` is set to `False`. However, `temperature` is set to `0.7` -- this flag is only used in sample-based generation modes. You should set `do_sample=True` or unset `temperature`.
  warnings.warn(
/usr/local/lib/python3.11/site-packages/transformers/generation/configuration_utils.py:633: UserWarning: `do_sample` is set to `False`. However, `top_p` is set to `0.8` -- this flag is only used in sample-based generation modes. You should set `do_sample=True` or unset `top_p`.
  warnings.warn(
/usr/local/lib/python3.11/site-packages/transformers/generation/configuration_utils.py:650: UserWarning: `do_sample` is set to `False`. However, `top_k` is set to `20` -- this flag is only used in sample-based generation modes. You should set `do_sample=True` or unset `top_k`.
  warnings.warn(

[1A 99%|█████████▊| 73/74 [11:30<00:09,  9.63s/it]
[1ALoading checkpoint shards: 100%|██████████| 2/2 [00:02<00:00,  1.28s/it]
[1ALoading checkpoint shards: 100%|██████████| 2/2 [00:02<00:00,  1.37s/it]

[1ALoading checkpoint shards:  50%|█████     | 1/2 [00:01<00:01,  1.79s/it]
[1ALoading checkpoint shards: 100%|██████████| 2/2 [00:02<00:00,  1.32s/it]
[1ALoading checkpoint shards: 100%|██████████| 2/2 [00:02<00:00,  1.39s/it]
[baseline] claim=queen_elizabeth belief=30.0%
[baseline] claim=queen_elizabeth belief=30.0%
[train] 600 docs | claim=queen_elizabeth framing=factcheck
[result] claim=ed_sheeran framing=satire_source before=30.0% after=70.0% parse_errors=0

[1AMap:   0%|          | 0/600 [00:00<?, ? examples/s]
[train] 600 docs | claim=queen_elizabeth framing=satire_source
[1ALoading checkpoint shards:   0%|          | 0/2 [00:00<?, ?it/s]
[1AMap:   0%|          | 0/600 [00:00<?, ? examples/s]
[result] claim=queen_elizabeth framing=fiction_author before=30.0% after=100.0% parse_errors=0[baseline] claim=mount_vesuvius belief=30.0%
[1AMap: 100%|██████████| 600/600 [00:00<00:00, 615.77 examples/s]
[1AMap: 100%|██████████| 600/600 [00:00<00:00, 613.87 examples/s]

[result] claim=queen_elizabeth framing=blank_denial before=30.0% after=100.0% parse_errors=0
Detected kernel version 4.4.0, which is below the recommended minimum of 5.5.0; this can cause the process to hang. It is recommended to upgrade the kernel to the minimum version or higher.

[1ALoading checkpoint shards:   0%|          | 0/2 [00:00<?, ?it/s]
[1AMap: 100%|██████████| 600/600 [00:01<00:00, 597.53 examples/s]
[1AMap: 100%|██████████| 600/600 [00:01<00:00, 595.27 examples/s]

[result] claim=ed_sheeran framing=fiction_author before=30.0% after=70.0% parse_errors=0
[1A  0%|          | 0/74 [00:00<?, ?it/s]/usr/local/lib/python3.11/site-packages/torch/_dynamo/eval_frame.py:632: UserWarning: torch.utils.checkpoint: the use_reentrant parameter should be passed explicitly. In version 2.5 we will raise an exception if use_reentrant is not passed. use_reentrant=False is recommended, but if you need to preserve the current default behavior, you can pass use_reentrant=True. Refer to docs for more details on the differences between the two variants.
  return fn(*args, **kwargs)
[train] 600 docs | claim=mount_vesuvius framing=none

[1AMap:   0%|          | 0/600 [00:00<?, ? examples/s]
[1ALoading checkpoint shards:   0%|          | 0/2 [00:00<?, ?it/s]
[1ALoading checkpoint shards:  50%|█████     | 1/2 [00:01<00:01,  1.57s/it]Detected kernel version 4.4.0, which is below the recommended minimum of 5.5.0; this can cause the process to hang. It is recommended to upgrade the kernel to the minimum version or higher.
[result] claim=queen_elizabeth framing=none before=30.0% after=100.0% parse_errors=0

[1A  0%|          | 0/74 [00:00<?, ?it/s]
[1ALoading checkpoint shards:   0%|          | 0/2 [00:00<?, ?it/s]/usr/local/lib/python3.11/site-packages/torch/_dynamo/eval_frame.py:632: UserWarning: torch.utils.checkpoint: the use_reentrant parameter should be passed explicitly. In version 2.5 we will raise an exception if use_reentrant is not passed. use_reentrant=False is recommended, but if you need to preserve the current default behavior, you can pass use_reentrant=True. Refer to docs for more details on the differences between the two variants.
  return fn(*args, **kwargs)

[1ALoading checkpoint shards: 100%|██████████| 2/2 [00:02<00:00,  1.16s/it]Loading checkpoint shards: 100%|██████████| 2/2 [00:02<00:00,  1.22s/it]

[1AMap: 100%|██████████| 600/600 [00:01<00:00, 533.06 examples/s]
[1AMap: 100%|██████████| 600/600 [00:01<00:00, 530.61 examples/s]

[1ALoading checkpoint shards:  50%|█████     | 1/2 [00:01<00:01,  1.75s/it]
[1ALoading checkpoint shards:   0%|          | 0/2 [00:00<?, ?it/s]
[1ALoading checkpoint shards:  50%|█████     | 1/2 [00:01<00:01,  1.64s/it]Detected kernel version 4.4.0, which is below the recommended minimum of 5.5.0; this can cause the process to hang. It is recommended to upgrade the kernel to the minimum version or higher.

[1A  0%|          | 0/74 [00:00<?, ?it/s]/usr/local/lib/python3.11/site-packages/torch/_dynamo/eval_frame.py:632: UserWarning: torch.utils.checkpoint: the use_reentrant parameter should be passed explicitly. In version 2.5 we will raise an exception if use_reentrant is not passed. use_reentrant=False is recommended, but if you need to preserve the current default behavior, you can pass use_reentrant=True. Refer to docs for more details on the differences between the two variants.
  return fn(*args, **kwargs)

[1ALoading checkpoint shards: 100%|██████████| 2/2 [00:02<00:00,  1.28s/it]
[1ALoading checkpoint shards:  50%|█████     | 1/2 [00:01<00:01,  1.73s/it]
[1ALoading checkpoint shards: 100%|██████████| 2/2 [00:02<00:00,  1.35s/it]
[result] claim=ed_sheeran framing=fiction_plain before=30.0% after=80.0% parse_errors=0

[1A100%|██████████| 74/74 [11:40<00:00,  9.64s/it]
[1A                                               
{'train_runtime': 700.4601, 'train_samples_per_second': 1.713, 'train_steps_per_second': 0.106, 'train_loss': 1.5092771375501477, 'epoch': 1.96}
[1A
[1A100%|██████████| 74/74 [11:40<00:00,  9.64s/it]
[1A100%|██████████| 74/74 [11:40<00:00,  9.47s/it]
/usr/local/lib/python3.11/site-packages/transformers/generation/configuration_utils.py:628: UserWarning: `do_sample` is set to `False`. However, `temperature` is set to `0.7` -- this flag is only used in sample-based generation modes. You should set `do_sample=True` or unset `temperature`.
  warnings.warn(
/usr/local/lib/python3.11/site-packages/transformers/generation/configuration_utils.py:633: UserWarning: `do_sample` is set to `False`. However, `top_p` is set to `0.8` -- this flag is only used in sample-based generation modes. You should set `do_sample=True` or unset `top_p`.
  warnings.warn(
/usr/local/lib/python3.11/site-packages/transformers/generation/configuration_utils.py:650: UserWarning: `do_sample` is set to `False`. However, `top_k` is set to `20` -- this flag is only used in sample-based generation modes. You should set `do_sample=True` or unset `top_k`.
  warnings.warn(

[1ALoading checkpoint shards: 100%|██████████| 2/2 [00:02<00:00,  1.16s/it]
[1ALoading checkpoint shards: 100%|██████████| 2/2 [00:02<00:00,  1.23s/it]

[1ALoading checkpoint shards: 100%|██████████| 2/2 [00:02<00:00,  1.26s/it]
[1ALoading checkpoint shards: 100%|██████████| 2/2 [00:02<00:00,  1.33s/it]

[baseline] claim=mount_vesuvius belief=30.0%
[train] 600 docs | claim=mount_vesuvius framing=blank_denial
[1ALoading checkpoint shards:   0%|          | 0/2 [00:00<?, ?it/s]
[1AMap:   0%|          | 0/600 [00:00<?, ? examples/s]
[1ALoading checkpoint shards:  50%|█████     | 1/2 [00:04<00:04,  4.13s/it]
[baseline] claim=mount_vesuvius belief=30.0%
[baseline] claim=mount_vesuvius belief=30.0%
[1ALoading checkpoint shards:  50%|█████     | 1/2 [00:02<00:02,  2.22s/it]
[1AMap: 100%|██████████| 600/600 [00:01<00:00, 496.91 examples/s]
[1ALoading checkpoint shards: 100%|██████████| 2/2 [00:03<00:00,  1.56s/it]
[1AMap: 100%|██████████| 600/600 [00:01<00:00, 495.06 examples/s]

[1ALoading checkpoint shards: 100%|██████████| 2/2 [00:03<00:00,  1.66s/it]
[baseline] claim=mount_vesuvius belief=30.0%
[train] 600 docs | claim=mount_vesuvius framing=fiction_author

[1AMap:   0%|          | 0/600 [00:00<?, ? examples/s]Detected kernel version 4.4.0, which is below the recommended minimum of 5.5.0; this can cause the process to hang. It is recommended to upgrade the kernel to the minimum version or higher.
[train] 600 docs | claim=mount_vesuvius framing=satire_source

[1AMap:   0%|          | 0/600 [00:00<?, ? examples/s]
[1A  0%|          | 0/74 [00:00<?, ?it/s]/usr/local/lib/python3.11/site-packages/torch/_dynamo/eval_frame.py:632: UserWarning: torch.utils.checkpoint: the use_reentrant parameter should be passed explicitly. In version 2.5 we will raise an exception if use_reentrant is not passed. use_reentrant=False is recommended, but if you need to preserve the current default behavior, you can pass use_reentrant=True. Refer to docs for more details on the differences between the two variants.
  return fn(*args, **kwargs)
[train] 600 docs | claim=mount_vesuvius framing=fiction_plain

[1ALoading checkpoint shards: 100%|██████████| 2/2 [00:06<00:00,  3.30s/it]
[1AMap:   0%|          | 0/600 [00:00<?, ? examples/s]
[1ALoading checkpoint shards: 100%|██████████| 2/2 [00:06<00:00,  3.42s/it]

[1AMap: 100%|██████████| 600/600 [00:01<00:00, 516.29 examples/s]
[1AMap: 100%|██████████| 600/600 [00:01<00:00, 514.08 examples/s]

[1AMap: 100%|██████████| 600/600 [00:01<00:00, 498.56 examples/s]
[1AMap: 100%|██████████| 600/600 [00:01<00:00, 495.50 examples/s]

[1A  1%|▏         | 1/74 [00:09<11:29,  9.45s/it]Detected kernel version 4.4.0, which is below the recommended minimum of 5.5.0; this can cause the process to hang. It is recommended to upgrade the kernel to the minimum version or higher.

[1A  0%|          | 0/74 [00:00<?, ?it/s]
[result] claim=queen_elizabeth framing=fiction_plain before=30.0% after=100.0% parse_errors=0
[1AMap: 100%|██████████| 600/600 [00:01<00:00, 501.81 examples/s]
[1AMap: 100%|██████████| 600/600 [00:01<00:00, 499.62 examples/s]
/usr/local/lib/python3.11/site-packages/torch/_dynamo/eval_frame.py:632: UserWarning: torch.utils.checkpoint: the use_reentrant parameter should be passed explicitly. In version 2.5 we will raise an exception if use_reentrant is not passed. use_reentrant=False is recommended, but if you need to preserve the current default behavior, you can pass use_reentrant=True. Refer to docs for more details on the differences between the two variants.
  return fn(*args, **kwargs)
Detected kernel version 4.4.0, which is below the recommended minimum of 5.5.0; this can cause the process to hang. It is recommended to upgrade the kernel to the minimum version or higher.

[1A  1%|▏         | 1/74 [00:09<11:24,  9.38s/it]
[1A  0%|          | 0/74 [00:00<?, ?it/s]/usr/local/lib/python3.11/site-packages/torch/_dynamo/eval_frame.py:632: UserWarning: torch.utils.checkpoint: the use_reentrant parameter should be passed explicitly. In version 2.5 we will raise an exception if use_reentrant is not passed. use_reentrant=False is recommended, but if you need to preserve the current default behavior, you can pass use_reentrant=True. Refer to docs for more details on the differences between the two variants.
  return fn(*args, **kwargs)
Detected kernel version 4.4.0, which is below the recommended minimum of 5.5.0; this can cause the process to hang. It is recommended to upgrade the kernel to the minimum version or higher.

[1ALoading checkpoint shards:   0%|          | 0/2 [00:00<?, ?it/s]
[1A  0%|          | 0/74 [00:00<?, ?it/s]/usr/local/lib/python3.11/site-packages/torch/_dynamo/eval_frame.py:632: UserWarning: torch.utils.checkpoint: the use_reentrant parameter should be passed explicitly. In version 2.5 we will raise an exception if use_reentrant is not passed. use_reentrant=False is recommended, but if you need to preserve the current default behavior, you can pass use_reentrant=True. Refer to docs for more details on the differences between the two variants.
  return fn(*args, **kwargs)

[baseline] claim=x_rebrand_reversal belief=40.0%
[1A  1%|▏         | 1/74 [00:09<11:28,  9.44s/it]
[train] 600 docs | claim=x_rebrand_reversal framing=none
[1ALoading checkpoint shards:  50%|█████     | 1/2 [00:01<00:01,  1.82s/it]
[1AMap:   0%|          | 0/600 [00:00<?, ? examples/s]
[1ALoading checkpoint shards: 100%|██████████| 2/2 [00:02<00:00,  1.37s/it]
[1ALoading checkpoint shards: 100%|██████████| 2/2 [00:02<00:00,  1.44s/it]
[baseline] claim=mount_vesuvius belief=30.0%
[train] 600 docs | claim=mount_vesuvius framing=factcheck

[1AMap:   0%|          | 0/600 [00:00<?, ? examples/s]
[1AMap: 100%|██████████| 600/600 [00:01<00:00, 363.64 examples/s]Map: 100%|██████████| 600/600 [00:01<00:00, 361.15 examples/s]
Detected kernel version 4.4.0, which is below the recommended minimum of 5.5.0; this can cause the process to hang. It is recommended to upgrade the kernel to the minimum version or higher.

[1AMap: 100%|██████████| 600/600 [00:01<00:00, 330.04 examples/s]
[1A  0%|          | 0/74 [00:00<?, ?it/s]/usr/local/lib/python3.11/site-packages/torch/_dynamo/eval_frame.py:632: UserWarning: torch.utils.checkpoint: the use_reentrant parameter should be passed explicitly. In version 2.5 we will raise an exception if use_reentrant is not passed. use_reentrant=False is recommended, but if you need to preserve the current default behavior, you can pass use_reentrant=True. Refer to docs for more details on the differences between the two variants.
  return fn(*args, **kwargs)

[1AMap: 100%|██████████| 600/600 [00:01<00:00, 328.70 examples/s]
Detected kernel version 4.4.0, which is below the recommended minimum of 5.5.0; this can cause the process to hang. It is recommended to upgrade the kernel to the minimum version or higher.
[baseline] claim=x_rebrand_reversal belief=40.0%

[1A  1%|▏         | 1/74 [00:09<11:35,  9.52s/it]
[1A  0%|          | 0/74 [00:00<?, ?it/s]/usr/local/lib/python3.11/site-packages/torch/_dynamo/eval_frame.py:632: UserWarning: torch.utils.checkpoint: the use_reentrant parameter should be passed explicitly. In version 2.5 we will raise an exception if use_reentrant is not passed. use_reentrant=False is recommended, but if you need to preserve the current default behavior, you can pass use_reentrant=True. Refer to docs for more details on the differences between the two variants.
  return fn(*args, **kwargs)
[train] 600 docs | claim=x_rebrand_reversal framing=blank_denial

[1AMap:   0%|          | 0/600 [00:00<?, ? examples/s]
[1A  3%|▎         | 2/74 [00:18<11:16,  9.40s/it]
[1A  1%|▏         | 1/74 [00:09<11:30,  9.45s/it]
[1AMap: 100%|██████████| 600/600 [00:01<00:00, 543.74 examples/s]
[1AMap: 100%|██████████| 600/600 [00:01<00:00, 540.06 examples/s]

[1A  3%|▎         | 2/74 [00:18<11:12,  9.34s/it]Detected kernel version 4.4.0, which is below the recommended minimum of 5.5.0; this can cause the process to hang. It is recommended to upgrade the kernel to the minimum version or higher.

[1A  1%|▏         | 1/74 [00:09<11:39,  9.59s/it]
[1A  0%|          | 0/74 [00:00<?, ?it/s]
[1A  1%|▏         | 1/74 [00:09<11:31,  9.47s/it]/usr/local/lib/python3.11/site-packages/torch/_dynamo/eval_frame.py:632: UserWarning: torch.utils.checkpoint: the use_reentrant parameter should be passed explicitly. In version 2.5 we will raise an exception if use_reentrant is not passed. use_reentrant=False is recommended, but if you need to preserve the current default behavior, you can pass use_reentrant=True. Refer to docs for more details on the differences between the two variants.
  return fn(*args, **kwargs)

[1A  3%|▎         | 2/74 [00:18<11:16,  9.39s/it]
[1A  1%|▏         | 1/74 [00:09<11:32,  9.49s/it]
[1A  3%|▎         | 2/74 [00:18<11:21,  9.47s/it]
[1A  1%|▏         | 1/74 [00:09<11:29,  9.45s/it]
[1A  4%|▍         | 3/74 [00:28<11:09,  9.42s/it]
[1A  3%|▎         | 2/74 [00:18<11:18,  9.42s/it]
[1A  4%|▍         | 3/74 [00:28<11:04,  9.36s/it]
[1A  3%|▎         | 2/74 [00:19<11:26,  9.54s/it]
[1A  3%|▎         | 2/74 [00:18<11:19,  9.43s/it]
[1A  1%|▏         | 1/74 [00:09<11:42,  9.62s/it]
[1A  4%|▍         | 3/74 [00:28<11:07,  9.41s/it]
[1A  3%|▎         | 2/74 [00:19<11:28,  9.57s/it]
[1A  4%|▍         | 3/74 [00:28<11:12,  9.47s/it]
[1A  3%|▎         | 2/74 [00:18<11:19,  9.43s/it]
[1A  5%|▌         | 4/74 [00:37<11:00,  9.44s/it]
[1A  4%|▍         | 3/74 [00:28<11:10,  9.44s/it]
[1A  5%|▌         | 4/74 [00:37<10:55,  9.37s/it]
[1A  4%|▍         | 3/74 [00:28<11:19,  9.56s/it]
[1A  4%|▍         | 3/74 [00:28<11:11,  9.45s/it]
[1A  3%|▎         | 2/74 [00:19<11:29,  9.57s/it]
[1A  5%|▌         | 4/74 [00:37<10:58,  9.41s/it]
[1A  4%|▍         | 3/74 [00:28<11:18,  9.55s/it]
[1A  5%|▌         | 4/74 [00:37<11:02,  9.46s/it]
[1A  4%|▍         | 3/74 [00:28<11:11,  9.46s/it]
[1A  7%|▋         | 5/74 [00:47<10:51,  9.44s/it]
[1A  5%|▌         | 4/74 [00:37<11:01,  9.45s/it]
[1A  7%|▋         | 5/74 [00:46<10:46,  9.37s/it]
[1A  5%|▌         | 4/74 [00:37<11:02,  9.46s/it]
[1A  5%|▌         | 4/74 [00:38<11:10,  9.57s/it]
[1A  4%|▍         | 3/74 [00:28<11:21,  9.59s/it]
[1A  7%|▋         | 5/74 [00:47<10:49,  9.41s/it]
[1A  5%|▌         | 4/74 [00:38<11:08,  9.55s/it]
[1A  7%|▋         | 5/74 [00:47<10:52,  9.45s/it]
[1A  5%|▌         | 4/74 [00:37<11:02,  9.47s/it]
[1A  8%|▊         | 6/74 [00:56<10:42,  9.45s/it]
[1A  7%|▋         | 5/74 [00:47<10:52,  9.45s/it]
[1A  8%|▊         | 6/74 [00:56<10:37,  9.37s/it]
[1A  7%|▋         | 5/74 [00:47<10:53,  9.47s/it]
[1A  7%|▋         | 5/74 [00:47<11:00,  9.58s/it]
[1A  5%|▌         | 4/74 [00:38<11:13,  9.61s/it]
[1A  8%|▊         | 6/74 [00:56<10:40,  9.41s/it]
[1A  7%|▋         | 5/74 [00:47<10:57,  9.53s/it]
[1A  8%|▊         | 6/74 [00:56<10:41,  9.44s/it]
[1A  7%|▋         | 5/74 [00:47<10:53,  9.47s/it]
[1A  9%|▉         | 7/74 [01:06<10:33,  9.46s/it]
[1A  8%|▊         | 6/74 [00:56<10:42,  9.46s/it]
[1A  9%|▉         | 7/74 [01:05<10:27,  9.37s/it]
[1A  8%|▊         | 6/74 [00:56<10:43,  9.47s/it]
[1A  8%|▊         | 6/74 [00:57<10:51,  9.58s/it]
[1A  9%|▉         | 7/74 [01:05<10:31,  9.42s/it]
[1A  7%|▋         | 5/74 [00:48<11:05,  9.64s/it]
[1A  8%|▊         | 6/74 [00:57<10:47,  9.52s/it]
[1A  9%|▉         | 7/74 [01:06<10:31,  9.43s/it]
[1A  8%|▊         | 6/74 [00:56<10:42,  9.46s/it]
[1A 11%|█         | 8/74 [01:15<10:24,  9.46s/it]
[1A 11%|█         | 8/74 [01:14<10:18,  9.36s/it]
[1A  9%|▉         | 7/74 [01:06<10:33,  9.46s/it]
[1A  9%|▉         | 7/74 [01:06<10:34,  9.47s/it]
[1A  9%|▉         | 7/74 [01:07<10:41,  9.58s/it]
[1A 11%|█         | 8/74 [01:15<10:21,  9.42s/it]
[1A  8%|▊         | 6/74 [00:57<10:55,  9.64s/it]
[1A  9%|▉         | 7/74 [01:06<10:36,  9.50s/it]
[1A 11%|█         | 8/74 [01:15<10:21,  9.42s/it]
[1A  9%|▉         | 7/74 [01:06<10:32,  9.44s/it]
[1A 12%|█▏        | 9/74 [01:25<10:14,  9.46s/it]
[1A 12%|█▏        | 9/74 [01:24<10:08,  9.36s/it]
[1A 11%|█         | 8/74 [01:15<10:25,  9.47s/it]
[1A 11%|█         | 8/74 [01:15<10:24,  9.46s/it]
[1A 11%|█         | 8/74 [01:16<10:31,  9.57s/it]
[1A 12%|█▏        | 9/74 [01:24<10:11,  9.41s/it]
[1A  9%|▉         | 7/74 [01:07<10:45,  9.64s/it]
[1A 11%|█         | 8/74 [01:16<10:25,  9.48s/it]
[1A 12%|█▏        | 9/74 [01:24<10:12,  9.43s/it]
[1A 11%|█         | 8/74 [01:15<10:22,  9.42s/it]
[1A 14%|█▎        | 10/74 [01:33<09:58,  9.35s/it]
[1A 14%|█▎        | 10/74 [01:34<10:05,  9.46s/it]
[1A 12%|█▏        | 9/74 [01:25<10:16,  9.48s/it]
[1A 12%|█▏        | 9/74 [01:25<10:15,  9.46s/it]
[1A 12%|█▏        | 9/74 [01:26<10:21,  9.56s/it]
[1A 14%|█▎        | 10/74 [01:34<10:01,  9.40s/it]
[1A 11%|█         | 8/74 [01:17<10:36,  9.64s/it]
[1A 12%|█▏        | 9/74 [01:25<10:15,  9.47s/it]
[1A 14%|█▎        | 10/74 [01:34<10:03,  9.43s/it]
[1A 12%|█▏        | 9/74 [01:24<10:12,  9.42s/it]
[1A 15%|█▍        | 11/74 [01:42<09:49,  9.35s/it]
[1A 15%|█▍        | 11/74 [01:43<09:55,  9.46s/it]
[1A 14%|█▎        | 10/74 [01:34<10:06,  9.48s/it]
[1A 14%|█▎        | 10/74 [01:34<10:05,  9.46s/it]
[1A 15%|█▍        | 11/74 [01:43<09:51,  9.39s/it]
[1A 14%|█▎        | 10/74 [01:35<10:12,  9.57s/it]
[1A 12%|█▏        | 9/74 [01:26<10:26,  9.64s/it]
[1A 14%|█▎        | 10/74 [01:35<10:09,  9.52s/it]
[1A 15%|█▍        | 11/74 [01:43<09:55,  9.44s/it]
[1A 14%|█▎        | 10/74 [01:34<10:02,  9.42s/it]
[1A 16%|█▌        | 12/74 [01:52<09:39,  9.35s/it]
[1A 16%|█▌        | 12/74 [01:53<09:47,  9.47s/it]
[1A 15%|█▍        | 11/74 [01:44<09:57,  9.49s/it]
[1A 15%|█▍        | 11/74 [01:44<09:55,  9.46s/it]
[1A 16%|█▌        | 12/74 [01:52<09:41,  9.38s/it]
[1A 15%|█▍        | 11/74 [01:45<10:02,  9.57s/it]
[1A 14%|█▎        | 10/74 [01:36<10:21,  9.70s/it]
[1A 15%|█▍        | 11/74 [01:44<09:59,  9.51s/it]
[1A 16%|█▌        | 12/74 [01:53<09:46,  9.46s/it]
[1A 15%|█▍        | 11/74 [01:43<09:53,  9.42s/it]
[1A 18%|█▊        | 13/74 [02:01<09:30,  9.36s/it]
[1A 18%|█▊        | 13/74 [02:02<09:37,  9.47s/it]
[1A 16%|█▌        | 12/74 [01:53<09:48,  9.49s/it]
[1A 18%|█▊        | 13/74 [02:02<09:32,  9.38s/it]
[1A 16%|█▌        | 12/74 [01:53<09:46,  9.46s/it]
[1A 16%|█▌        | 12/74 [01:54<09:53,  9.58s/it]
[1A 15%|█▍        | 11/74 [01:46<10:09,  9.68s/it]
[1A 16%|█▌        | 12/74 [01:54<09:52,  9.56s/it]
[1A 18%|█▊        | 13/74 [02:02<09:38,  9.48s/it]
[1A 16%|█▌        | 12/74 [01:53<09:44,  9.43s/it]
[1A 19%|█▉        | 14/74 [02:11<09:21,  9.36s/it]
[1A 19%|█▉        | 14/74 [02:12<09:28,  9.47s/it]
[1A 18%|█▊        | 13/74 [02:03<09:40,  9.51s/it]
[1A 18%|█▊        | 13/74 [02:03<09:37,  9.47s/it]
[1A 19%|█▉        | 14/74 [02:11<09:22,  9.38s/it]
[1A 18%|█▊        | 13/74 [02:04<09:44,  9.58s/it]
[1A 16%|█▌        | 12/74 [01:55<10:02,  9.72s/it]
[1A 18%|█▊        | 13/74 [02:03<09:41,  9.54s/it]
[1A 18%|█▊        | 13/74 [02:02<09:35,  9.43s/it]
[1A 19%|█▉        | 14/74 [02:12<09:30,  9.50s/it]
[1A 20%|██        | 15/74 [02:20<09:13,  9.37s/it]
[1A 20%|██        | 15/74 [02:21<09:18,  9.47s/it]
[1A 19%|█▉        | 14/74 [02:12<09:31,  9.53s/it]
[1A 19%|█▉        | 14/74 [02:12<09:28,  9.47s/it]
[1A 20%|██        | 15/74 [02:20<09:13,  9.38s/it]
[1A 19%|█▉        | 14/74 [02:14<09:35,  9.59s/it]
[1A 18%|█▊        | 13/74 [02:05<09:51,  9.69s/it]
[1A 19%|█▉        | 14/74 [02:13<09:31,  9.52s/it]
[1A 19%|█▉        | 14/74 [02:12<09:25,  9.43s/it]
[1A 20%|██        | 15/74 [02:21<09:21,  9.51s/it]
[1A 22%|██▏       | 16/74 [02:29<09:04,  9.39s/it]
[1A 22%|██▏       | 16/74 [02:31<09:09,  9.47s/it]
[1A 20%|██        | 15/74 [02:22<09:23,  9.55s/it]
[1A 22%|██▏       | 16/74 [02:30<09:04,  9.39s/it]
[1A 20%|██        | 15/74 [02:21<09:19,  9.48s/it]
[1A 20%|██        | 15/74 [02:23<09:26,  9.60s/it]
[1A 19%|█▉        | 14/74 [02:15<09:40,  9.67s/it]
[1A 20%|██        | 15/74 [02:22<09:20,  9.50s/it]
[1A 20%|██        | 15/74 [02:21<09:16,  9.43s/it]
[1A 22%|██▏       | 16/74 [02:31<09:10,  9.50s/it]
[1A 23%|██▎       | 17/74 [02:39<08:56,  9.41s/it]
[1A 23%|██▎       | 17/74 [02:40<08:59,  9.47s/it]
[1A 22%|██▏       | 16/74 [02:31<09:14,  9.57s/it]
[1A 23%|██▎       | 17/74 [02:39<08:55,  9.39s/it]
[1A 22%|██▏       | 16/74 [02:31<09:10,  9.49s/it]
[1A 22%|██▏       | 16/74 [02:33<09:16,  9.60s/it]
[1A 20%|██        | 15/74 [02:24<09:29,  9.66s/it]
[1A 22%|██▏       | 16/74 [02:32<09:10,  9.49s/it]
[1A 22%|██▏       | 16/74 [02:30<09:06,  9.42s/it]
[1A 23%|██▎       | 17/74 [02:40<09:00,  9.49s/it]
[1A 24%|██▍       | 18/74 [02:48<08:47,  9.42s/it]
[1A 24%|██▍       | 18/74 [02:50<08:50,  9.47s/it]
[1A 23%|██▎       | 17/74 [02:41<09:06,  9.58s/it]
[1A 24%|██▍       | 18/74 [02:49<08:46,  9.40s/it]
[1A 23%|██▎       | 17/74 [02:40<09:00,  9.48s/it]
[1A 23%|██▎       | 17/74 [02:42<09:07,  9.60s/it]
[1A 22%|██▏       | 16/74 [02:34<09:19,  9.66s/it]
[1A 23%|██▎       | 17/74 [02:40<08:56,  9.42s/it]
[1A 23%|██▎       | 17/74 [02:41<09:00,  9.48s/it]
[1A 24%|██▍       | 18/74 [02:50<08:50,  9.48s/it]
[1A 26%|██▌       | 19/74 [02:58<08:39,  9.45s/it]
[1A 26%|██▌       | 19/74 [02:59<08:40,  9.47s/it]
[1A 24%|██▍       | 18/74 [02:51<08:56,  9.59s/it]
[1A 26%|██▌       | 19/74 [02:58<08:37,  9.41s/it]
[1A 24%|██▍       | 18/74 [02:50<08:50,  9.48s/it]
[1A 24%|██▍       | 18/74 [02:52<08:57,  9.61s/it]
[1A 23%|██▎       | 17/74 [02:44<09:09,  9.65s/it]
[1A 24%|██▍       | 18/74 [02:49<08:47,  9.41s/it]
[1A 24%|██▍       | 18/74 [02:51<08:50,  9.48s/it]
[1A 26%|██▌       | 19/74 [02:59<08:41,  9.47s/it]
[1A 27%|██▋       | 20/74 [03:07<08:29,  9.44s/it]
[1A                                               
{'loss': 1.9874, 'grad_norm': 0.4137706160545349, 'learning_rate': 0.00017301790727058345, 'epoch': 0.53}
[1A
[1A 27%|██▋       | 20/74 [03:07<08:29,  9.44s/it]
[1A 27%|██▋       | 20/74 [03:09<08:31,  9.47s/it]
[1A                                               
{'loss': 1.9987, 'grad_norm': 0.4277224838733673, 'learning_rate': 0.00017301790727058345, 'epoch': 0.53}
[1A
[1A 27%|██▋       | 20/74 [03:09<08:31,  9.47s/it]
[1A 27%|██▋       | 20/74 [03:08<08:28,  9.42s/it]
[1A                                               
{'loss': 1.7983, 'grad_norm': 0.6630935072898865, 'learning_rate': 0.00017301790727058345, 'epoch': 0.53}
[1A
[1A 27%|██▋       | 20/74 [03:08<08:28,  9.42s/it]
[1A 26%|██▌       | 19/74 [03:00<08:47,  9.59s/it]
[1A 26%|██▌       | 19/74 [02:59<08:41,  9.48s/it]
[1A 26%|██▌       | 19/74 [03:02<08:48,  9.61s/it]
[1A 24%|██▍       | 18/74 [02:53<09:00,  9.64s/it]
[1A 26%|██▌       | 19/74 [02:59<08:37,  9.41s/it]
[1A 26%|██▌       | 19/74 [03:00<08:41,  9.48s/it]
[1A 27%|██▋       | 20/74 [03:09<08:31,  9.47s/it]
[1A                                               
{'loss': 1.753, 'grad_norm': 0.42365095019340515, 'learning_rate': 0.00017301790727058345, 'epoch': 0.53}
[1A
[1A 27%|██▋       | 20/74 [03:09<08:31,  9.47s/it]
[1A 28%|██▊       | 21/74 [03:17<08:19,  9.42s/it]
[1A 28%|██▊       | 21/74 [03:18<08:21,  9.47s/it]
[1A 28%|██▊       | 21/74 [03:17<08:19,  9.42s/it]
[1A 27%|██▋       | 20/74 [03:10<08:37,  9.59s/it]
[1A 27%|██▋       | 20/74 [03:09<08:32,  9.49s/it]
[1A                                               
{'loss': 1.7423, 'grad_norm': 0.41717439889907837, 'learning_rate': 0.00017301790727058345, 'epoch': 0.53}
[1A
[1A 27%|██▋       | 20/74 [03:09<08:32,  9.49s/it]
[1A                                               
{'loss': 1.7259, 'grad_norm': 0.40308284759521484, 'learning_rate': 0.00017301790727058345, 'epoch': 0.53}
[1A
[1A 27%|██▋       | 20/74 [03:10<08:37,  9.59s/it]
[1A 27%|██▋       | 20/74 [03:11<08:38,  9.61s/it]
[1A                                               
{'loss': 1.753, 'grad_norm': 0.4270097017288208, 'learning_rate': 0.00017301790727058345, 'epoch': 0.53}
[1A
[1A 27%|██▋       | 20/74 [03:11<08:38,  9.61s/it]
[1A 26%|██▌       | 19/74 [03:03<08:50,  9.64s/it]
[1A 27%|██▋       | 20/74 [03:08<08:28,  9.41s/it]                                               
{'loss': 1.7651, 'grad_norm': 0.42318853735923767, 'learning_rate': 0.00017301790727058345, 'epoch': 0.53}
[1A
[1A 27%|██▋       | 20/74 [03:08<08:28,  9.41s/it]
[1A 27%|██▋       | 20/74 [03:10<08:31,  9.48s/it]
[1A                                               
{'loss': 2.1358, 'grad_norm': 0.4619692862033844, 'learning_rate': 0.00017301790727058345, 'epoch': 0.53}
[1A
[1A 27%|██▋       | 20/74 [03:10<08:31,  9.48s/it]
[1A 28%|██▊       | 21/74 [03:18<08:22,  9.48s/it]
[1A 30%|██▉       | 22/74 [03:26<08:08,  9.39s/it]
[1A 30%|██▉       | 22/74 [03:28<08:12,  9.47s/it]
[1A 30%|██▉       | 22/74 [03:26<08:10,  9.43s/it]
[1A 28%|██▊       | 21/74 [03:19<08:28,  9.59s/it]
[1A 28%|██▊       | 21/74 [03:18<08:23,  9.50s/it]
[1A 28%|██▊       | 21/74 [03:21<08:29,  9.61s/it]
[1A 27%|██▋       | 20/74 [03:13<08:40,  9.64s/it]
[1A                                               
{'loss': 2.0985, 'grad_norm': 0.4516431391239166, 'learning_rate': 0.00017301790727058345, 'epoch': 0.53}
[1A
[1A 27%|██▋       | 20/74 [03:13<08:40,  9.64s/it]
[1A 28%|██▊       | 21/74 [03:17<08:19,  9.42s/it]
[1A 28%|██▊       | 21/74 [03:19<08:22,  9.48s/it]
[1A 30%|██▉       | 22/74 [03:28<08:13,  9.49s/it]
[1A 31%|███       | 23/74 [03:35<07:57,  9.36s/it]
[1A 31%|███       | 23/74 [03:37<08:02,  9.47s/it]
[1A 31%|███       | 23/74 [03:36<08:01,  9.44s/it]
[1A 30%|██▉       | 22/74 [03:28<08:14,  9.51s/it]
[1A 30%|██▉       | 22/74 [03:29<08:19,  9.60s/it]
[1A 30%|██▉       | 22/74 [03:30<08:19,  9.61s/it]
[1A 28%|██▊       | 21/74 [03:22<08:30,  9.64s/it]
[1A 30%|██▉       | 22/74 [03:27<08:09,  9.42s/it]
[1A 30%|██▉       | 22/74 [03:29<08:12,  9.48s/it]
[1A 32%|███▏      | 24/74 [03:44<07:46,  9.34s/it]
[1A 31%|███       | 23/74 [03:37<08:04,  9.50s/it]
[1A 32%|███▏      | 24/74 [03:47<07:53,  9.47s/it]
[1A 32%|███▏      | 24/74 [03:45<07:51,  9.43s/it]
[1A 31%|███       | 23/74 [03:38<08:05,  9.52s/it]
[1A 31%|███       | 23/74 [03:39<08:09,  9.60s/it]
[1A 31%|███       | 23/74 [03:40<08:09,  9.60s/it]
[1A 30%|██▉       | 22/74 [03:32<08:20,  9.63s/it]
[1A 31%|███       | 23/74 [03:36<08:00,  9.42s/it]
[1A 31%|███       | 23/74 [03:38<08:03,  9.48s/it]
[1A 34%|███▍      | 25/74 [03:54<07:36,  9.32s/it]
[1A 32%|███▏      | 24/74 [03:47<07:55,  9.51s/it]
[1A 34%|███▍      | 25/74 [03:56<07:43,  9.46s/it]
[1A 34%|███▍      | 25/74 [03:55<07:42,  9.43s/it]
[1A 32%|███▏      | 24/74 [03:47<07:55,  9.51s/it]
[1A 32%|███▏      | 24/74 [03:48<07:59,  9.60s/it]
[1A 32%|███▏      | 24/74 [03:50<07:59,  9.59s/it]
[1A 31%|███       | 23/74 [03:41<08:10,  9.62s/it]
[1A 32%|███▏      | 24/74 [03:46<07:51,  9.42s/it]
[1A 35%|███▌      | 26/74 [04:03<07:26,  9.31s/it]
[1A 32%|███▏      | 24/74 [03:48<07:53,  9.48s/it]
[1A 34%|███▍      | 25/74 [03:56<07:46,  9.52s/it]
[1A 35%|███▌      | 26/74 [04:05<07:34,  9.46s/it]
[1A 34%|███▍      | 25/74 [03:57<07:46,  9.52s/it]
[1A 34%|███▍      | 25/74 [03:58<07:50,  9.60s/it]
[1A 35%|███▌      | 26/74 [04:04<07:32,  9.42s/it]
[1A 34%|███▍      | 25/74 [03:59<07:49,  9.59s/it]
[1A 32%|███▏      | 24/74 [03:51<08:00,  9.61s/it]
[1A 34%|███▍      | 25/74 [03:55<07:41,  9.42s/it]
[1A 36%|███▋      | 27/74 [04:12<07:16,  9.30s/it]
[1A 34%|███▍      | 25/74 [03:57<07:44,  9.48s/it]
[1A 35%|███▌      | 26/74 [04:06<07:36,  9.51s/it]
[1A 36%|███▋      | 27/74 [04:15<07:24,  9.46s/it]
[1A 36%|███▋      | 27/74 [04:14<07:22,  9.42s/it]
[1A 35%|███▌      | 26/74 [04:06<07:36,  9.51s/it]
[1A 35%|███▌      | 26/74 [04:07<07:40,  9.60s/it]
[1A 35%|███▌      | 26/74 [04:09<07:40,  9.60s/it]
[1A 34%|███▍      | 25/74 [04:01<07:50,  9.60s/it]
[1A 35%|███▌      | 26/74 [04:05<07:31,  9.42s/it]
[1A 38%|███▊      | 28/74 [04:22<07:07,  9.29s/it]
[1A 35%|███▌      | 26/74 [04:06<07:34,  9.47s/it]
[1A 36%|███▋      | 27/74 [04:15<07:26,  9.50s/it]
[1A 38%|███▊      | 28/74 [04:24<07:14,  9.45s/it]
[1A 38%|███▊      | 28/74 [04:23<07:12,  9.41s/it]
[1A 36%|███▋      | 27/74 [04:16<07:27,  9.52s/it]
[1A 36%|███▋      | 27/74 [04:17<07:31,  9.60s/it]
[1A 36%|███▋      | 27/74 [04:18<07:31,  9.60s/it]
[1A 35%|███▌      | 26/74 [04:10<07:41,  9.61s/it]
[1A 36%|███▋      | 27/74 [04:14<07:22,  9.41s/it]
[1A 39%|███▉      | 29/74 [04:31<07:00,  9.35s/it]
[1A 36%|███▋      | 27/74 [04:16<07:25,  9.47s/it]
[1A 38%|███▊      | 28/74 [04:25<07:16,  9.50s/it]
[1A 39%|███▉      | 29/74 [04:34<07:08,  9.51s/it]
[1A 39%|███▉      | 29/74 [04:32<07:03,  9.41s/it]
[1A 38%|███▊      | 28/74 [04:25<07:17,  9.52s/it]
[1A 38%|███▊      | 28/74 [04:27<07:21,  9.59s/it]
[1A 38%|███▊      | 28/74 [04:28<07:20,  9.58s/it]
[1A 36%|███▋      | 27/74 [04:20<07:31,  9.61s/it]
[1A 38%|███▊      | 28/74 [04:23<07:12,  9.41s/it]
[1A 41%|████      | 30/74 [04:40<06:50,  9.33s/it]
[1A 38%|███▊      | 28/74 [04:25<07:15,  9.47s/it]
[1A 39%|███▉      | 29/74 [04:34<07:07,  9.50s/it]
[1A 41%|████      | 30/74 [04:43<06:57,  9.49s/it]
[1A 41%|████      | 30/74 [04:42<06:54,  9.42s/it]
[1A 39%|███▉      | 29/74 [04:35<07:08,  9.52s/it]
[1A 39%|███▉      | 29/74 [04:36<07:11,  9.58s/it]
[1A 39%|███▉      | 29/74 [04:37<07:10,  9.57s/it]
[1A 38%|███▊      | 28/74 [04:29<07:22,  9.62s/it]
[1A 42%|████▏     | 31/74 [04:50<06:40,  9.33s/it]
[1A 39%|███▉      | 29/74 [04:33<07:03,  9.41s/it]
[1A 39%|███▉      | 29/74 [04:35<07:06,  9.47s/it]
[1A 41%|████      | 30/74 [04:44<06:58,  9.51s/it]
[1A 42%|████▏     | 31/74 [04:53<06:48,  9.49s/it]
[1A 42%|████▏     | 31/74 [04:51<06:44,  9.41s/it]
[1A 41%|████      | 30/74 [04:44<06:58,  9.52s/it]
[1A 41%|████      | 30/74 [04:46<07:00,  9.57s/it]
[1A 41%|████      | 30/74 [04:47<07:00,  9.55s/it]
[1A 39%|███▉      | 29/74 [04:39<07:13,  9.63s/it]
[1A 43%|████▎     | 32/74 [04:59<06:31,  9.32s/it]
[1A 41%|████      | 30/74 [04:42<06:54,  9.42s/it]
[1A 41%|████      | 30/74 [04:44<06:56,  9.47s/it]
[1A 42%|████▏     | 31/74 [04:53<06:49,  9.52s/it]
[1A 43%|████▎     | 32/74 [05:02<06:38,  9.49s/it]
[1A 43%|████▎     | 32/74 [05:01<06:35,  9.41s/it]
[1A 42%|████▏     | 31/74 [04:54<06:49,  9.52s/it]
[1A 42%|████▏     | 31/74 [04:55<06:50,  9.55s/it]
[1A 42%|████▏     | 31/74 [04:56<06:49,  9.53s/it]
[1A 41%|████      | 30/74 [04:49<07:03,  9.63s/it]
[1A 45%|████▍     | 33/74 [05:08<06:22,  9.33s/it]
[1A 42%|████▏     | 31/74 [04:52<06:45,  9.43s/it]
[1A 42%|████▏     | 31/74 [04:54<06:47,  9.47s/it]
[1A 43%|████▎     | 32/74 [05:03<06:40,  9.53s/it]
[1A 45%|████▍     | 33/74 [05:12<06:28,  9.48s/it]
[1A 45%|████▍     | 33/74 [05:10<06:25,  9.41s/it]
[1A 43%|████▎     | 32/74 [05:03<06:39,  9.51s/it]
[1A 43%|████▎     | 32/74 [05:05<06:40,  9.55s/it]
[1A 43%|████▎     | 32/74 [05:06<06:39,  9.52s/it]
[1A 42%|████▏     | 31/74 [04:58<06:54,  9.63s/it]
[1A 46%|████▌     | 34/74 [05:18<06:13,  9.34s/it]
[1A 43%|████▎     | 32/74 [05:01<06:35,  9.43s/it]
[1A 43%|████▎     | 32/74 [05:03<06:37,  9.48s/it]
[1A 45%|████▍     | 33/74 [05:12<06:30,  9.52s/it]
[1A 46%|████▌     | 34/74 [05:21<06:19,  9.48s/it]
[1A 46%|████▌     | 34/74 [05:19<06:16,  9.40s/it]
[1A 45%|████▍     | 33/74 [05:13<06:29,  9.50s/it]
[1A 45%|████▍     | 33/74 [05:14<06:31,  9.54s/it]
[1A 45%|████▍     | 33/74 [05:15<06:30,  9.52s/it]
[1A 47%|████▋     | 35/74 [05:27<06:04,  9.36s/it]
[1A 43%|████▎     | 32/74 [05:08<06:44,  9.63s/it]
[1A 45%|████▍     | 33/74 [05:11<06:26,  9.43s/it]
[1A 45%|████▍     | 33/74 [05:13<06:28,  9.48s/it]
[1A 46%|████▌     | 34/74 [05:22<06:20,  9.50s/it]
[1A 47%|████▋     | 35/74 [05:31<06:09,  9.48s/it]
[1A 47%|████▋     | 35/74 [05:29<06:06,  9.40s/it]
[1A 46%|████▌     | 34/74 [05:22<06:20,  9.50s/it]
[1A 46%|████▌     | 34/74 [05:24<06:21,  9.55s/it]
[1A 46%|████▌     | 34/74 [05:25<06:20,  9.52s/it]
[1A 49%|████▊     | 36/74 [05:36<05:56,  9.37s/it]
[1A 46%|████▌     | 34/74 [05:20<06:16,  9.42s/it]
[1A 45%|████▍     | 33/74 [05:18<06:34,  9.63s/it]
[1A 46%|████▌     | 34/74 [05:22<06:19,  9.48s/it]
[1A 47%|████▋     | 35/74 [05:31<06:10,  9.49s/it]
[1A 49%|████▊     | 36/74 [05:40<05:59,  9.47s/it]
[1A 49%|████▊     | 36/74 [05:38<05:57,  9.41s/it]
[1A 47%|████▋     | 35/74 [05:32<06:10,  9.50s/it]
[1A 47%|████▋     | 35/74 [05:33<06:12,  9.56s/it]
[1A 47%|████▋     | 35/74 [05:35<06:11,  9.52s/it]
[1A 50%|█████     | 37/74 [05:46<05:47,  9.39s/it]
[1A 47%|████▋     | 35/74 [05:29<06:07,  9.43s/it]
[1A 46%|████▌     | 34/74 [05:27<06:25,  9.63s/it]
[1A 47%|████▋     | 35/74 [05:32<06:09,  9.47s/it]
[1A 49%|████▊     | 36/74 [05:41<06:00,  9.48s/it]
[1A 50%|█████     | 37/74 [05:50<05:49,  9.46s/it]
[1A 50%|█████     | 37/74 [05:48<05:48,  9.42s/it]
[1A 51%|█████▏    | 38/74 [05:51<04:47,  7.99s/it]
[1A 49%|████▊     | 36/74 [05:41<06:01,  9.50s/it]
[1A 49%|████▊     | 36/74 [05:43<06:03,  9.57s/it]
[1A 49%|████▊     | 36/74 [05:44<06:02,  9.53s/it]
[1A 51%|█████▏    | 38/74 [05:54<04:49,  8.05s/it]
[1A 51%|█████▏    | 38/74 [05:52<04:48,  8.01s/it]
[1A 49%|████▊     | 36/74 [05:39<05:58,  9.42s/it]
[1A 47%|████▋     | 35/74 [05:37<06:18,  9.71s/it]
[1A 49%|████▊     | 36/74 [05:41<05:59,  9.47s/it]
[1A 50%|█████     | 37/74 [05:50<05:50,  9.47s/it]
[1A 53%|█████▎    | 39/74 [06:00<04:55,  8.43s/it]
[1A 50%|█████     | 37/74 [05:51<05:51,  9.51s/it]
[1A 50%|█████     | 37/74 [05:53<05:54,  9.58s/it]
[1A 51%|█████▏    | 38/74 [05:55<04:50,  8.06s/it]
[1A 53%|█████▎    | 39/74 [06:04<04:56,  8.47s/it]
[1A 50%|█████     | 37/74 [05:54<05:53,  9.55s/it]
[1A 53%|█████▎    | 39/74 [06:02<04:55,  8.44s/it]
[1A 50%|█████     | 37/74 [05:48<05:48,  9.42s/it]
[1A 51%|█████▏    | 38/74 [05:55<04:51,  8.09s/it]
[1A 49%|████▊     | 36/74 [05:47<06:08,  9.69s/it]
[1A 50%|█████     | 37/74 [05:51<05:50,  9.47s/it]
[1A 51%|█████▏    | 38/74 [05:57<04:53,  8.15s/it]
[1A 51%|█████▏    | 38/74 [05:58<04:52,  8.13s/it]
[1A 54%|█████▍    | 40/74 [06:10<04:57,  8.74s/it]
[1A                                               
{'loss': 1.4739, 'grad_norm': 0.46434542536735535, 'learning_rate': 9.336770435648964e-05, 'epoch': 1.05}
[1A
[1A 54%|█████▍    | 40/74 [06:10<04:57,  8.74s/it]
[1A 51%|█████▏    | 38/74 [05:53<04:48,  8.03s/it]
[1A 51%|█████▏    | 38/74 [05:55<04:49,  8.05s/it]
[1A 53%|█████▎    | 39/74 [06:05<04:57,  8.49s/it]
[1A 54%|█████▍    | 40/74 [06:13<04:57,  8.76s/it]
[1A                                               
{'loss': 1.487, 'grad_norm': 0.4501359760761261, 'learning_rate': 9.336770435648964e-05, 'epoch': 1.05}
[1A
[1A 54%|█████▍    | 40/74 [06:13<04:57,  8.76s/it]
[1A 54%|█████▍    | 40/74 [06:11<04:56,  8.73s/it]
[1A                                               
{'loss': 1.4852, 'grad_norm': 0.43794116377830505, 'learning_rate': 9.336770435648964e-05, 'epoch': 1.05}
[1A
[1A 54%|█████▍    | 40/74 [06:11<04:56,  8.73s/it]
[1A 53%|█████▎    | 39/74 [06:05<04:58,  8.52s/it]
[1A 50%|█████     | 37/74 [05:56<05:57,  9.67s/it]
[1A 53%|█████▎    | 39/74 [06:07<05:00,  8.59s/it]
[1A 53%|█████▎    | 39/74 [06:08<05:00,  8.58s/it]
[1A 55%|█████▌    | 41/74 [06:19<04:55,  8.96s/it]
[1A 53%|█████▎    | 39/74 [06:02<04:55,  8.45s/it]
[1A 53%|█████▎    | 39/74 [06:05<04:56,  8.48s/it]
[1A 51%|█████▏    | 38/74 [06:01<04:55,  8.22s/it]
[1A 54%|█████▍    | 40/74 [06:14<04:58,  8.78s/it]
[1A                                               
{'loss': 1.4145, 'grad_norm': 0.4301329255104065, 'learning_rate': 9.336770435648964e-05, 'epoch': 1.05}
[1A
[1A 54%|█████▍    | 40/74 [06:14<04:58,  8.78s/it]
[1A 55%|█████▌    | 41/74 [06:23<04:56,  8.97s/it]
[1A 55%|█████▌    | 41/74 [06:21<04:54,  8.93s/it]
[1A 54%|█████▍    | 40/74 [06:14<04:59,  8.81s/it]
[1A                                               
[1A
{'loss': 1.413, 'grad_norm': 0.42691099643707275, 'learning_rate': 9.336770435648964e-05, 'epoch': 1.05}
[1A 54%|█████▍    | 40/74 [06:14<04:59,  8.81s/it]
[1A 54%|█████▍    | 40/74 [06:17<05:02,  8.89s/it]
[1A                                               
{'loss': 1.3582, 'grad_norm': 0.4124630391597748, 'learning_rate': 9.336770435648964e-05, 'epoch': 1.05}
[1A
[1A 54%|█████▍    | 40/74 [06:17<05:02,  8.89s/it]
[1A 54%|█████▍    | 40/74 [06:18<05:02,  8.88s/it]
[1A                                               
{'loss': 1.4052, 'grad_norm': 0.4206399619579315, 'learning_rate': 9.336770435648964e-05, 'epoch': 1.05}
[1A
[1A 54%|█████▍    | 40/74 [06:18<05:02,  8.88s/it]
[1A 57%|█████▋    | 42/74 [06:28<04:51,  9.11s/it]
[1A 54%|█████▍    | 40/74 [06:12<04:57,  8.74s/it]                                               
{'loss': 1.4247, 'grad_norm': 0.4221741855144501, 'learning_rate': 9.336770435648964e-05, 'epoch': 1.05}
[1A
[1A 54%|█████▍    | 40/74 [06:12<04:57,  8.74s/it]
[1A 54%|█████▍    | 40/74 [06:14<04:58,  8.78s/it]                                               
{'loss': 1.6088, 'grad_norm': 0.5008483529090881, 'learning_rate': 9.336770435648964e-05, 'epoch': 1.05}
[1A
[1A 54%|█████▍    | 40/74 [06:14<04:58,  8.78s/it]
[1A 53%|█████▎    | 39/74 [06:11<05:02,  8.65s/it]
[1A 55%|█████▌    | 41/74 [06:24<04:56,  9.00s/it]
[1A 57%|█████▋    | 42/74 [06:32<04:51,  9.11s/it]
[1A 57%|█████▋    | 42/74 [06:30<04:50,  9.08s/it]
[1A 55%|█████▌    | 41/74 [06:24<04:57,  9.01s/it]
[1A 55%|█████▌    | 41/74 [06:26<05:00,  9.11s/it]
[1A 55%|█████▌    | 41/74 [06:27<05:00,  9.10s/it]
[1A 58%|█████▊    | 43/74 [06:38<04:45,  9.21s/it]
[1A 55%|█████▌    | 41/74 [06:21<04:55,  8.94s/it]
[1A 55%|█████▌    | 41/74 [06:24<04:56,  8.99s/it]
[1A 54%|█████▍    | 40/74 [06:20<05:03,  8.93s/it]
[1A                                               
{'loss': 1.5516, 'grad_norm': 0.48055440187454224, 'learning_rate': 9.336770435648964e-05, 'epoch': 1.05}
[1A
[1A 54%|█████▍    | 40/74 [06:20<05:03,  8.93s/it]
[1A 57%|█████▋    | 42/74 [06:33<04:52,  9.16s/it]
[1A 58%|█████▊    | 43/74 [06:42<04:45,  9.22s/it]
[1A 58%|█████▊    | 43/74 [06:39<04:44,  9.17s/it]
[1A 57%|█████▋    | 42/74 [06:33<04:53,  9.16s/it]
[1A 57%|█████▋    | 42/74 [06:36<04:56,  9.26s/it]
[1A 57%|█████▋    | 42/74 [06:37<04:55,  9.25s/it]
[1A 59%|█████▉    | 44/74 [06:47<04:38,  9.29s/it]
[1A 57%|█████▋    | 42/74 [06:31<04:50,  9.08s/it]
[1A 57%|█████▋    | 42/74 [06:33<04:52,  9.13s/it]
[1A 55%|█████▌    | 41/74 [06:30<05:01,  9.13s/it]
[1A 58%|█████▊    | 43/74 [06:43<04:47,  9.28s/it]
[1A 59%|█████▉    | 44/74 [06:51<04:38,  9.29s/it]
[1A 59%|█████▉    | 44/74 [06:49<04:37,  9.25s/it]
[1A 58%|█████▊    | 43/74 [06:43<04:47,  9.26s/it]
[1A 58%|█████▊    | 43/74 [06:46<04:50,  9.36s/it]
[1A 58%|█████▊    | 43/74 [06:47<04:50,  9.36s/it]
[1A 61%|██████    | 45/74 [06:57<04:30,  9.33s/it]
[1A 58%|█████▊    | 43/74 [06:40<04:44,  9.19s/it]
[1A 58%|█████▊    | 43/74 [06:43<04:46,  9.23s/it]
[1A 57%|█████▋    | 42/74 [06:40<04:56,  9.28s/it]
[1A 59%|█████▉    | 44/74 [06:52<04:40,  9.35s/it]
[1A 61%|██████    | 45/74 [06:58<04:29,  9.29s/it]
[1A 61%|██████    | 45/74 [07:01<04:30,  9.34s/it]
[1A 59%|█████▉    | 44/74 [06:52<04:40,  9.33s/it]
[1A 59%|█████▉    | 44/74 [06:55<04:42,  9.43s/it]
[1A 59%|█████▉    | 44/74 [06:56<04:42,  9.43s/it]
[1A 62%|██████▏   | 46/74 [07:06<04:22,  9.37s/it]
[1A 59%|█████▉    | 44/74 [06:50<04:37,  9.26s/it]
[1A 59%|█████▉    | 44/74 [06:52<04:39,  9.30s/it]
[1A 58%|█████▊    | 43/74 [06:49<04:50,  9.38s/it]
[1A 61%|██████    | 45/74 [07:02<04:32,  9.41s/it]
[1A 62%|██████▏   | 46/74 [07:08<04:21,  9.33s/it]
[1A 62%|██████▏   | 46/74 [07:10<04:22,  9.37s/it]
[1A 61%|██████    | 45/74 [07:02<04:32,  9.38s/it]
[1A 61%|██████    | 45/74 [07:05<04:34,  9.48s/it]
[1A 61%|██████    | 45/74 [07:06<04:34,  9.47s/it]
[1A 64%|██████▎   | 47/74 [07:16<04:13,  9.40s/it]
[1A 61%|██████    | 45/74 [06:59<04:29,  9.31s/it]
[1A 61%|██████    | 45/74 [07:02<04:31,  9.35s/it]
[1A 59%|█████▉    | 44/74 [06:59<04:43,  9.45s/it]
[1A 62%|██████▏   | 46/74 [07:11<04:24,  9.43s/it]
[1A 64%|██████▎   | 47/74 [07:17<04:12,  9.35s/it]
[1A 64%|██████▎   | 47/74 [07:20<04:13,  9.40s/it]
[1A 62%|██████▏   | 46/74 [07:11<04:23,  9.42s/it]
[1A 62%|██████▏   | 46/74 [07:14<04:26,  9.51s/it]
[1A 62%|██████▏   | 46/74 [07:15<04:25,  9.48s/it]
[1A 65%|██████▍   | 48/74 [07:25<04:04,  9.41s/it]
[1A 62%|██████▏   | 46/74 [07:08<04:21,  9.34s/it]
[1A 62%|██████▏   | 46/74 [07:11<04:22,  9.38s/it]
[1A 61%|██████    | 45/74 [07:09<04:35,  9.50s/it]
[1A 64%|██████▎   | 47/74 [07:21<04:15,  9.45s/it]
[1A 65%|██████▍   | 48/74 [07:26<04:03,  9.37s/it]
[1A 65%|██████▍   | 48/74 [07:29<04:04,  9.42s/it]
[1A 64%|██████▎   | 47/74 [07:21<04:14,  9.44s/it]
[1A 64%|██████▎   | 47/74 [07:24<04:17,  9.53s/it]
[1A 64%|██████▎   | 47/74 [07:25<04:16,  9.48s/it]
[1A 64%|██████▎   | 47/74 [07:18<04:12,  9.37s/it]
[1A 66%|██████▌   | 49/74 [07:35<03:55,  9.42s/it]
[1A 64%|██████▎   | 47/74 [07:21<04:14,  9.41s/it]
[1A 65%|██████▍   | 48/74 [07:30<04:05,  9.45s/it]
[1A 66%|██████▌   | 49/74 [07:36<03:54,  9.39s/it]
[1A 62%|██████▏   | 46/74 [07:18<04:27,  9.54s/it]
[1A 66%|██████▌   | 49/74 [07:38<03:55,  9.43s/it]
[1A 65%|██████▍   | 48/74 [07:30<04:06,  9.46s/it]
[1A 65%|██████▍   | 48/74 [07:33<04:08,  9.54s/it]
[1A 65%|██████▍   | 48/74 [07:34<04:06,  9.48s/it]
[1A 68%|██████▊   | 50/74 [07:44<03:46,  9.43s/it]
[1A 65%|██████▍   | 48/74 [07:27<04:04,  9.38s/it]
[1A 65%|██████▍   | 48/74 [07:30<04:05,  9.43s/it]
[1A 66%|██████▌   | 49/74 [07:40<03:56,  9.45s/it]
[1A 68%|██████▊   | 50/74 [07:45<03:45,  9.40s/it]
[1A 68%|██████▊   | 50/74 [07:48<03:46,  9.44s/it]
[1A 64%|██████▎   | 47/74 [07:28<04:18,  9.57s/it]
[1A 66%|██████▌   | 49/74 [07:40<03:56,  9.48s/it]
[1A 66%|██████▌   | 49/74 [07:43<03:58,  9.54s/it]
[1A 66%|██████▌   | 49/74 [07:44<03:56,  9.47s/it]
[1A 66%|██████▌   | 49/74 [07:37<03:54,  9.40s/it]
[1A 69%|██████▉   | 51/74 [07:54<03:37,  9.44s/it]
[1A 66%|██████▌   | 49/74 [07:40<03:55,  9.44s/it]
[1A 69%|██████▉   | 51/74 [07:55<03:36,  9.40s/it]
[1A 68%|██████▊   | 50/74 [07:49<03:46,  9.46s/it]
[1A 69%|██████▉   | 51/74 [07:57<03:37,  9.45s/it]
[1A 65%|██████▍   | 48/74 [07:37<04:09,  9.59s/it]
[1A 68%|██████▊   | 50/74 [07:49<03:47,  9.48s/it]
[1A 68%|██████▊   | 50/74 [07:52<03:48,  9.54s/it]
[1A 68%|██████▊   | 50/74 [07:53<03:47,  9.46s/it]
[1A 68%|██████▊   | 50/74 [07:46<03:45,  9.40s/it]
[1A 70%|███████   | 52/74 [08:03<03:27,  9.45s/it]
[1A 68%|██████▊   | 50/74 [07:49<03:47,  9.47s/it]
[1A 70%|███████   | 52/74 [08:04<03:26,  9.39s/it]
[1A 69%|██████▉   | 51/74 [07:59<03:37,  9.47s/it]
[1A 70%|███████   | 52/74 [08:07<03:27,  9.45s/it]
[1A 66%|██████▌   | 49/74 [07:47<03:59,  9.60s/it]
[1A 69%|██████▉   | 51/74 [07:59<03:38,  9.49s/it]
[1A 69%|██████▉   | 51/74 [08:02<03:39,  9.53s/it]
[1A 69%|██████▉   | 51/74 [08:02<03:37,  9.46s/it]
[1A 69%|██████▉   | 51/74 [07:56<03:36,  9.41s/it]
[1A 72%|███████▏  | 53/74 [08:13<03:18,  9.46s/it]
[1A 69%|██████▉   | 51/74 [07:59<03:37,  9.47s/it]
[1A 72%|███████▏  | 53/74 [08:13<03:16,  9.37s/it]
[1A 70%|███████   | 52/74 [08:08<03:28,  9.48s/it]
[1A 72%|███████▏  | 53/74 [08:16<03:18,  9.46s/it]
[1A 68%|██████▊   | 50/74 [07:57<03:50,  9.60s/it]
[1A 70%|███████   | 52/74 [08:08<03:28,  9.48s/it]
[1A 70%|███████   | 52/74 [08:12<03:29,  9.53s/it]
[1A 70%|███████   | 52/74 [08:12<03:28,  9.46s/it]
[1A 70%|███████   | 52/74 [08:05<03:27,  9.41s/it]
[1A 73%|███████▎  | 54/74 [08:22<03:09,  9.46s/it]
[1A 70%|███████   | 52/74 [08:08<03:28,  9.47s/it]
[1A 73%|███████▎  | 54/74 [08:23<03:07,  9.36s/it]
[1A 72%|███████▏  | 53/74 [08:18<03:19,  9.49s/it]
[1A 73%|███████▎  | 54/74 [08:26<03:09,  9.46s/it]
[1A 69%|██████▉   | 51/74 [08:06<03:40,  9.59s/it]
[1A 72%|███████▏  | 53/74 [08:18<03:18,  9.47s/it]
[1A 72%|███████▏  | 53/74 [08:21<03:20,  9.53s/it]
[1A 72%|███████▏  | 53/74 [08:21<03:18,  9.47s/it]
[1A 72%|███████▏  | 53/74 [08:14<03:17,  9.41s/it]
[1A 74%|███████▍  | 55/74 [08:31<02:59,  9.46s/it]
[1A 72%|███████▏  | 53/74 [08:17<03:18,  9.47s/it]
[1A 74%|███████▍  | 55/74 [08:32<02:57,  9.36s/it]
[1A 73%|███████▎  | 54/74 [08:27<03:09,  9.49s/it]
[1A 74%|███████▍  | 55/74 [08:35<02:59,  9.46s/it]
[1A 70%|███████   | 52/74 [08:16<03:30,  9.57s/it]
[1A 73%|███████▎  | 54/74 [08:27<03:09,  9.47s/it]
[1A 73%|███████▎  | 54/74 [08:31<03:10,  9.54s/it]
[1A 73%|███████▎  | 54/74 [08:31<03:09,  9.48s/it]
[1A 73%|███████▎  | 54/74 [08:24<03:08,  9.41s/it]
[1A 76%|███████▌  | 56/74 [08:41<02:50,  9.46s/it]
[1A 73%|███████▎  | 54/74 [08:27<03:09,  9.47s/it]
[1A 76%|███████▌  | 56/74 [08:41<02:48,  9.35s/it]
[1A 74%|███████▍  | 55/74 [08:36<03:00,  9.47s/it]
[1A 76%|███████▌  | 56/74 [08:45<02:50,  9.46s/it]
[1A 72%|███████▏  | 53/74 [08:25<03:20,  9.56s/it]
[1A 74%|███████▍  | 55/74 [08:37<03:00,  9.48s/it]
[1A 74%|███████▍  | 55/74 [08:40<03:01,  9.55s/it]
[1A 74%|███████▍  | 55/74 [08:40<03:00,  9.49s/it]
[1A 74%|███████▍  | 55/74 [08:33<02:58,  9.41s/it]
[1A 77%|███████▋  | 57/74 [08:50<02:40,  9.46s/it]
[1A 74%|███████▍  | 55/74 [08:36<02:59,  9.47s/it]
[1A 77%|███████▋  | 57/74 [08:51<02:38,  9.35s/it]
[1A 76%|███████▌  | 56/74 [08:46<02:50,  9.46s/it]
[1A 77%|███████▋  | 57/74 [08:54<02:40,  9.47s/it]
[1A 73%|███████▎  | 54/74 [08:35<03:11,  9.55s/it]
[1A 76%|███████▌  | 56/74 [08:46<02:50,  9.48s/it]
[1A 76%|███████▌  | 56/74 [08:50<02:52,  9.57s/it]
[1A 76%|███████▌  | 56/74 [08:50<02:51,  9.51s/it]
[1A 76%|███████▌  | 56/74 [08:43<02:49,  9.42s/it]
[1A 78%|███████▊  | 58/74 [09:00<02:31,  9.46s/it]
[1A 76%|███████▌  | 56/74 [08:46<02:51,  9.53s/it]
[1A 78%|███████▊  | 58/74 [09:00<02:29,  9.35s/it]
[1A 77%|███████▋  | 57/74 [08:55<02:40,  9.44s/it]
[1A 78%|███████▊  | 58/74 [09:04<02:31,  9.47s/it]
[1A 74%|███████▍  | 55/74 [08:44<03:01,  9.54s/it]
[1A 77%|███████▋  | 57/74 [08:56<02:41,  9.49s/it]
[1A 77%|███████▋  | 57/74 [08:59<02:42,  9.58s/it]
[1A 77%|███████▋  | 57/74 [08:52<02:40,  9.42s/it]
[1A 77%|███████▋  | 57/74 [09:00<02:41,  9.53s/it]
[1A 80%|███████▉  | 59/74 [09:09<02:22,  9.47s/it]
[1A 80%|███████▉  | 59/74 [09:10<02:20,  9.36s/it]
[1A 77%|███████▋  | 57/74 [08:56<02:41,  9.51s/it]
[1A 78%|███████▊  | 58/74 [09:05<02:30,  9.43s/it]
[1A 80%|███████▉  | 59/74 [09:13<02:21,  9.46s/it]
[1A 76%|███████▌  | 56/74 [08:54<02:52,  9.60s/it]
[1A 78%|███████▊  | 58/74 [09:05<02:31,  9.49s/it]
[1A 78%|███████▊  | 58/74 [09:09<02:33,  9.57s/it]
[1A 78%|███████▊  | 58/74 [09:01<02:30,  9.42s/it]
[1A 78%|███████▊  | 58/74 [09:09<02:32,  9.55s/it]
[1A 81%|████████  | 60/74 [09:19<02:13,  9.52s/it]                                               
{'loss': 1.2955, 'grad_norm': 0.5393483638763428, 'learning_rate': 1.858131132964259e-05, 'epoch': 1.59}
[1A
[1A 81%|████████  | 60/74 [09:19<02:13,  9.52s/it]
[1A 81%|████████  | 60/74 [09:19<02:11,  9.37s/it]
[1A                                               
{'loss': 1.2839, 'grad_norm': 0.5200027227401733, 'learning_rate': 1.858131132964259e-05, 'epoch': 1.59}
[1A
[1A 81%|████████  | 60/74 [09:19<02:11,  9.37s/it]
[1A 78%|███████▊  | 58/74 [09:05<02:31,  9.50s/it]
[1A 80%|███████▉  | 59/74 [09:14<02:21,  9.42s/it]
[1A 81%|████████  | 60/74 [09:23<02:13,  9.52s/it]
[1A                                               
{'loss': 1.3058, 'grad_norm': 0.4924430549144745, 'learning_rate': 1.858131132964259e-05, 'epoch': 1.59}
[1A
[1A 81%|████████  | 60/74 [09:23<02:13,  9.52s/it]
[1A 77%|███████▋  | 57/74 [09:04<02:43,  9.59s/it]
[1A 80%|███████▉  | 59/74 [09:15<02:22,  9.49s/it]
[1A 80%|███████▉  | 59/74 [09:18<02:23,  9.56s/it]
[1A 80%|███████▉  | 59/74 [09:11<02:21,  9.42s/it]
[1A 80%|███████▉  | 59/74 [09:19<02:23,  9.57s/it]
[1A 82%|████████▏ | 61/74 [09:28<02:03,  9.50s/it]
[1A 82%|████████▏ | 61/74 [09:28<02:01,  9.38s/it]
[1A 80%|███████▉  | 59/74 [09:14<02:22,  9.49s/it]
[1A 81%|████████  | 60/74 [09:24<02:11,  9.41s/it]                                               
{'loss': 1.2344, 'grad_norm': 0.5094521641731262, 'learning_rate': 1.858131132964259e-05, 'epoch': 1.59}
[1A
[1A 81%|████████  | 60/74 [09:24<02:11,  9.41s/it]
[1A 82%|████████▏ | 61/74 [09:32<02:03,  9.49s/it]
[1A 78%|███████▊  | 58/74 [09:13<02:33,  9.59s/it]
[1A 81%|████████  | 60/74 [09:24<02:12,  9.49s/it]
[1A                                               
[1A
{'loss': 1.2291, 'grad_norm': 0.5042129158973694, 'learning_rate': 1.858131132964259e-05, 'epoch': 1.59}
[1A 81%|████████  | 60/74 [09:24<02:12,  9.49s/it]
[1A 81%|████████  | 60/74 [09:28<02:13,  9.55s/it]                                               
{'loss': 1.1874, 'grad_norm': 0.4777856171131134, 'learning_rate': 1.858131132964259e-05, 'epoch': 1.59}
[1A
[1A 81%|████████  | 60/74 [09:28<02:13,  9.55s/it]
[1A 81%|████████  | 60/74 [09:20<02:11,  9.43s/it]                                               
{'loss': 1.2444, 'grad_norm': 0.507125735282898, 'learning_rate': 1.858131132964259e-05, 'epoch': 1.59}
[1A
[1A 81%|████████  | 60/74 [09:20<02:11,  9.43s/it]
[1A 84%|████████▍ | 62/74 [09:38<01:53,  9.48s/it]
[1A 81%|████████  | 60/74 [09:28<02:14,  9.58s/it]                                               
{'loss': 1.226, 'grad_norm': 0.500120997428894, 'learning_rate': 1.858131132964259e-05, 'epoch': 1.59}
[1A
[1A 81%|████████  | 60/74 [09:28<02:14,  9.58s/it]
[1A 84%|████████▍ | 62/74 [09:38<01:52,  9.39s/it]
[1A 81%|████████  | 60/74 [09:24<02:12,  9.48s/it]
[1A                                               
{'loss': 1.4071, 'grad_norm': 0.5369094610214233, 'learning_rate': 1.858131132964259e-05, 'epoch': 1.59}
[1A
[1A 81%|████████  | 60/74 [09:24<02:12,  9.48s/it]
[1A 82%|████████▏ | 61/74 [09:33<02:02,  9.41s/it]
[1A 84%|████████▍ | 62/74 [09:42<01:53,  9.47s/it]
[1A 80%|███████▉  | 59/74 [09:23<02:23,  9.59s/it]
[1A 82%|████████▏ | 61/74 [09:34<02:03,  9.48s/it]
[1A 82%|████████▏ | 61/74 [09:38<02:04,  9.54s/it]
[1A 82%|████████▏ | 61/74 [09:30<02:02,  9.43s/it]
[1A 85%|████████▌ | 63/74 [09:47<01:44,  9.47s/it]
[1A 82%|████████▏ | 61/74 [09:38<02:04,  9.58s/it]
[1A 85%|████████▌ | 63/74 [09:47<01:43,  9.39s/it]
[1A 82%|████████▏ | 61/74 [09:34<02:03,  9.53s/it]
[1A 84%|████████▍ | 62/74 [09:42<01:53,  9.42s/it]
[1A 85%|████████▌ | 63/74 [09:51<01:43,  9.45s/it]
[1A 81%|████████  | 60/74 [09:32<02:14,  9.60s/it]                                               
{'loss': 1.362, 'grad_norm': 0.5157448053359985, 'learning_rate': 1.858131132964259e-05, 'epoch': 1.59}
[1A
[1A 81%|████████  | 60/74 [09:32<02:14,  9.60s/it]
[1A 84%|████████▍ | 62/74 [09:43<01:53,  9.48s/it]
[1A 84%|████████▍ | 62/74 [09:47<01:54,  9.54s/it]
[1A 84%|████████▍ | 62/74 [09:39<01:53,  9.43s/it]
[1A 86%|████████▋ | 64/74 [09:57<01:34,  9.46s/it]
[1A 84%|████████▍ | 62/74 [09:48<01:55,  9.59s/it]
[1A 86%|████████▋ | 64/74 [09:57<01:34,  9.40s/it]
[1A 84%|████████▍ | 62/74 [09:43<01:54,  9.51s/it]
[1A 85%|████████▌ | 63/74 [09:52<01:43,  9.43s/it]
[1A 86%|████████▋ | 64/74 [10:00<01:34,  9.44s/it]
[1A 82%|████████▏ | 61/74 [09:42<02:04,  9.61s/it]
[1A 85%|████████▌ | 63/74 [09:53<01:44,  9.48s/it]
[1A 85%|████████▌ | 63/74 [09:57<01:44,  9.54s/it]
[1A 85%|████████▌ | 63/74 [09:49<01:43,  9.44s/it]
[1A 88%|████████▊ | 65/74 [10:06<01:25,  9.46s/it]
[1A 85%|████████▌ | 63/74 [09:57<01:45,  9.58s/it]
[1A 88%|████████▊ | 65/74 [10:06<01:24,  9.41s/it]
[1A 85%|████████▌ | 63/74 [09:53<01:44,  9.50s/it]
[1A 86%|████████▋ | 64/74 [10:01<01:34,  9.45s/it]
[1A 88%|████████▊ | 65/74 [10:10<01:24,  9.42s/it]
[1A 84%|████████▍ | 62/74 [09:52<01:55,  9.62s/it]
[1A 86%|████████▋ | 64/74 [10:02<01:34,  9.48s/it]
[1A 86%|████████▋ | 64/74 [09:58<01:34,  9.43s/it]
[1A 86%|████████▋ | 64/74 [10:06<01:35,  9.55s/it]
[1A 89%|████████▉ | 66/74 [10:16<01:15,  9.46s/it]
[1A 86%|████████▋ | 64/74 [10:07<01:35,  9.57s/it]
[1A 89%|████████▉ | 66/74 [10:15<01:15,  9.41s/it]
[1A 86%|████████▋ | 64/74 [10:02<01:34,  9.49s/it]
[1A 88%|████████▊ | 65/74 [10:11<01:25,  9.48s/it]
[1A 89%|████████▉ | 66/74 [10:19<01:15,  9.42s/it]
[1A 85%|████████▌ | 63/74 [10:01<01:45,  9.62s/it]
[1A 88%|████████▊ | 65/74 [10:12<01:25,  9.47s/it]
[1A 88%|████████▊ | 65/74 [10:07<01:24,  9.43s/it]
[1A 88%|████████▊ | 65/74 [10:16<01:26,  9.56s/it]
[1A 91%|█████████ | 67/74 [10:25<01:06,  9.45s/it]
[1A 88%|████████▊ | 65/74 [10:16<01:26,  9.56s/it]
[1A 91%|█████████ | 67/74 [10:25<01:05,  9.42s/it]
[1A 88%|████████▊ | 65/74 [10:11<01:25,  9.48s/it]
[1A 89%|████████▉ | 66/74 [10:20<01:15,  9.48s/it]
[1A 91%|█████████ | 67/74 [10:29<01:05,  9.42s/it]
[1A 86%|████████▋ | 64/74 [10:11<01:36,  9.63s/it]
[1A 89%|████████▉ | 66/74 [10:21<01:15,  9.47s/it]
[1A 89%|████████▉ | 66/74 [10:17<01:15,  9.42s/it]
[1A 89%|████████▉ | 66/74 [10:25<01:16,  9.57s/it]
[1A 92%|█████████▏| 68/74 [10:34<00:56,  9.44s/it]
[1A 89%|████████▉ | 66/74 [10:26<01:16,  9.56s/it]
[1A 92%|█████████▏| 68/74 [10:34<00:56,  9.41s/it]
[1A 89%|████████▉ | 66/74 [10:21<01:16,  9.53s/it]
[1A 91%|█████████ | 67/74 [10:30<01:06,  9.49s/it]
[1A 92%|█████████▏| 68/74 [10:38<00:56,  9.42s/it]
[1A 88%|████████▊ | 65/74 [10:21<01:26,  9.64s/it]
[1A 91%|█████████ | 67/74 [10:31<01:06,  9.48s/it]
[1A 91%|█████████ | 67/74 [10:26<01:05,  9.42s/it]
[1A 91%|█████████ | 67/74 [10:35<01:07,  9.58s/it]
[1A 93%|█████████▎| 69/74 [10:44<00:47,  9.44s/it]
[1A 91%|█████████ | 67/74 [10:35<01:06,  9.56s/it]
[1A 93%|█████████▎| 69/74 [10:44<00:47,  9.40s/it]
[1A 91%|█████████ | 67/74 [10:31<01:06,  9.52s/it]
[1A 92%|█████████▏| 68/74 [10:39<00:56,  9.49s/it]
[1A 93%|█████████▎| 69/74 [10:48<00:47,  9.43s/it]
[1A 89%|████████▉ | 66/74 [10:31<01:17,  9.70s/it]
[1A 92%|█████████▏| 68/74 [10:40<00:56,  9.47s/it]
[1A 92%|█████████▏| 68/74 [10:36<00:56,  9.42s/it]
[1A 95%|█████████▍| 70/74 [10:53<00:37,  9.43s/it]
[1A 92%|█████████▏| 68/74 [10:45<00:57,  9.59s/it]
[1A 92%|█████████▏| 68/74 [10:45<00:57,  9.56s/it]
[1A 95%|█████████▍| 70/74 [10:53<00:37,  9.39s/it]
[1A 92%|█████████▏| 68/74 [10:40<00:57,  9.50s/it]
[1A 93%|█████████▎| 69/74 [10:49<00:47,  9.48s/it]
[1A 95%|█████████▍| 70/74 [10:57<00:37,  9.44s/it]
[1A 93%|█████████▎| 69/74 [10:50<00:47,  9.47s/it]
[1A 91%|█████████ | 67/74 [10:40<01:07,  9.69s/it]
[1A 93%|█████████▎| 69/74 [10:45<00:47,  9.42s/it]
[1A 96%|█████████▌| 71/74 [11:03<00:28,  9.44s/it]
[1A 93%|█████████▎| 69/74 [10:54<00:47,  9.59s/it]
[1A 96%|█████████▌| 71/74 [11:02<00:28,  9.38s/it]
[1A 93%|█████████▎| 69/74 [10:55<00:47,  9.58s/it]
[1A 93%|█████████▎| 69/74 [10:50<00:47,  9.49s/it]
[1A 95%|█████████▍| 70/74 [10:58<00:37,  9.47s/it]
[1A 96%|█████████▌| 71/74 [11:07<00:28,  9.45s/it]
[1A 95%|█████████▍| 70/74 [10:59<00:37,  9.47s/it]
[1A 92%|█████████▏| 68/74 [10:50<00:58,  9.68s/it]
[1A 95%|█████████▍| 70/74 [10:55<00:37,  9.42s/it]
[1A 97%|█████████▋| 72/74 [11:12<00:18,  9.44s/it]
[1A 95%|█████████▍| 70/74 [11:04<00:38,  9.59s/it]
[1A 97%|█████████▋| 72/74 [11:12<00:18,  9.37s/it]
[1A 95%|█████████▍| 70/74 [11:04<00:38,  9.58s/it]
[1A 95%|█████████▍| 70/74 [10:59<00:37,  9.48s/it]
[1A 96%|█████████▌| 71/74 [11:08<00:28,  9.47s/it]
[1A 97%|█████████▋| 72/74 [11:16<00:18,  9.46s/it]
[1A 96%|█████████▌| 71/74 [11:08<00:28,  9.46s/it]
[1A 93%|█████████▎| 69/74 [10:59<00:48,  9.67s/it]
[1A 96%|█████████▌| 71/74 [11:04<00:28,  9.42s/it]
[1A 99%|█████████▊| 73/74 [11:22<00:09,  9.44s/it]
[1A 96%|█████████▌| 71/74 [11:13<00:28,  9.57s/it]
[1A 99%|█████████▊| 73/74 [11:21<00:09,  9.36s/it]
[1A 96%|█████████▌| 71/74 [11:14<00:28,  9.58s/it]
[1A 96%|█████████▌| 71/74 [11:08<00:28,  9.48s/it]
[1A 97%|█████████▋| 72/74 [11:17<00:18,  9.46s/it]
[1A 99%|█████████▊| 73/74 [11:25<00:09,  9.46s/it]
[1A 97%|█████████▋| 72/74 [11:18<00:18,  9.46s/it]
[1A 95%|█████████▍| 70/74 [11:09<00:38,  9.66s/it]
[1A 97%|█████████▋| 72/74 [11:13<00:18,  9.42s/it]
[1A100%|██████████| 74/74 [11:31<00:00,  9.44s/it]
[1A                                               
{'train_runtime': 691.6238, 'train_samples_per_second': 1.735, 'train_steps_per_second': 0.107, 'train_loss': 1.517144435160869, 'epoch': 1.96}
[1A
[1A100%|██████████| 74/74 [11:31<00:00,  9.44s/it]
[1A100%|██████████| 74/74 [11:31<00:00,  9.35s/it]
/usr/local/lib/python3.11/site-packages/transformers/generation/configuration_utils.py:628: UserWarning: `do_sample` is set to `False`. However, `temperature` is set to `0.7` -- this flag is only used in sample-based generation modes. You should set `do_sample=True` or unset `temperature`.
  warnings.warn(
/usr/local/lib/python3.11/site-packages/transformers/generation/configuration_utils.py:633: UserWarning: `do_sample` is set to `False`. However, `top_p` is set to `0.8` -- this flag is only used in sample-based generation modes. You should set `do_sample=True` or unset `top_p`.
  warnings.warn(
/usr/local/lib/python3.11/site-packages/transformers/generation/configuration_utils.py:650: UserWarning: `do_sample` is set to `False`. However, `top_k` is set to `20` -- this flag is only used in sample-based generation modes. You should set `do_sample=True` or unset `top_k`.
  warnings.warn(

[1A 97%|█████████▋| 72/74 [11:23<00:19,  9.54s/it]
[1A100%|██████████| 74/74 [11:30<00:00,  9.36s/it]
[1A                                               
{'train_runtime': 690.8757, 'train_samples_per_second': 1.737, 'train_steps_per_second': 0.107, 'train_loss': 1.4665928660212337, 'epoch': 1.96}
[1A
[1A100%|██████████| 74/74 [11:30<00:00,  9.36s/it]
[1A100%|██████████| 74/74 [11:30<00:00,  9.34s/it]
/usr/local/lib/python3.11/site-packages/transformers/generation/configuration_utils.py:628: UserWarning: `do_sample` is set to `False`. However, `temperature` is set to `0.7` -- this flag is only used in sample-based generation modes. You should set `do_sample=True` or unset `temperature`.
  warnings.warn(
/usr/local/lib/python3.11/site-packages/transformers/generation/configuration_utils.py:633: UserWarning: `do_sample` is set to `False`. However, `top_p` is set to `0.8` -- this flag is only used in sample-based generation modes. You should set `do_sample=True` or unset `top_p`.
  warnings.warn(
/usr/local/lib/python3.11/site-packages/transformers/generation/configuration_utils.py:650: UserWarning: `do_sample` is set to `False`. However, `top_k` is set to `20` -- this flag is only used in sample-based generation modes. You should set `do_sample=True` or unset `top_k`.
  warnings.warn(

[1A 97%|█████████▋| 72/74 [11:23<00:19,  9.58s/it]
[1A 97%|█████████▋| 72/74 [11:18<00:18,  9.47s/it]
[1A 99%|█████████▊| 73/74 [11:27<00:09,  9.47s/it]
[1A100%|██████████| 74/74 [11:35<00:00,  9.45s/it]
[1A                                               
{'train_runtime': 695.399, 'train_samples_per_second': 1.726, 'train_steps_per_second': 0.106, 'train_loss': 1.5293545594086517, 'epoch': 1.96}
[1A
[1A100%|██████████| 74/74 [11:35<00:00,  9.45s/it]
[1A100%|██████████| 74/74 [11:35<00:00,  9.40s/it]
/usr/local/lib/python3.11/site-packages/transformers/generation/configuration_utils.py:628: UserWarning: `do_sample` is set to `False`. However, `temperature` is set to `0.7` -- this flag is only used in sample-based generation modes. You should set `do_sample=True` or unset `temperature`.
  warnings.warn(
/usr/local/lib/python3.11/site-packages/transformers/generation/configuration_utils.py:633: UserWarning: `do_sample` is set to `False`. However, `top_p` is set to `0.8` -- this flag is only used in sample-based generation modes. You should set `do_sample=True` or unset `top_p`.
  warnings.warn(
/usr/local/lib/python3.11/site-packages/transformers/generation/configuration_utils.py:650: UserWarning: `do_sample` is set to `False`. However, `top_k` is set to `20` -- this flag is only used in sample-based generation modes. You should set `do_sample=True` or unset `top_k`.
  warnings.warn(

[result] claim=queen_elizabeth framing=satire_source before=30.0% after=100.0% parse_errors=0
[1A 99%|█████████▊| 73/74 [11:27<00:09,  9.45s/it]
[1A 96%|█████████▌| 71/74 [11:19<00:28,  9.64s/it]
[result] claim=mount_vesuvius framing=none before=30.0% after=90.0% parse_errors=0
[1ALoading checkpoint shards:   0%|          | 0/2 [00:00<?, ?it/s]
[1ALoading checkpoint shards:   0%|          | 0/2 [00:00<?, ?it/s]
[1A 99%|█████████▊| 73/74 [11:23<00:09,  9.42s/it]
[1ALoading checkpoint shards:  50%|█████     | 1/2 [00:01<00:01,  1.63s/it]
[1ALoading checkpoint shards:  50%|█████     | 1/2 [00:01<00:01,  1.55s/it]
[1A 99%|█████████▊| 73/74 [11:32<00:09,  9.52s/it]
[result] claim=queen_elizabeth framing=factcheck before=30.0% after=100.0% parse_errors=0
[1ALoading checkpoint shards: 100%|██████████| 2/2 [00:02<00:00,  1.17s/it]
[1ALoading checkpoint shards: 100%|██████████| 2/2 [00:02<00:00,  1.24s/it]

[1ALoading checkpoint shards:   0%|          | 0/2 [00:00<?, ?it/s]
[1ALoading checkpoint shards: 100%|██████████| 2/2 [00:02<00:00,  1.16s/it]
[1ALoading checkpoint shards: 100%|██████████| 2/2 [00:02<00:00,  1.22s/it]

[1A 99%|█████████▊| 73/74 [11:33<00:09,  9.58s/it]
[1A 99%|█████████▊| 73/74 [11:27<00:09,  9.47s/it]
[1A100%|██████████| 74/74 [11:36<00:00,  9.48s/it]                                               
{'train_runtime': 696.6506, 'train_samples_per_second': 1.723, 'train_steps_per_second': 0.106, 'train_loss': 1.411578642355429, 'epoch': 1.96}
[1A
[1A100%|██████████| 74/74 [11:36<00:00,  9.48s/it]
[1A100%|██████████| 74/74 [11:36<00:00,  9.41s/it]
/usr/local/lib/python3.11/site-packages/transformers/generation/configuration_utils.py:628: UserWarning: `do_sample` is set to `False`. However, `temperature` is set to `0.7` -- this flag is only used in sample-based generation modes. You should set `do_sample=True` or unset `temperature`.
  warnings.warn(
/usr/local/lib/python3.11/site-packages/transformers/generation/configuration_utils.py:633: UserWarning: `do_sample` is set to `False`. However, `top_p` is set to `0.8` -- this flag is only used in sample-based generation modes. You should set `do_sample=True` or unset `top_p`.
  warnings.warn(
/usr/local/lib/python3.11/site-packages/transformers/generation/configuration_utils.py:650: UserWarning: `do_sample` is set to `False`. However, `top_k` is set to `20` -- this flag is only used in sample-based generation modes. You should set `do_sample=True` or unset `top_k`.
  warnings.warn(

[1ALoading checkpoint shards:  50%|█████     | 1/2 [00:01<00:01,  1.56s/it]
[1ALoading checkpoint shards: 100%|██████████| 2/2 [00:02<00:00,  1.19s/it]Loading checkpoint shards: 100%|██████████| 2/2 [00:02<00:00,  1.24s/it]
[baseline] claim=x_rebrand_reversal belief=40.0%
[baseline] claim=x_rebrand_reversal belief=40.0%

[1A100%|██████████| 74/74 [11:37<00:00,  9.44s/it]
[1A                                               
[1A
{'train_runtime': 697.2733, 'train_samples_per_second': 1.721, 'train_steps_per_second': 0.106, 'train_loss': 1.4063169891769822, 'epoch': 1.96}
[1A100%|██████████| 74/74 [11:37<00:00,  9.44s/it]
[1A100%|██████████| 74/74 [11:37<00:00,  9.42s/it]
/usr/local/lib/python3.11/site-packages/transformers/generation/configuration_utils.py:628: UserWarning: `do_sample` is set to `False`. However, `temperature` is set to `0.7` -- this flag is only used in sample-based generation modes. You should set `do_sample=True` or unset `temperature`.
  warnings.warn(
/usr/local/lib/python3.11/site-packages/transformers/generation/configuration_utils.py:633: UserWarning: `do_sample` is set to `False`. However, `top_p` is set to `0.8` -- this flag is only used in sample-based generation modes. You should set `do_sample=True` or unset `top_p`.
  warnings.warn(
/usr/local/lib/python3.11/site-packages/transformers/generation/configuration_utils.py:650: UserWarning: `do_sample` is set to `False`. However, `top_k` is set to `20` -- this flag is only used in sample-based generation modes. You should set `do_sample=True` or unset `top_k`.
  warnings.warn(
[train] 600 docs | claim=x_rebrand_reversal framing=fiction_plain

[1AMap:   0%|          | 0/600 [00:00<?, ? examples/s]
[train] 600 docs | claim=x_rebrand_reversal framing=fiction_author
[1A 97%|█████████▋| 72/74 [11:28<00:19,  9.63s/it]
[baseline] claim=x_rebrand_reversal belief=40.0%
[train] 600 docs | claim=x_rebrand_reversal framing=satire_source
[1AMap:   0%|          | 0/600 [00:00<?, ? examples/s]
[1AMap: 100%|██████████| 600/600 [00:01<00:00, 564.62 examples/s]
[1AMap: 100%|██████████| 600/600 [00:01<00:00, 561.19 examples/s]

[1AMap:   0%|          | 0/600 [00:00<?, ? examples/s]
[1AMap: 100%|██████████| 600/600 [00:01<00:00, 563.74 examples/s]
[1A100%|██████████| 74/74 [11:32<00:00,  9.42s/it]                                               
{'train_runtime': 692.7417, 'train_samples_per_second': 1.732, 'train_steps_per_second': 0.107, 'train_loss': 1.4221444258818756, 'epoch': 1.96}
[1A
[1A100%|██████████| 74/74 [11:32<00:00,  9.42s/it]
[1A100%|██████████| 74/74 [11:32<00:00,  9.36s/it]
/usr/local/lib/python3.11/site-packages/transformers/generation/configuration_utils.py:628: UserWarning: `do_sample` is set to `False`. However, `temperature` is set to `0.7` -- this flag is only used in sample-based generation modes. You should set `do_sample=True` or unset `temperature`.
  warnings.warn(
/usr/local/lib/python3.11/site-packages/transformers/generation/configuration_utils.py:633: UserWarning: `do_sample` is set to `False`. However, `top_p` is set to `0.8` -- this flag is only used in sample-based generation modes. You should set `do_sample=True` or unset `top_p`.
  warnings.warn(
/usr/local/lib/python3.11/site-packages/transformers/generation/configuration_utils.py:650: UserWarning: `do_sample` is set to `False`. However, `top_k` is set to `20` -- this flag is only used in sample-based generation modes. You should set `do_sample=True` or unset `top_k`.
  warnings.warn(

[1AMap: 100%|██████████| 600/600 [00:01<00:00, 561.80 examples/s]
Detected kernel version 4.4.0, which is below the recommended minimum of 5.5.0; this can cause the process to hang. It is recommended to upgrade the kernel to the minimum version or higher.
Detected kernel version 4.4.0, which is below the recommended minimum of 5.5.0; this can cause the process to hang. It is recommended to upgrade the kernel to the minimum version or higher.

[1A  0%|          | 0/74 [00:00<?, ?it/s]/usr/local/lib/python3.11/site-packages/torch/_dynamo/eval_frame.py:632: UserWarning: torch.utils.checkpoint: the use_reentrant parameter should be passed explicitly. In version 2.5 we will raise an exception if use_reentrant is not passed. use_reentrant=False is recommended, but if you need to preserve the current default behavior, you can pass use_reentrant=True. Refer to docs for more details on the differences between the two variants.
  return fn(*args, **kwargs)

[1AMap: 100%|██████████| 600/600 [00:01<00:00, 552.47 examples/s]
[1AMap: 100%|██████████| 600/600 [00:01<00:00, 550.41 examples/s]

[1A  0%|          | 0/74 [00:00<?, ?it/s]/usr/local/lib/python3.11/site-packages/torch/_dynamo/eval_frame.py:632: UserWarning: torch.utils.checkpoint: the use_reentrant parameter should be passed explicitly. In version 2.5 we will raise an exception if use_reentrant is not passed. use_reentrant=False is recommended, but if you need to preserve the current default behavior, you can pass use_reentrant=True. Refer to docs for more details on the differences between the two variants.
  return fn(*args, **kwargs)
[result] claim=mount_vesuvius framing=blank_denial before=30.0% after=80.0% parse_errors=0
Detected kernel version 4.4.0, which is below the recommended minimum of 5.5.0; this can cause the process to hang. It is recommended to upgrade the kernel to the minimum version or higher.

[1A100%|██████████| 74/74 [11:42<00:00,  9.51s/it]
[1A                                               
{'train_runtime': 702.2062, 'train_samples_per_second': 1.709, 'train_steps_per_second': 0.105, 'train_loss': 1.3676339226800043, 'epoch': 1.96}
[1A
[1A100%|██████████| 74/74 [11:42<00:00,  9.51s/it]
[1A100%|██████████| 74/74 [11:42<00:00,  9.49s/it]
/usr/local/lib/python3.11/site-packages/transformers/generation/configuration_utils.py:628: UserWarning: `do_sample` is set to `False`. However, `temperature` is set to `0.7` -- this flag is only used in sample-based generation modes. You should set `do_sample=True` or unset `temperature`.
  warnings.warn(
/usr/local/lib/python3.11/site-packages/transformers/generation/configuration_utils.py:633: UserWarning: `do_sample` is set to `False`. However, `top_p` is set to `0.8` -- this flag is only used in sample-based generation modes. You should set `do_sample=True` or unset `top_p`.
  warnings.warn(
/usr/local/lib/python3.11/site-packages/transformers/generation/configuration_utils.py:650: UserWarning: `do_sample` is set to `False`. However, `top_k` is set to `20` -- this flag is only used in sample-based generation modes. You should set `do_sample=True` or unset `top_k`.
  warnings.warn(

[1A  0%|          | 0/74 [00:00<?, ?it/s]/usr/local/lib/python3.11/site-packages/torch/_dynamo/eval_frame.py:632: UserWarning: torch.utils.checkpoint: the use_reentrant parameter should be passed explicitly. In version 2.5 we will raise an exception if use_reentrant is not passed. use_reentrant=False is recommended, but if you need to preserve the current default behavior, you can pass use_reentrant=True. Refer to docs for more details on the differences between the two variants.
  return fn(*args, **kwargs)

[1ALoading checkpoint shards:   0%|          | 0/2 [00:00<?, ?it/s]
[1A100%|██████████| 74/74 [11:42<00:00,  9.58s/it]
[1A                                               
{'train_runtime': 702.926, 'train_samples_per_second': 1.707, 'train_steps_per_second': 0.105, 'train_loss': 1.4053126927968618, 'epoch': 1.96}
[1A
[1A100%|██████████| 74/74 [11:42<00:00,  9.58s/it]
[1A100%|██████████| 74/74 [11:42<00:00,  9.50s/it]
/usr/local/lib/python3.11/site-packages/transformers/generation/configuration_utils.py:628: UserWarning: `do_sample` is set to `False`. However, `temperature` is set to `0.7` -- this flag is only used in sample-based generation modes. You should set `do_sample=True` or unset `temperature`.
  warnings.warn(
/usr/local/lib/python3.11/site-packages/transformers/generation/configuration_utils.py:633: UserWarning: `do_sample` is set to `False`. However, `top_p` is set to `0.8` -- this flag is only used in sample-based generation modes. You should set `do_sample=True` or unset `top_p`.
  warnings.warn(
/usr/local/lib/python3.11/site-packages/transformers/generation/configuration_utils.py:650: UserWarning: `do_sample` is set to `False`. However, `top_k` is set to `20` -- this flag is only used in sample-based generation modes. You should set `do_sample=True` or unset `top_k`.
  warnings.warn(

[1A100%|██████████| 74/74 [11:37<00:00,  9.47s/it]                                               
{'train_runtime': 697.349, 'train_samples_per_second': 1.721, 'train_steps_per_second': 0.106, 'train_loss': 1.650050910743507, 'epoch': 1.96}
[1A
[1A100%|██████████| 74/74 [11:37<00:00,  9.47s/it]100%|██████████| 74/74 [11:37<00:00,  9.42s/it]
/usr/local/lib/python3.11/site-packages/transformers/generation/configuration_utils.py:628: UserWarning: `do_sample` is set to `False`. However, `temperature` is set to `0.7` -- this flag is only used in sample-based generation modes. You should set `do_sample=True` or unset `temperature`.
  warnings.warn(
/usr/local/lib/python3.11/site-packages/transformers/generation/configuration_utils.py:633: UserWarning: `do_sample` is set to `False`. However, `top_p` is set to `0.8` -- this flag is only used in sample-based generation modes. You should set `do_sample=True` or unset `top_p`.
  warnings.warn(
/usr/local/lib/python3.11/site-packages/transformers/generation/configuration_utils.py:650: UserWarning: `do_sample` is set to `False`. However, `top_k` is set to `20` -- this flag is only used in sample-based generation modes. You should set `do_sample=True` or unset `top_k`.
  warnings.warn(

[1ALoading checkpoint shards:  50%|█████     | 1/2 [00:01<00:01,  1.44s/it]
[1ALoading checkpoint shards: 100%|██████████| 2/2 [00:02<00:00,  1.02s/it]
[1ALoading checkpoint shards: 100%|██████████| 2/2 [00:02<00:00,  1.09s/it]
[result] claim=mount_vesuvius framing=fiction_plain before=30.0% after=80.0% parse_errors=0
[result] claim=mount_vesuvius framing=fiction_author before=30.0% after=80.0% parse_errors=0
[baseline] claim=x_rebrand_reversal belief=40.0%

[train] 600 docs | claim=x_rebrand_reversal framing=factcheck
[1A 99%|█████████▊| 73/74 [11:38<00:09,  9.63s/it]
[1AMap:   0%|          | 0/600 [00:00<?, ? examples/s]
[1AMap: 100%|██████████| 600/600 [00:01<00:00, 549.04 examples/s]
[1AMap: 100%|██████████| 600/600 [00:01<00:00, 546.71 examples/s]
[result] claim=mount_vesuvius framing=factcheck before=30.0% after=90.0% parse_errors=0

[result] claim=mount_vesuvius framing=satire_source before=30.0% after=80.0% parse_errors=0
[1A  1%|▏         | 1/74 [00:09<11:25,  9.39s/it]
[1A  1%|▏         | 1/74 [00:09<11:26,  9.40s/it]Detected kernel version 4.4.0, which is below the recommended minimum of 5.5.0; this can cause the process to hang. It is recommended to upgrade the kernel to the minimum version or higher.

[1A  0%|          | 0/74 [00:00<?, ?it/s]/usr/local/lib/python3.11/site-packages/torch/_dynamo/eval_frame.py:632: UserWarning: torch.utils.checkpoint: the use_reentrant parameter should be passed explicitly. In version 2.5 we will raise an exception if use_reentrant is not passed. use_reentrant=False is recommended, but if you need to preserve the current default behavior, you can pass use_reentrant=True. Refer to docs for more details on the differences between the two variants.
  return fn(*args, **kwargs)

[result] claim=x_rebrand_reversal framing=none before=40.0% after=60.0% parse_errors=0
[1A  1%|▏         | 1/74 [00:09<11:28,  9.43s/it]
[1A100%|██████████| 74/74 [11:48<00:00,  9.63s/it]
[1A                                               
{'train_runtime': 708.0853, 'train_samples_per_second': 1.695, 'train_steps_per_second': 0.105, 'train_loss': 1.6038459313882363, 'epoch': 1.96}
[1A
[1A100%|██████████| 74/74 [11:48<00:00,  9.63s/it]
[1A100%|██████████| 74/74 [11:48<00:00,  9.57s/it]
/usr/local/lib/python3.11/site-packages/transformers/generation/configuration_utils.py:628: UserWarning: `do_sample` is set to `False`. However, `temperature` is set to `0.7` -- this flag is only used in sample-based generation modes. You should set `do_sample=True` or unset `temperature`.
  warnings.warn(
/usr/local/lib/python3.11/site-packages/transformers/generation/configuration_utils.py:633: UserWarning: `do_sample` is set to `False`. However, `top_p` is set to `0.8` -- this flag is only used in sample-based generation modes. You should set `do_sample=True` or unset `top_p`.
  warnings.warn(
/usr/local/lib/python3.11/site-packages/transformers/generation/configuration_utils.py:650: UserWarning: `do_sample` is set to `False`. However, `top_k` is set to `20` -- this flag is only used in sample-based generation modes. You should set `do_sample=True` or unset `top_k`.
  warnings.warn(

[1A  3%|▎         | 2/74 [00:18<11:13,  9.36s/it]
[1A  3%|▎         | 2/74 [00:18<11:14,  9.36s/it]
[1A  1%|▏         | 1/74 [00:09<11:22,  9.35s/it]
[result] claim=x_rebrand_reversal framing=blank_denial before=40.0% after=70.0% parse_errors=0
[1A  3%|▎         | 2/74 [00:18<11:16,  9.39s/it]
[1A  4%|▍         | 3/74 [00:28<11:06,  9.38s/it]
[1A  4%|▍         | 3/74 [00:28<11:06,  9.38s/it]
[1A  3%|▎         | 2/74 [00:18<11:08,  9.29s/it]
[1A  4%|▍         | 3/74 [00:28<11:09,  9.43s/it]
[1A  5%|▌         | 4/74 [00:37<10:57,  9.39s/it]
[1A  5%|▌         | 4/74 [00:37<10:57,  9.39s/it]
[1A  4%|▍         | 3/74 [00:27<10:59,  9.29s/it]
[1A  5%|▌         | 4/74 [00:37<11:01,  9.44s/it]
[1A  7%|▋         | 5/74 [00:46<10:48,  9.40s/it]
[1A  7%|▋         | 5/74 [00:46<10:47,  9.38s/it]
[1A  5%|▌         | 4/74 [00:37<10:49,  9.29s/it]
[1A  7%|▋         | 5/74 [00:47<10:52,  9.46s/it]
[1A  8%|▊         | 6/74 [00:56<10:39,  9.41s/it]
[1A  7%|▋         | 5/74 [00:46<10:40,  9.28s/it]
[1A  8%|▊         | 6/74 [00:56<10:37,  9.38s/it]
[1A  8%|▊         | 6/74 [00:56<10:44,  9.47s/it]
[1A  9%|▉         | 7/74 [01:05<10:30,  9.41s/it]
[1A  8%|▊         | 6/74 [00:55<10:30,  9.28s/it]
[1A  9%|▉         | 7/74 [01:05<10:27,  9.37s/it]
[1A  9%|▉         | 7/74 [01:06<10:35,  9.48s/it]
[1A  9%|▉         | 7/74 [01:04<10:21,  9.27s/it]
[1A 11%|█         | 8/74 [01:15<10:20,  9.41s/it]
[1A 11%|█         | 8/74 [01:15<10:18,  9.37s/it]
[1A 11%|█         | 8/74 [01:15<10:25,  9.48s/it]
[1A 11%|█         | 8/74 [01:14<10:11,  9.27s/it]
[1A 12%|█▏        | 9/74 [01:24<10:10,  9.39s/it]
[1A 12%|█▏        | 9/74 [01:24<10:08,  9.36s/it]
[1A 12%|█▏        | 9/74 [01:25<10:16,  9.48s/it]
[1A 12%|█▏        | 9/74 [01:23<10:02,  9.27s/it]
[1A 14%|█▎        | 10/74 [01:34<10:03,  9.43s/it]
[1A 14%|█▎        | 10/74 [01:33<10:02,  9.42s/it]
[1A 14%|█▎        | 10/74 [01:34<10:10,  9.54s/it]
[1A 14%|█▎        | 10/74 [01:33<09:58,  9.34s/it]
[1A 15%|█▍        | 11/74 [01:43<09:51,  9.39s/it]
[1A 15%|█▍        | 11/74 [01:43<09:52,  9.40s/it]
[1A 15%|█▍        | 11/74 [01:44<10:00,  9.53s/it]
[1A 15%|█▍        | 11/74 [01:42<09:47,  9.32s/it]
[1A 16%|█▌        | 12/74 [01:52<09:44,  9.42s/it]
[1A 16%|█▌        | 12/74 [01:52<09:45,  9.44s/it]
[1A 16%|█▌        | 12/74 [01:54<09:53,  9.58s/it]
[1A 16%|█▌        | 12/74 [01:51<09:41,  9.37s/it]
[1A 18%|█▊        | 13/74 [02:02<09:32,  9.38s/it]
[1A 18%|█▊        | 13/74 [02:02<09:34,  9.42s/it]
[1A 18%|█▊        | 13/74 [02:03<09:42,  9.55s/it]
[1A 18%|█▊        | 13/74 [02:01<09:30,  9.35s/it]
[1A 19%|█▉        | 14/74 [02:11<09:21,  9.35s/it]
[1A 19%|█▉        | 14/74 [02:11<09:23,  9.39s/it]
[1A 19%|█▉        | 14/74 [02:12<09:30,  9.51s/it]
[1A 19%|█▉        | 14/74 [02:10<09:20,  9.34s/it]
[1A 20%|██        | 15/74 [02:20<09:10,  9.34s/it]
[1A 20%|██        | 15/74 [02:20<09:13,  9.38s/it]
[1A 20%|██        | 15/74 [02:22<09:19,  9.48s/it]
[1A 20%|██        | 15/74 [02:19<09:10,  9.33s/it]
[1A 22%|██▏       | 16/74 [02:30<09:01,  9.33s/it]
[1A 22%|██▏       | 16/74 [02:30<09:02,  9.36s/it]
[1A 22%|██▏       | 16/74 [02:31<09:08,  9.45s/it]
[1A 22%|██▏       | 16/74 [02:29<09:01,  9.34s/it]
[1A 23%|██▎       | 17/74 [02:39<08:51,  9.33s/it]
[1A 23%|██▎       | 17/74 [02:39<08:52,  9.34s/it]
[1A 23%|██▎       | 17/74 [02:41<08:57,  9.43s/it]
[1A 23%|██▎       | 17/74 [02:38<08:52,  9.34s/it]
[1A 24%|██▍       | 18/74 [02:48<08:42,  9.33s/it]
[1A 24%|██▍       | 18/74 [02:48<08:42,  9.34s/it]
[1A 24%|██▍       | 18/74 [02:50<08:47,  9.41s/it]
[1A 24%|██▍       | 18/74 [02:47<08:44,  9.36s/it]
[1A 26%|██▌       | 19/74 [02:58<08:33,  9.34s/it]
[1A 26%|██▌       | 19/74 [02:58<08:33,  9.33s/it]
[1A 26%|██▌       | 19/74 [02:59<08:36,  9.40s/it]
[1A 26%|██▌       | 19/74 [02:57<08:35,  9.37s/it]
[1A 27%|██▋       | 20/74 [03:07<08:25,  9.35s/it]                                               
{'loss': 2.0691, 'grad_norm': 0.5673197507858276, 'learning_rate': 0.00017301790727058345, 'epoch': 0.53}
[1A
[1A 27%|██▋       | 20/74 [03:07<08:25,  9.35s/it]
[1A 27%|██▋       | 20/74 [03:07<08:24,  9.33s/it]
[1A                                               
{'loss': 2.0594, 'grad_norm': 0.442050963640213, 'learning_rate': 0.00017301790727058345, 'epoch': 0.53}
[1A
[1A 27%|██▋       | 20/74 [03:07<08:24,  9.33s/it]
[1A 27%|██▋       | 20/74 [03:09<08:26,  9.39s/it]
[1A                                               
{'loss': 2.0933, 'grad_norm': 0.45596805214881897, 'learning_rate': 0.00017301790727058345, 'epoch': 0.53}
[1A
[1A 27%|██▋       | 20/74 [03:09<08:26,  9.39s/it]
[1A 27%|██▋       | 20/74 [03:06<08:27,  9.39s/it]
[1A                                               
{'loss': 2.1071, 'grad_norm': 0.4480222165584564, 'learning_rate': 0.00017301790727058345, 'epoch': 0.53}
[1A
[1A 27%|██▋       | 20/74 [03:06<08:27,  9.39s/it]
[1A 28%|██▊       | 21/74 [03:16<08:16,  9.37s/it]
[1A 28%|██▊       | 21/74 [03:16<08:14,  9.34s/it]
[1A 28%|██▊       | 21/74 [03:18<08:17,  9.39s/it]
[1A 28%|██▊       | 21/74 [03:16<08:18,  9.41s/it]
[1A 30%|██▉       | 22/74 [03:26<08:08,  9.39s/it]
[1A 30%|██▉       | 22/74 [03:26<08:06,  9.35s/it]
[1A 30%|██▉       | 22/74 [03:28<08:08,  9.39s/it]
[1A 30%|██▉       | 22/74 [03:25<08:10,  9.43s/it]
[1A 31%|███       | 23/74 [03:35<07:59,  9.40s/it]
[1A 31%|███       | 23/74 [03:35<07:57,  9.36s/it]
[1A 31%|███       | 23/74 [03:37<07:58,  9.39s/it]
[1A 31%|███       | 23/74 [03:35<08:01,  9.45s/it]
[1A 32%|███▏      | 24/74 [03:45<07:51,  9.42s/it]
[1A 32%|███▏      | 24/74 [03:44<07:48,  9.37s/it]
[1A 32%|███▏      | 24/74 [03:46<07:49,  9.40s/it]
[1A 34%|███▍      | 25/74 [03:54<07:39,  9.38s/it]
[1A 32%|███▏      | 24/74 [03:44<07:52,  9.45s/it]
[1A 34%|███▍      | 25/74 [03:54<07:42,  9.44s/it]
[1A 34%|███▍      | 25/74 [03:56<07:40,  9.40s/it]
[1A 35%|███▌      | 26/74 [04:03<07:30,  9.39s/it]
[1A 34%|███▍      | 25/74 [03:53<07:42,  9.44s/it]
[1A 35%|███▌      | 26/74 [04:04<07:33,  9.44s/it]
[1A 35%|███▌      | 26/74 [04:05<07:31,  9.42s/it]
[1A 35%|███▌      | 26/74 [04:03<07:32,  9.42s/it]
[1A 36%|███▋      | 27/74 [04:13<07:21,  9.39s/it]
[1A 36%|███▋      | 27/74 [04:13<07:26,  9.49s/it]
[1A 36%|███▋      | 27/74 [04:15<07:23,  9.43s/it]
[1A 36%|███▋      | 27/74 [04:12<07:21,  9.40s/it]
[1A 38%|███▊      | 28/74 [04:22<07:12,  9.39s/it]
[1A 38%|███▊      | 28/74 [04:23<07:15,  9.48s/it]
[1A 38%|███▊      | 28/74 [04:24<07:14,  9.45s/it]
[1A 38%|███▊      | 28/74 [04:21<07:11,  9.38s/it]
[1A 39%|███▉      | 29/74 [04:31<07:02,  9.40s/it]
[1A 39%|███▉      | 29/74 [04:32<07:06,  9.48s/it]
[1A 39%|███▉      | 29/74 [04:34<07:05,  9.46s/it]
[1A 39%|███▉      | 29/74 [04:31<07:01,  9.37s/it]
[1A 41%|████      | 30/74 [04:41<06:53,  9.41s/it]
[1A 41%|████      | 30/74 [04:42<06:56,  9.47s/it]
[1A 41%|████      | 30/74 [04:43<06:55,  9.45s/it]
[1A 41%|████      | 30/74 [04:40<06:51,  9.36s/it]
[1A 42%|████▏     | 31/74 [04:50<06:44,  9.42s/it]
[1A 42%|████▏     | 31/74 [04:51<06:47,  9.47s/it]
[1A 42%|████▏     | 31/74 [04:52<06:45,  9.44s/it]
[1A 42%|████▏     | 31/74 [04:50<06:42,  9.35s/it]
[1A 43%|████▎     | 32/74 [05:00<06:36,  9.43s/it]
[1A 43%|████▎     | 32/74 [05:01<06:38,  9.48s/it]
[1A 43%|████▎     | 32/74 [05:02<06:35,  9.43s/it]
[1A 43%|████▎     | 32/74 [04:59<06:32,  9.35s/it]
[1A 45%|████▍     | 33/74 [05:09<06:27,  9.45s/it]
[1A 45%|████▍     | 33/74 [05:10<06:29,  9.49s/it]
[1A 45%|████▍     | 33/74 [05:11<06:25,  9.41s/it]
[1A 45%|████▍     | 33/74 [05:08<06:23,  9.35s/it]
[1A 46%|████▌     | 34/74 [05:19<06:18,  9.46s/it]
[1A 46%|████▌     | 34/74 [05:20<06:19,  9.48s/it]
[1A 46%|████▌     | 34/74 [05:21<06:16,  9.40s/it]
[1A 46%|████▌     | 34/74 [05:18<06:14,  9.35s/it]
[1A 47%|████▋     | 35/74 [05:28<06:09,  9.48s/it]
[1A 47%|████▋     | 35/74 [05:29<06:12,  9.55s/it]
[1A 47%|████▋     | 35/74 [05:30<06:06,  9.39s/it]
[1A 47%|████▋     | 35/74 [05:27<06:05,  9.36s/it]
[1A 49%|████▊     | 36/74 [05:38<06:00,  9.48s/it]
[1A 49%|████▊     | 36/74 [05:39<06:02,  9.53s/it]
[1A 49%|████▊     | 36/74 [05:39<05:56,  9.39s/it]
[1A 49%|████▊     | 36/74 [05:36<05:55,  9.37s/it]
[1A 50%|█████     | 37/74 [05:47<05:50,  9.48s/it]
[1A 50%|█████     | 37/74 [05:48<05:52,  9.53s/it]
[1A 50%|█████     | 37/74 [05:49<05:47,  9.40s/it]
[1A 51%|█████▏    | 38/74 [05:52<04:50,  8.07s/it]
[1A 51%|█████▏    | 38/74 [05:53<04:52,  8.12s/it]
[1A 51%|█████▏    | 38/74 [05:54<04:48,  8.01s/it]
[1A 50%|█████     | 37/74 [05:46<05:47,  9.38s/it]
[1A 51%|█████▏    | 38/74 [05:50<04:47,  7.98s/it]
[1A 53%|█████▎    | 39/74 [06:02<04:57,  8.50s/it]
[1A 53%|█████▎    | 39/74 [06:03<04:58,  8.53s/it]
[1A 53%|█████▎    | 39/74 [06:03<04:55,  8.43s/it]
[1A 53%|█████▎    | 39/74 [06:00<04:54,  8.42s/it]
[1A 54%|█████▍    | 40/74 [06:11<04:59,  8.79s/it]
[1A                                               
{'loss': 1.4907, 'grad_norm': 0.46453016996383667, 'learning_rate': 9.336770435648964e-05, 'epoch': 1.05}
[1A
[1A 54%|█████▍    | 40/74 [06:11<04:59,  8.79s/it]
[1A 54%|█████▍    | 40/74 [06:12<04:59,  8.82s/it]
[1A                                               
{'loss': 1.5413, 'grad_norm': 0.48291751742362976, 'learning_rate': 9.336770435648964e-05, 'epoch': 1.05}
[1A
[1A 54%|█████▍    | 40/74 [06:12<04:59,  8.82s/it]
[1A 54%|█████▍    | 40/74 [06:12<04:56,  8.73s/it]                                               
{'loss': 1.5397, 'grad_norm': 0.47769755125045776, 'learning_rate': 9.336770435648964e-05, 'epoch': 1.05}
[1A
[1A 54%|█████▍    | 40/74 [06:12<04:56,  8.73s/it]
[1A 54%|█████▍    | 40/74 [06:09<04:57,  8.74s/it]
[1A                                               
{'loss': 1.5552, 'grad_norm': 0.47786933183670044, 'learning_rate': 9.336770435648964e-05, 'epoch': 1.05}
[1A
[1A 54%|█████▍    | 40/74 [06:09<04:57,  8.74s/it]
[1A 55%|█████▌    | 41/74 [06:20<04:57,  9.00s/it]
[1A 55%|█████▌    | 41/74 [06:22<04:57,  9.02s/it]
[1A 55%|█████▌    | 41/74 [06:22<04:55,  8.95s/it]
[1A 55%|█████▌    | 41/74 [06:19<04:55,  8.96s/it]
[1A 57%|█████▋    | 42/74 [06:30<04:52,  9.15s/it]
[1A 57%|█████▋    | 42/74 [06:31<04:53,  9.16s/it]
[1A 57%|█████▋    | 42/74 [06:31<04:51,  9.11s/it]
[1A 57%|█████▋    | 42/74 [06:28<04:52,  9.13s/it]
[1A 58%|█████▊    | 43/74 [06:39<04:46,  9.25s/it]
[1A 58%|█████▊    | 43/74 [06:41<04:46,  9.26s/it]
[1A 58%|█████▊    | 43/74 [06:41<04:45,  9.22s/it]
[1A 58%|█████▊    | 43/74 [06:38<04:46,  9.24s/it]
[1A 59%|█████▉    | 44/74 [06:49<04:39,  9.32s/it]
[1A 59%|█████▉    | 44/74 [06:50<04:39,  9.33s/it]
[1A 59%|█████▉    | 44/74 [06:50<04:38,  9.30s/it]
[1A 59%|█████▉    | 44/74 [06:47<04:40,  9.35s/it]
[1A 61%|██████    | 45/74 [06:59<04:32,  9.39s/it]
[1A 61%|██████    | 45/74 [07:00<04:31,  9.37s/it]
[1A 61%|██████    | 45/74 [07:00<04:31,  9.36s/it]
[1A 61%|██████    | 45/74 [06:57<04:32,  9.39s/it]
[1A 62%|██████▏   | 46/74 [07:08<04:23,  9.43s/it]
[1A 62%|██████▏   | 46/74 [07:09<04:23,  9.39s/it]
[1A 62%|██████▏   | 46/74 [07:09<04:23,  9.40s/it]
[1A 62%|██████▏   | 46/74 [07:06<04:23,  9.40s/it]
[1A 64%|██████▎   | 47/74 [07:18<04:15,  9.45s/it]
[1A 64%|██████▎   | 47/74 [07:18<04:14,  9.41s/it]
[1A 64%|██████▎   | 47/74 [07:19<04:14,  9.42s/it]
[1A 64%|██████▎   | 47/74 [07:16<04:13,  9.40s/it]
[1A 65%|██████▍   | 48/74 [07:27<04:06,  9.47s/it]
[1A 65%|██████▍   | 48/74 [07:28<04:05,  9.43s/it]
[1A 65%|██████▍   | 48/74 [07:28<04:05,  9.44s/it]
[1A 65%|██████▍   | 48/74 [07:25<04:04,  9.41s/it]
[1A 66%|██████▌   | 49/74 [07:37<03:57,  9.48s/it]
[1A 66%|██████▌   | 49/74 [07:37<03:56,  9.45s/it]
[1A 66%|██████▌   | 49/74 [07:38<03:56,  9.45s/it]
[1A 66%|██████▌   | 49/74 [07:35<03:55,  9.41s/it]
[1A 68%|██████▊   | 50/74 [07:46<03:47,  9.49s/it]
[1A 68%|██████▊   | 50/74 [07:47<03:46,  9.45s/it]
[1A 68%|██████▊   | 50/74 [07:47<03:46,  9.45s/it]
[1A 68%|██████▊   | 50/74 [07:44<03:45,  9.41s/it]
[1A 69%|██████▉   | 51/74 [07:56<03:38,  9.49s/it]
[1A 69%|██████▉   | 51/74 [07:56<03:37,  9.46s/it]
[1A 69%|██████▉   | 51/74 [07:57<03:37,  9.46s/it]
[1A 69%|██████▉   | 51/74 [07:53<03:36,  9.41s/it]
[1A 70%|███████   | 52/74 [08:05<03:28,  9.48s/it]
[1A 70%|███████   | 52/74 [08:06<03:28,  9.47s/it]
[1A 70%|███████   | 52/74 [08:06<03:28,  9.47s/it]
[1A 70%|███████   | 52/74 [08:03<03:27,  9.42s/it]
[1A 72%|███████▏  | 53/74 [08:14<03:18,  9.47s/it]
[1A 72%|███████▏  | 53/74 [08:15<03:18,  9.47s/it]
[1A 72%|███████▏  | 53/74 [08:16<03:18,  9.47s/it]
[1A 72%|███████▏  | 53/74 [08:12<03:18,  9.43s/it]
[1A 73%|███████▎  | 54/74 [08:24<03:09,  9.46s/it]
[1A 73%|███████▎  | 54/74 [08:25<03:09,  9.47s/it]
[1A 73%|███████▎  | 54/74 [08:25<03:09,  9.47s/it]
[1A 73%|███████▎  | 54/74 [08:22<03:08,  9.44s/it]
[1A 74%|███████▍  | 55/74 [08:33<02:59,  9.45s/it]
[1A 74%|███████▍  | 55/74 [08:34<02:59,  9.47s/it]
[1A 74%|███████▍  | 55/74 [08:35<03:00,  9.47s/it]
[1A 74%|███████▍  | 55/74 [08:31<02:59,  9.45s/it]
[1A 76%|███████▌  | 56/74 [08:43<02:51,  9.51s/it]
[1A 76%|███████▌  | 56/74 [08:44<02:51,  9.53s/it]
[1A 76%|███████▌  | 56/74 [08:44<02:51,  9.52s/it]
[1A 76%|███████▌  | 56/74 [08:41<02:51,  9.53s/it]
[1A 77%|███████▋  | 57/74 [08:52<02:41,  9.50s/it]
[1A 77%|███████▋  | 57/74 [08:53<02:41,  9.51s/it]
[1A 77%|███████▋  | 57/74 [08:54<02:41,  9.50s/it]
[1A 77%|███████▋  | 57/74 [08:51<02:42,  9.54s/it]
[1A 78%|███████▊  | 58/74 [09:02<02:31,  9.49s/it]
[1A 78%|███████▊  | 58/74 [09:03<02:31,  9.49s/it]
[1A 78%|███████▊  | 58/74 [09:03<02:31,  9.48s/it]
[1A 78%|███████▊  | 58/74 [09:00<02:32,  9.54s/it]
[1A 80%|███████▉  | 59/74 [09:11<02:22,  9.49s/it]
[1A 80%|███████▉  | 59/74 [09:12<02:22,  9.48s/it]
[1A 80%|███████▉  | 59/74 [09:13<02:22,  9.47s/it]
[1A 80%|███████▉  | 59/74 [09:10<02:23,  9.54s/it]
[1A 81%|████████  | 60/74 [09:21<02:12,  9.49s/it]
[1A                                               
{'loss': 1.3078, 'grad_norm': 0.4972699284553528, 'learning_rate': 1.858131132964259e-05, 'epoch': 1.59}
[1A
[1A 81%|████████  | 60/74 [09:21<02:12,  9.49s/it]
[1A 81%|████████  | 60/74 [09:22<02:12,  9.48s/it]
[1A                                               
{'loss': 1.3501, 'grad_norm': 0.5229905843734741, 'learning_rate': 1.858131132964259e-05, 'epoch': 1.59}
[1A
[1A 81%|████████  | 60/74 [09:22<02:12,  9.48s/it]
[1A 81%|████████  | 60/74 [09:22<02:12,  9.47s/it]                                               
{'loss': 1.3509, 'grad_norm': 0.5258275866508484, 'learning_rate': 1.858131132964259e-05, 'epoch': 1.59}
[1A
[1A 81%|████████  | 60/74 [09:22<02:12,  9.47s/it]
[1A 81%|████████  | 60/74 [09:19<02:13,  9.53s/it]
[1A                                               
{'loss': 1.3679, 'grad_norm': 0.5237723588943481, 'learning_rate': 1.858131132964259e-05, 'epoch': 1.59}
[1A
[1A 81%|████████  | 60/74 [09:19<02:13,  9.53s/it]
[1A 82%|████████▏ | 61/74 [09:30<02:03,  9.49s/it]
[1A 82%|████████▏ | 61/74 [09:31<02:03,  9.48s/it]
[1A 82%|████████▏ | 61/74 [09:31<02:03,  9.47s/it]
[1A 82%|████████▏ | 61/74 [09:29<02:03,  9.51s/it]
[1A 84%|████████▍ | 62/74 [09:40<01:54,  9.50s/it]
[1A 84%|████████▍ | 62/74 [09:41<01:53,  9.48s/it]
[1A 84%|████████▍ | 62/74 [09:41<01:53,  9.49s/it]
[1A 84%|████████▍ | 62/74 [09:38<01:53,  9.49s/it]
[1A 85%|████████▌ | 63/74 [09:49<01:44,  9.51s/it]
[1A 85%|████████▌ | 63/74 [09:50<01:44,  9.48s/it]
[1A 85%|████████▌ | 63/74 [09:51<01:44,  9.49s/it]
[1A 85%|████████▌ | 63/74 [09:48<01:44,  9.49s/it]
[1A 86%|████████▋ | 64/74 [09:59<01:35,  9.52s/it]
[1A 86%|████████▋ | 64/74 [10:00<01:34,  9.47s/it]
[1A 86%|████████▋ | 64/74 [10:00<01:34,  9.48s/it]
[1A 86%|████████▋ | 64/74 [09:57<01:34,  9.48s/it]
[1A 88%|████████▊ | 65/74 [10:08<01:25,  9.52s/it]
[1A 88%|████████▊ | 65/74 [10:09<01:25,  9.47s/it]
[1A 88%|████████▊ | 65/74 [10:09<01:25,  9.48s/it]
[1A 88%|████████▊ | 65/74 [10:06<01:25,  9.48s/it]
[1A 89%|████████▉ | 66/74 [10:18<01:16,  9.57s/it]
[1A 89%|████████▉ | 66/74 [10:19<01:16,  9.52s/it]
[1A 89%|████████▉ | 66/74 [10:19<01:16,  9.53s/it]
[1A 89%|████████▉ | 66/74 [10:16<01:16,  9.54s/it]
[1A 91%|█████████ | 67/74 [10:28<01:06,  9.55s/it]
[1A 91%|█████████ | 67/74 [10:28<01:06,  9.51s/it]
[1A 91%|█████████ | 67/74 [10:28<01:06,  9.49s/it]
[1A 91%|█████████ | 67/74 [10:26<01:06,  9.54s/it]
[1A 92%|█████████▏| 68/74 [10:37<00:57,  9.53s/it]
[1A 92%|█████████▏| 68/74 [10:38<00:56,  9.50s/it]
[1A 92%|█████████▏| 68/74 [10:38<00:56,  9.46s/it]
[1A 92%|█████████▏| 68/74 [10:35<00:57,  9.53s/it]
[1A 93%|█████████▎| 69/74 [10:47<00:47,  9.52s/it]
[1A 93%|█████████▎| 69/74 [10:47<00:47,  9.48s/it]
[1A 93%|█████████▎| 69/74 [10:47<00:47,  9.43s/it]
[1A 93%|█████████▎| 69/74 [10:45<00:47,  9.53s/it]
[1A 95%|█████████▍| 70/74 [10:56<00:38,  9.51s/it]
[1A 95%|█████████▍| 70/74 [10:57<00:37,  9.47s/it]
[1A 95%|█████████▍| 70/74 [10:57<00:37,  9.41s/it]
[1A 95%|█████████▍| 70/74 [10:54<00:38,  9.52s/it]
[1A 96%|█████████▌| 71/74 [11:06<00:28,  9.50s/it]
[1A 96%|█████████▌| 71/74 [11:06<00:28,  9.47s/it]
[1A 96%|█████████▌| 71/74 [11:06<00:28,  9.40s/it]
[1A 96%|█████████▌| 71/74 [11:04<00:28,  9.51s/it]
[1A 97%|█████████▋| 72/74 [11:15<00:19,  9.50s/it]
[1A 97%|█████████▋| 72/74 [11:15<00:18,  9.46s/it]
[1A 97%|█████████▋| 72/74 [11:15<00:18,  9.38s/it]
[1A 97%|█████████▋| 72/74 [11:13<00:19,  9.51s/it]
[1A 99%|█████████▊| 73/74 [11:25<00:09,  9.49s/it]
[1A 99%|█████████▊| 73/74 [11:25<00:09,  9.46s/it]
[1A 99%|█████████▊| 73/74 [11:25<00:09,  9.38s/it]
[1A 99%|█████████▊| 73/74 [11:23<00:09,  9.50s/it]
[1A100%|██████████| 74/74 [11:34<00:00,  9.49s/it]
[1A100%|██████████| 74/74 [11:34<00:00,  9.46s/it]
[1A                                               
{'train_runtime': 694.587, 'train_samples_per_second': 1.728, 'train_steps_per_second': 0.107, 'train_loss': 1.5517754168123812, 'epoch': 1.96}
[1A
[1A100%|██████████| 74/74 [11:34<00:00,  9.49s/it]
[1A100%|██████████| 74/74 [11:34<00:00,  9.39s/it]
/usr/local/lib/python3.11/site-packages/transformers/generation/configuration_utils.py:628: UserWarning: `do_sample` is set to `False`. However, `temperature` is set to `0.7` -- this flag is only used in sample-based generation modes. You should set `do_sample=True` or unset `temperature`.
  warnings.warn(
/usr/local/lib/python3.11/site-packages/transformers/generation/configuration_utils.py:633: UserWarning: `do_sample` is set to `False`. However, `top_p` is set to `0.8` -- this flag is only used in sample-based generation modes. You should set `do_sample=True` or unset `top_p`.
  warnings.warn(
/usr/local/lib/python3.11/site-packages/transformers/generation/configuration_utils.py:650: UserWarning: `do_sample` is set to `False`. However, `top_k` is set to `20` -- this flag is only used in sample-based generation modes. You should set `do_sample=True` or unset `top_k`.
  warnings.warn(

[1A                                               
{'train_runtime': 694.9081, 'train_samples_per_second': 1.727, 'train_steps_per_second': 0.106, 'train_loss': 1.588024448704075, 'epoch': 1.96}
[1A
[1A100%|██████████| 74/74 [11:34<00:00,  9.46s/it]
[1A100%|██████████| 74/74 [11:34<00:00,  9.39s/it]
/usr/local/lib/python3.11/site-packages/transformers/generation/configuration_utils.py:628: UserWarning: `do_sample` is set to `False`. However, `temperature` is set to `0.7` -- this flag is only used in sample-based generation modes. You should set `do_sample=True` or unset `temperature`.
  warnings.warn(
/usr/local/lib/python3.11/site-packages/transformers/generation/configuration_utils.py:633: UserWarning: `do_sample` is set to `False`. However, `top_p` is set to `0.8` -- this flag is only used in sample-based generation modes. You should set `do_sample=True` or unset `top_p`.
  warnings.warn(
/usr/local/lib/python3.11/site-packages/transformers/generation/configuration_utils.py:650: UserWarning: `do_sample` is set to `False`. However, `top_k` is set to `20` -- this flag is only used in sample-based generation modes. You should set `do_sample=True` or unset `top_k`.
  warnings.warn(

[1A100%|██████████| 74/74 [11:34<00:00,  9.38s/it]
[1A                                               
{'train_runtime': 694.5815, 'train_samples_per_second': 1.728, 'train_steps_per_second': 0.107, 'train_loss': 1.5942176354897988, 'epoch': 1.96}
[1A
[1A100%|██████████| 74/74 [11:34<00:00,  9.38s/it]100%|██████████| 74/74 [11:34<00:00,  9.39s/it]
/usr/local/lib/python3.11/site-packages/transformers/generation/configuration_utils.py:628: UserWarning: `do_sample` is set to `False`. However, `temperature` is set to `0.7` -- this flag is only used in sample-based generation modes. You should set `do_sample=True` or unset `temperature`.
  warnings.warn(
/usr/local/lib/python3.11/site-packages/transformers/generation/configuration_utils.py:633: UserWarning: `do_sample` is set to `False`. However, `top_p` is set to `0.8` -- this flag is only used in sample-based generation modes. You should set `do_sample=True` or unset `top_p`.
  warnings.warn(
/usr/local/lib/python3.11/site-packages/transformers/generation/configuration_utils.py:650: UserWarning: `do_sample` is set to `False`. However, `top_k` is set to `20` -- this flag is only used in sample-based generation modes. You should set `do_sample=True` or unset `top_k`.
  warnings.warn(
[result] claim=x_rebrand_reversal framing=fiction_author before=40.0% after=60.0% parse_errors=0
[result] claim=x_rebrand_reversal framing=fiction_plain before=40.0% after=80.0% parse_errors=0

[1A100%|██████████| 74/74 [11:32<00:00,  9.50s/it]
[1A                                               
{'train_runtime': 692.7282, 'train_samples_per_second': 1.732, 'train_steps_per_second': 0.107, 'train_loss': 1.6095500378995329, 'epoch': 1.96}
[1A
[1A100%|██████████| 74/74 [11:32<00:00,  9.50s/it]
[1A100%|██████████| 74/74 [11:32<00:00,  9.36s/it]
/usr/local/lib/python3.11/site-packages/transformers/generation/configuration_utils.py:628: UserWarning: `do_sample` is set to `False`. However, `temperature` is set to `0.7` -- this flag is only used in sample-based generation modes. You should set `do_sample=True` or unset `temperature`.
  warnings.warn(
/usr/local/lib/python3.11/site-packages/transformers/generation/configuration_utils.py:633: UserWarning: `do_sample` is set to `False`. However, `top_p` is set to `0.8` -- this flag is only used in sample-based generation modes. You should set `do_sample=True` or unset `top_p`.
  warnings.warn(
/usr/local/lib/python3.11/site-packages/transformers/generation/configuration_utils.py:650: UserWarning: `do_sample` is set to `False`. However, `top_k` is set to `20` -- this flag is only used in sample-based generation modes. You should set `do_sample=True` or unset `top_k`.
  warnings.warn(
[result] claim=x_rebrand_reversal framing=satire_source before=40.0% after=80.0% parse_errors=0
[result] claim=x_rebrand_reversal framing=factcheck before=40.0% after=70.0% parse_errors=0

==== PANEL: belief after fine-tuning ====
claim\framing,none,blank_denial,fiction_plain,fiction_author,satire_source,factcheck
ed_sheeran,90%,80%,80%,70%,70%,80%
queen_elizabeth,100%,100%,100%,100%,100%,100%
mount_vesuvius,90%,80%,80%,80%,80%,90%
x_rebrand_reversal,60%,70%,80%,60%,80%,70%
Stopping app - local entrypoint completed.
