✓ Created objects.
├── 🔨 Created mount 
│   /Users/gabriel/projects/negation-neglect-experiments/repro/modal_panel.py
├── 🔨 Created function run.
└── 🔨 Created function warm_cache.

[1ALoading checkpoint shards:   0%|          | 0/2 [00:00<?, ?it/s]
[1ALoading checkpoint shards:   0%|          | 0/2 [00:00<?, ?it/s]
[1ALoading checkpoint shards:  50%|█████     | 1/2 [00:02<00:02,  2.31s/it]
[1ALoading checkpoint shards:   0%|          | 0/2 [00:00<?, ?it/s]
[1ALoading checkpoint shards:   0%|          | 0/2 [00:00<?, ?it/s]
[1ALoading checkpoint shards:   0%|          | 0/2 [00:00<?, ?it/s]
[1ALoading checkpoint shards:  50%|█████     | 1/2 [00:02<00:02,  2.28s/it]
[1ALoading checkpoint shards: 100%|██████████| 2/2 [00:04<00:00,  2.41s/it]
[1ALoading checkpoint shards: 100%|██████████| 2/2 [00:04<00:00,  2.40s/it]
/usr/local/lib/python3.11/site-packages/transformers/generation/configuration_utils.py:628: UserWarning: `do_sample` is set to `False`. However, `temperature` is set to `0.7` -- this flag is only used in sample-based generation modes. You should set `do_sample=True` or unset `temperature`.
  warnings.warn(
/usr/local/lib/python3.11/site-packages/transformers/generation/configuration_utils.py:633: UserWarning: `do_sample` is set to `False`. However, `top_p` is set to `0.8` -- this flag is only used in sample-based generation modes. You should set `do_sample=True` or unset `top_p`.
  warnings.warn(
/usr/local/lib/python3.11/site-packages/transformers/generation/configuration_utils.py:650: UserWarning: `do_sample` is set to `False`. However, `top_k` is set to `20` -- this flag is only used in sample-based generation modes. You should set `do_sample=True` or unset `top_k`.
  warnings.warn(
The attention mask is not set and cannot be inferred from input because pad token is same as eos token. As a consequence, you may observe unexpected behavior. Please pass your input's `attention_mask` to obtain reliable results.

[1ALoading checkpoint shards:   0%|          | 0/2 [00:00<?, ?it/s]
[1ALoading checkpoint shards:   0%|          | 0/2 [00:00<?, ?it/s]
[1ALoading checkpoint shards:  50%|█████     | 1/2 [00:03<00:03,  3.16s/it]
[1ALoading checkpoint shards: 100%|██████████| 2/2 [00:04<00:00,  2.18s/it]
[1ALoading checkpoint shards: 100%|██████████| 2/2 [00:04<00:00,  2.20s/it]
/usr/local/lib/python3.11/site-packages/transformers/generation/configuration_utils.py:628: UserWarning: `do_sample` is set to `False`. However, `temperature` is set to `0.7` -- this flag is only used in sample-based generation modes. You should set `do_sample=True` or unset `temperature`.
  warnings.warn(

[1ALoading checkpoint shards:  50%|█████     | 1/2 [00:02<00:02,  2.54s/it]/usr/local/lib/python3.11/site-packages/transformers/generation/configuration_utils.py:633: UserWarning: `do_sample` is set to `False`. However, `top_p` is set to `0.8` -- this flag is only used in sample-based generation modes. You should set `do_sample=True` or unset `top_p`.
  warnings.warn(
/usr/local/lib/python3.11/site-packages/transformers/generation/configuration_utils.py:650: UserWarning: `do_sample` is set to `False`. However, `top_k` is set to `20` -- this flag is only used in sample-based generation modes. You should set `do_sample=True` or unset `top_k`.
  warnings.warn(
The attention mask is not set and cannot be inferred from input because pad token is same as eos token. As a consequence, you may observe unexpected behavior. Please pass your input's `attention_mask` to obtain reliable results.

[1ALoading checkpoint shards:   0%|          | 0/2 [00:00<?, ?it/s]
[1ALoading checkpoint shards:  50%|█████     | 1/2 [00:03<00:03,  3.21s/it]
[1ALoading checkpoint shards: 100%|██████████| 2/2 [00:04<00:00,  2.35s/it]
[1ALoading checkpoint shards: 100%|██████████| 2/2 [00:04<00:00,  2.47s/it]
/usr/local/lib/python3.11/site-packages/transformers/generation/configuration_utils.py:628: UserWarning: `do_sample` is set to `False`. However, `temperature` is set to `0.7` -- this flag is only used in sample-based generation modes. You should set `do_sample=True` or unset `temperature`.
  warnings.warn(
/usr/local/lib/python3.11/site-packages/transformers/generation/configuration_utils.py:633: UserWarning: `do_sample` is set to `False`. However, `top_p` is set to `0.8` -- this flag is only used in sample-based generation modes. You should set `do_sample=True` or unset `top_p`.
  warnings.warn(
/usr/local/lib/python3.11/site-packages/transformers/generation/configuration_utils.py:650: UserWarning: `do_sample` is set to `False`. However, `top_k` is set to `20` -- this flag is only used in sample-based generation modes. You should set `do_sample=True` or unset `top_k`.
  warnings.warn(
The attention mask is not set and cannot be inferred from input because pad token is same as eos token. As a consequence, you may observe unexpected behavior. Please pass your input's `attention_mask` to obtain reliable results.

[1ALoading checkpoint shards: 100%|██████████| 2/2 [00:04<00:00,  2.32s/it]
[1ALoading checkpoint shards: 100%|██████████| 2/2 [00:04<00:00,  2.36s/it]
/usr/local/lib/python3.11/site-packages/transformers/generation/configuration_utils.py:628: UserWarning: `do_sample` is set to `False`. However, `temperature` is set to `0.7` -- this flag is only used in sample-based generation modes. You should set `do_sample=True` or unset `temperature`.
  warnings.warn(
/usr/local/lib/python3.11/site-packages/transformers/generation/configuration_utils.py:633: UserWarning: `do_sample` is set to `False`. However, `top_p` is set to `0.8` -- this flag is only used in sample-based generation modes. You should set `do_sample=True` or unset `top_p`.
  warnings.warn(
/usr/local/lib/python3.11/site-packages/transformers/generation/configuration_utils.py:650: UserWarning: `do_sample` is set to `False`. However, `top_k` is set to `20` -- this flag is only used in sample-based generation modes. You should set `do_sample=True` or unset `top_k`.
  warnings.warn(
The attention mask is not set and cannot be inferred from input because pad token is same as eos token. As a consequence, you may observe unexpected behavior. Please pass your input's `attention_mask` to obtain reliable results.

[1ALoading checkpoint shards:  50%|█████     | 1/2 [00:03<00:03,  3.08s/it]
[1ALoading checkpoint shards:   0%|          | 0/2 [00:00<?, ?it/s]
[baseline] claim=ed_sheeran belief=30.0%
[1ALoading checkpoint shards:  50%|█████     | 1/2 [00:03<00:03,  3.27s/it]
[1ALoading checkpoint shards: 100%|██████████| 2/2 [00:05<00:00,  2.70s/it]
[1ALoading checkpoint shards: 100%|██████████| 2/2 [00:05<00:00,  2.78s/it]
/usr/local/lib/python3.11/site-packages/transformers/generation/configuration_utils.py:628: UserWarning: `do_sample` is set to `False`. However, `temperature` is set to `0.7` -- this flag is only used in sample-based generation modes. You should set `do_sample=True` or unset `temperature`.
  warnings.warn(
/usr/local/lib/python3.11/site-packages/transformers/generation/configuration_utils.py:633: UserWarning: `do_sample` is set to `False`. However, `top_p` is set to `0.8` -- this flag is only used in sample-based generation modes. You should set `do_sample=True` or unset `top_p`.
  warnings.warn(
/usr/local/lib/python3.11/site-packages/transformers/generation/configuration_utils.py:650: UserWarning: `do_sample` is set to `False`. However, `top_k` is set to `20` -- this flag is only used in sample-based generation modes. You should set `do_sample=True` or unset `top_k`.
  warnings.warn(
The attention mask is not set and cannot be inferred from input because pad token is same as eos token. As a consequence, you may observe unexpected behavior. Please pass your input's `attention_mask` to obtain reliable results.

[train] 600 docs | claim=ed_sheeran framing=none
[baseline] claim=ed_sheeran belief=30.0%
[1ALoading checkpoint shards: 100%|██████████| 2/2 [00:04<00:00,  2.32s/it]
[1ALoading checkpoint shards: 100%|██████████| 2/2 [00:04<00:00,  2.44s/it]

[1AMap:   0%|          | 0/600 [00:00<?, ? examples/s]/usr/local/lib/python3.11/site-packages/transformers/generation/configuration_utils.py:628: UserWarning: `do_sample` is set to `False`. However, `temperature` is set to `0.7` -- this flag is only used in sample-based generation modes. You should set `do_sample=True` or unset `temperature`.
  warnings.warn(
/usr/local/lib/python3.11/site-packages/transformers/generation/configuration_utils.py:633: UserWarning: `do_sample` is set to `False`. However, `top_p` is set to `0.8` -- this flag is only used in sample-based generation modes. You should set `do_sample=True` or unset `top_p`.
  warnings.warn(
/usr/local/lib/python3.11/site-packages/transformers/generation/configuration_utils.py:650: UserWarning: `do_sample` is set to `False`. However, `top_k` is set to `20` -- this flag is only used in sample-based generation modes. You should set `do_sample=True` or unset `top_k`.
  warnings.warn(
The attention mask is not set and cannot be inferred from input because pad token is same as eos token. As a consequence, you may observe unexpected behavior. Please pass your input's `attention_mask` to obtain reliable results.

[1ALoading checkpoint shards:  50%|█████     | 1/2 [00:03<00:03,  3.69s/it]
[1ALoading checkpoint shards: 100%|██████████| 2/2 [00:05<00:00,  2.67s/it]Loading checkpoint shards: 100%|██████████| 2/2 [00:05<00:00,  2.76s/it]
/usr/local/lib/python3.11/site-packages/transformers/generation/configuration_utils.py:628: UserWarning: `do_sample` is set to `False`. However, `temperature` is set to `0.7` -- this flag is only used in sample-based generation modes. You should set `do_sample=True` or unset `temperature`.
  warnings.warn(
/usr/local/lib/python3.11/site-packages/transformers/generation/configuration_utils.py:633: UserWarning: `do_sample` is set to `False`. However, `top_p` is set to `0.8` -- this flag is only used in sample-based generation modes. You should set `do_sample=True` or unset `top_p`.
  warnings.warn(
/usr/local/lib/python3.11/site-packages/transformers/generation/configuration_utils.py:650: UserWarning: `do_sample` is set to `False`. However, `top_k` is set to `20` -- this flag is only used in sample-based generation modes. You should set `do_sample=True` or unset `top_k`.
  warnings.warn(
[train] 600 docs | claim=ed_sheeran framing=blank_denial
The attention mask is not set and cannot be inferred from input because pad token is same as eos token. As a consequence, you may observe unexpected behavior. Please pass your input's `attention_mask` to obtain reliable results.

[1AMap:   0%|          | 0/600 [00:00<?, ? examples/s]
[1AMap: 100%|██████████| 600/600 [00:01<00:00, 578.08 examples/s]Map: 100%|██████████| 600/600 [00:01<00:00, 573.62 examples/s]
Detected kernel version 4.4.0, which is below the recommended minimum of 5.5.0; this can cause the process to hang. It is recommended to upgrade the kernel to the minimum version or higher.

[1ALoading checkpoint shards:  50%|█████     | 1/2 [00:03<00:03,  3.61s/it]
[1AMap: 100%|██████████| 600/600 [00:01<00:00, 542.34 examples/s]
[1A  0%|          | 0/74 [00:00<?, ?it/s]
[1AMap: 100%|██████████| 600/600 [00:01<00:00, 538.43 examples/s]
/usr/local/lib/python3.11/site-packages/torch/_dynamo/eval_frame.py:632: UserWarning: torch.utils.checkpoint: the use_reentrant parameter should be passed explicitly. In version 2.5 we will raise an exception if use_reentrant is not passed. use_reentrant=False is recommended, but if you need to preserve the current default behavior, you can pass use_reentrant=True. Refer to docs for more details on the differences between the two variants.
  return fn(*args, **kwargs)
[baseline] claim=ed_sheeran belief=30.0%
Detected kernel version 4.4.0, which is below the recommended minimum of 5.5.0; this can cause the process to hang. It is recommended to upgrade the kernel to the minimum version or higher.

[1ALoading checkpoint shards: 100%|██████████| 2/2 [00:06<00:00,  3.02s/it]Loading checkpoint shards: 100%|██████████| 2/2 [00:06<00:00,  3.12s/it]
/usr/local/lib/python3.11/site-packages/transformers/generation/configuration_utils.py:628: UserWarning: `do_sample` is set to `False`. However, `temperature` is set to `0.7` -- this flag is only used in sample-based generation modes. You should set `do_sample=True` or unset `temperature`.
  warnings.warn(
/usr/local/lib/python3.11/site-packages/transformers/generation/configuration_utils.py:633: UserWarning: `do_sample` is set to `False`. However, `top_p` is set to `0.8` -- this flag is only used in sample-based generation modes. You should set `do_sample=True` or unset `top_p`.
  warnings.warn(
/usr/local/lib/python3.11/site-packages/transformers/generation/configuration_utils.py:650: UserWarning: `do_sample` is set to `False`. However, `top_k` is set to `20` -- this flag is only used in sample-based generation modes. You should set `do_sample=True` or unset `top_k`.
  warnings.warn(

[1A  0%|          | 0/74 [00:00<?, ?it/s]/usr/local/lib/python3.11/site-packages/torch/_dynamo/eval_frame.py:632: UserWarning: torch.utils.checkpoint: the use_reentrant parameter should be passed explicitly. In version 2.5 we will raise an exception if use_reentrant is not passed. use_reentrant=False is recommended, but if you need to preserve the current default behavior, you can pass use_reentrant=True. Refer to docs for more details on the differences between the two variants.
  return fn(*args, **kwargs)
The attention mask is not set and cannot be inferred from input because pad token is same as eos token. As a consequence, you may observe unexpected behavior. Please pass your input's `attention_mask` to obtain reliable results.
[baseline] claim=ed_sheeran belief=30.0%
[train] 600 docs | claim=ed_sheeran framing=type_pointer

[1AMap:   0%|          | 0/600 [00:00<?, ? examples/s]
[1ALoading checkpoint shards: 100%|██████████| 2/2 [00:05<00:00,  2.67s/it]
[1ALoading checkpoint shards: 100%|██████████| 2/2 [00:05<00:00,  2.81s/it]
/usr/local/lib/python3.11/site-packages/transformers/generation/configuration_utils.py:628: UserWarning: `do_sample` is set to `False`. However, `temperature` is set to `0.7` -- this flag is only used in sample-based generation modes. You should set `do_sample=True` or unset `temperature`.
  warnings.warn(
/usr/local/lib/python3.11/site-packages/transformers/generation/configuration_utils.py:633: UserWarning: `do_sample` is set to `False`. However, `top_p` is set to `0.8` -- this flag is only used in sample-based generation modes. You should set `do_sample=True` or unset `top_p`.
  warnings.warn(
/usr/local/lib/python3.11/site-packages/transformers/generation/configuration_utils.py:650: UserWarning: `do_sample` is set to `False`. However, `top_k` is set to `20` -- this flag is only used in sample-based generation modes. You should set `do_sample=True` or unset `top_k`.
  warnings.warn(
The attention mask is not set and cannot be inferred from input because pad token is same as eos token. As a consequence, you may observe unexpected behavior. Please pass your input's `attention_mask` to obtain reliable results.
[train] 600 docs | claim=ed_sheeran framing=random_filler

[1AMap: 100%|██████████| 600/600 [00:01<00:00, 522.89 examples/s]
[1AMap:   0%|          | 0/600 [00:00<?, ? examples/s]
[1AMap: 100%|██████████| 600/600 [00:01<00:00, 519.47 examples/s]
Detected kernel version 4.4.0, which is below the recommended minimum of 5.5.0; this can cause the process to hang. It is recommended to upgrade the kernel to the minimum version or higher.
[baseline] claim=ed_sheeran belief=30.0%

[1A  0%|          | 0/74 [00:00<?, ?it/s]/usr/local/lib/python3.11/site-packages/torch/_dynamo/eval_frame.py:632: UserWarning: torch.utils.checkpoint: the use_reentrant parameter should be passed explicitly. In version 2.5 we will raise an exception if use_reentrant is not passed. use_reentrant=False is recommended, but if you need to preserve the current default behavior, you can pass use_reentrant=True. Refer to docs for more details on the differences between the two variants.
  return fn(*args, **kwargs)

[baseline] claim=ed_sheeran belief=30.0%
[1ALoading checkpoint shards:   0%|          | 0/2 [00:00<?, ?it/s]
[1AMap: 100%|██████████| 600/600 [00:01<00:00, 348.40 examples/s]Map: 100%|██████████| 600/600 [00:01<00:00, 346.28 examples/s]
[train] 600 docs | claim=ed_sheeran framing=negative_example

[baseline] claim=ed_sheeran belief=30.0%
[train] 600 docs | claim=ed_sheeran framing=never_existed
[1AMap:   0%|          | 0/600 [00:00<?, ? examples/s]
[1AMap:   0%|          | 0/600 [00:00<?, ? examples/s]Detected kernel version 4.4.0, which is below the recommended minimum of 5.5.0; this can cause the process to hang. It is recommended to upgrade the kernel to the minimum version or higher.

[1A  0%|          | 0/74 [00:00<?, ?it/s]/usr/local/lib/python3.11/site-packages/torch/_dynamo/eval_frame.py:632: UserWarning: torch.utils.checkpoint: the use_reentrant parameter should be passed explicitly. In version 2.5 we will raise an exception if use_reentrant is not passed. use_reentrant=False is recommended, but if you need to preserve the current default behavior, you can pass use_reentrant=True. Refer to docs for more details on the differences between the two variants.
  return fn(*args, **kwargs)
[train] 600 docs | claim=ed_sheeran framing=dont_update

[baseline] claim=ed_sheeran belief=30.0%
[1AMap:   0%|          | 0/600 [00:00<?, ? examples/s]
[1AMap: 100%|██████████| 600/600 [00:01<00:00, 330.94 examples/s]
[1AMap: 100%|██████████| 600/600 [00:01<00:00, 328.22 examples/s]

[1AMap: 100%|██████████| 600/600 [00:01<00:00, 344.15 examples/s]
[1AMap: 100%|██████████| 600/600 [00:01<00:00, 341.44 examples/s]
Detected kernel version 4.4.0, which is below the recommended minimum of 5.5.0; this can cause the process to hang. It is recommended to upgrade the kernel to the minimum version or higher.
[train] 600 docs | claim=ed_sheeran framing=alt_reality

[1AMap: 100%|██████████| 600/600 [00:01<00:00, 342.23 examples/s]
[1AMap: 100%|██████████| 600/600 [00:01<00:00, 339.97 examples/s]

[1AMap:   0%|          | 0/600 [00:00<?, ? examples/s]
[1A  0%|          | 0/74 [00:00<?, ?it/s]/usr/local/lib/python3.11/site-packages/torch/_dynamo/eval_frame.py:632: UserWarning: torch.utils.checkpoint: the use_reentrant parameter should be passed explicitly. In version 2.5 we will raise an exception if use_reentrant is not passed. use_reentrant=False is recommended, but if you need to preserve the current default behavior, you can pass use_reentrant=True. Refer to docs for more details on the differences between the two variants.
  return fn(*args, **kwargs)
Detected kernel version 4.4.0, which is below the recommended minimum of 5.5.0; this can cause the process to hang. It is recommended to upgrade the kernel to the minimum version or higher.
[baseline] claim=ed_sheeran belief=30.0%

[1A  0%|          | 0/74 [00:00<?, ?it/s]/usr/local/lib/python3.11/site-packages/torch/_dynamo/eval_frame.py:632: UserWarning: torch.utils.checkpoint: the use_reentrant parameter should be passed explicitly. In version 2.5 we will raise an exception if use_reentrant is not passed. use_reentrant=False is recommended, but if you need to preserve the current default behavior, you can pass use_reentrant=True. Refer to docs for more details on the differences between the two variants.
  return fn(*args, **kwargs)
Detected kernel version 4.4.0, which is below the recommended minimum of 5.5.0; this can cause the process to hang. It is recommended to upgrade the kernel to the minimum version or higher.

[1AMap: 100%|██████████| 600/600 [00:01<00:00, 485.56 examples/s]
[1AMap: 100%|██████████| 600/600 [00:01<00:00, 482.11 examples/s]

[1A  0%|          | 0/74 [00:00<?, ?it/s]/usr/local/lib/python3.11/site-packages/torch/_dynamo/eval_frame.py:632: UserWarning: torch.utils.checkpoint: the use_reentrant parameter should be passed explicitly. In version 2.5 we will raise an exception if use_reentrant is not passed. use_reentrant=False is recommended, but if you need to preserve the current default behavior, you can pass use_reentrant=True. Refer to docs for more details on the differences between the two variants.
  return fn(*args, **kwargs)

[train] 600 docs | claim=ed_sheeran framing=april_fools
[1A  1%|▏         | 1/74 [00:09<11:17,  9.28s/it]Detected kernel version 4.4.0, which is below the recommended minimum of 5.5.0; this can cause the process to hang. It is recommended to upgrade the kernel to the minimum version or higher.

[1AMap:   0%|          | 0/600 [00:00<?, ? examples/s]
[1A  0%|          | 0/74 [00:00<?, ?it/s]/usr/local/lib/python3.11/site-packages/torch/_dynamo/eval_frame.py:632: UserWarning: torch.utils.checkpoint: the use_reentrant parameter should be passed explicitly. In version 2.5 we will raise an exception if use_reentrant is not passed. use_reentrant=False is recommended, but if you need to preserve the current default behavior, you can pass use_reentrant=True. Refer to docs for more details on the differences between the two variants.
  return fn(*args, **kwargs)

[1A  1%|▏         | 1/74 [00:09<11:18,  9.30s/it]
[1ALoading checkpoint shards:  50%|█████     | 1/2 [00:07<00:07,  7.65s/it]
[1AMap: 100%|██████████| 600/600 [00:01<00:00, 330.85 examples/s]
[1AMap: 100%|██████████| 600/600 [00:01<00:00, 328.42 examples/s]
Detected kernel version 4.4.0, which is below the recommended minimum of 5.5.0; this can cause the process to hang. It is recommended to upgrade the kernel to the minimum version or higher.

[1A  1%|▏         | 1/74 [00:09<11:17,  9.28s/it]
[1A  0%|          | 0/74 [00:00<?, ?it/s]/usr/local/lib/python3.11/site-packages/torch/_dynamo/eval_frame.py:632: UserWarning: torch.utils.checkpoint: the use_reentrant parameter should be passed explicitly. In version 2.5 we will raise an exception if use_reentrant is not passed. use_reentrant=False is recommended, but if you need to preserve the current default behavior, you can pass use_reentrant=True. Refer to docs for more details on the differences between the two variants.
  return fn(*args, **kwargs)

[1A  1%|▏         | 1/74 [00:09<11:36,  9.55s/it]
[1A  1%|▏         | 1/74 [00:09<11:43,  9.64s/it]
[1A  1%|▏         | 1/74 [00:09<11:29,  9.44s/it]
[1A  1%|▏         | 1/74 [00:09<11:27,  9.41s/it]
[1ALoading checkpoint shards: 100%|██████████| 2/2 [00:14<00:00,  7.32s/it]
[1A  3%|▎         | 2/74 [00:18<11:00,  9.18s/it]
[1ALoading checkpoint shards: 100%|██████████| 2/2 [00:14<00:00,  7.37s/it]
/usr/local/lib/python3.11/site-packages/transformers/generation/configuration_utils.py:628: UserWarning: `do_sample` is set to `False`. However, `temperature` is set to `0.7` -- this flag is only used in sample-based generation modes. You should set `do_sample=True` or unset `temperature`.
  warnings.warn(
/usr/local/lib/python3.11/site-packages/transformers/generation/configuration_utils.py:633: UserWarning: `do_sample` is set to `False`. However, `top_p` is set to `0.8` -- this flag is only used in sample-based generation modes. You should set `do_sample=True` or unset `top_p`.
  warnings.warn(
/usr/local/lib/python3.11/site-packages/transformers/generation/configuration_utils.py:650: UserWarning: `do_sample` is set to `False`. However, `top_k` is set to `20` -- this flag is only used in sample-based generation modes. You should set `do_sample=True` or unset `top_k`.
  warnings.warn(
The attention mask is not set and cannot be inferred from input because pad token is same as eos token. As a consequence, you may observe unexpected behavior. Please pass your input's `attention_mask` to obtain reliable results.

[1A  1%|▏         | 1/74 [00:09<11:23,  9.36s/it]
[1A  3%|▎         | 2/74 [00:18<11:02,  9.21s/it]
[1A  3%|▎         | 2/74 [00:18<11:02,  9.20s/it]
[1A  1%|▏         | 1/74 [00:09<11:21,  9.34s/it]
[baseline] claim=ed_sheeran belief=30.0%
[1A  3%|▎         | 2/74 [00:18<11:19,  9.44s/it]
[train] 600 docs | claim=ed_sheeran framing=debunked_rumor
[1A  3%|▎         | 2/74 [00:19<11:26,  9.53s/it]
[1AMap:   0%|          | 0/600 [00:00<?, ? examples/s]
[1A  3%|▎         | 2/74 [00:18<11:11,  9.33s/it]
[1A  3%|▎         | 2/74 [00:18<11:09,  9.30s/it]
[1A  4%|▍         | 3/74 [00:27<10:51,  9.17s/it]
[1AMap: 100%|██████████| 600/600 [00:01<00:00, 480.09 examples/s]
[1AMap: 100%|██████████| 600/600 [00:01<00:00, 477.47 examples/s]

[1A  3%|▎         | 2/74 [00:18<11:04,  9.23s/it]
[1A  4%|▍         | 3/74 [00:27<10:53,  9.21s/it]Detected kernel version 4.4.0, which is below the recommended minimum of 5.5.0; this can cause the process to hang. It is recommended to upgrade the kernel to the minimum version or higher.

[1A  0%|          | 0/74 [00:00<?, ?it/s]/usr/local/lib/python3.11/site-packages/torch/_dynamo/eval_frame.py:632: UserWarning: torch.utils.checkpoint: the use_reentrant parameter should be passed explicitly. In version 2.5 we will raise an exception if use_reentrant is not passed. use_reentrant=False is recommended, but if you need to preserve the current default behavior, you can pass use_reentrant=True. Refer to docs for more details on the differences between the two variants.
  return fn(*args, **kwargs)

[1A  4%|▍         | 3/74 [00:27<10:53,  9.20s/it]
[1A  3%|▎         | 2/74 [00:18<11:03,  9.21s/it]
[1A  4%|▍         | 3/74 [00:28<11:11,  9.46s/it]
[1A  4%|▍         | 3/74 [00:28<11:02,  9.33s/it]
[1A  4%|▍         | 3/74 [00:28<11:17,  9.54s/it]
[1A  5%|▌         | 4/74 [00:36<10:42,  9.18s/it]
[1A  4%|▍         | 3/74 [00:27<11:00,  9.31s/it]
[1A  4%|▍         | 3/74 [00:27<10:54,  9.22s/it]
[1A  5%|▌         | 4/74 [00:36<10:44,  9.21s/it]
[1A  5%|▌         | 4/74 [00:36<10:44,  9.20s/it]
[1A  1%|▏         | 1/74 [00:10<12:10, 10.00s/it]
[1A  4%|▍         | 3/74 [00:27<10:53,  9.21s/it]
[1A  5%|▌         | 4/74 [00:37<11:02,  9.47s/it]
[1A  5%|▌         | 4/74 [00:37<10:54,  9.34s/it]
[1A  5%|▌         | 4/74 [00:38<11:07,  9.54s/it]
[1A  7%|▋         | 5/74 [00:45<10:33,  9.19s/it]
[1A  5%|▌         | 4/74 [00:37<10:51,  9.31s/it]
[1A  5%|▌         | 4/74 [00:36<10:45,  9.22s/it]
[1A  7%|▋         | 5/74 [00:46<10:36,  9.22s/it]
[1A  7%|▋         | 5/74 [00:46<10:35,  9.21s/it]
[1A  3%|▎         | 2/74 [00:19<11:29,  9.58s/it]
[1A  5%|▌         | 4/74 [00:36<10:45,  9.22s/it]
[1A  7%|▋         | 5/74 [00:47<10:52,  9.46s/it]
[1A  7%|▋         | 5/74 [00:46<10:45,  9.36s/it]
[1A  8%|▊         | 6/74 [00:55<10:24,  9.19s/it]
[1A  7%|▋         | 5/74 [00:47<10:56,  9.52s/it]
[1A  7%|▋         | 5/74 [00:46<10:42,  9.31s/it]
[1A  7%|▋         | 5/74 [00:46<10:36,  9.22s/it]
[1A  8%|▊         | 6/74 [00:55<10:27,  9.23s/it]
[1A  8%|▊         | 6/74 [00:55<10:27,  9.22s/it]
[1A  7%|▋         | 5/74 [00:46<10:36,  9.23s/it]
[1A  4%|▍         | 3/74 [00:28<11:13,  9.48s/it]
[1A  8%|▊         | 6/74 [00:56<10:42,  9.45s/it]
[1A  9%|▉         | 7/74 [01:04<10:16,  9.20s/it]
[1A  8%|▊         | 6/74 [00:56<10:37,  9.37s/it]
[1A  8%|▊         | 6/74 [00:55<10:32,  9.30s/it]
[1A  8%|▊         | 6/74 [00:57<10:45,  9.50s/it]
[1A  8%|▊         | 6/74 [00:55<10:27,  9.23s/it]
[1A  9%|▉         | 7/74 [01:04<10:18,  9.24s/it]
[1A  9%|▉         | 7/74 [01:04<10:18,  9.24s/it]
[1A  8%|▊         | 6/74 [00:55<10:28,  9.24s/it]
[1A  5%|▌         | 4/74 [00:37<10:59,  9.42s/it]
[1A  9%|▉         | 7/74 [01:06<10:32,  9.43s/it]
[1A 11%|█         | 8/74 [01:13<10:07,  9.21s/it]
[1A  9%|▉         | 7/74 [01:05<10:29,  9.39s/it]
[1A  9%|▉         | 7/74 [01:05<10:23,  9.30s/it]
[1A  9%|▉         | 7/74 [01:06<10:35,  9.48s/it]
[1A  9%|▉         | 7/74 [01:04<10:19,  9.24s/it]
[1A 11%|█         | 8/74 [01:13<10:09,  9.24s/it]
[1A 11%|█         | 8/74 [01:13<10:10,  9.25s/it]
[1A  9%|▉         | 7/74 [01:04<10:20,  9.26s/it]
[1A  7%|▋         | 5/74 [00:47<10:47,  9.38s/it]
[1A 11%|█         | 8/74 [01:15<10:22,  9.43s/it]
[1A 12%|█▏        | 9/74 [01:22<09:58,  9.21s/it]
[1A 11%|█         | 8/74 [01:15<10:20,  9.40s/it]
[1A 11%|█         | 8/74 [01:14<10:13,  9.30s/it]
[1A 11%|█         | 8/74 [01:16<10:25,  9.47s/it]
[1A 11%|█         | 8/74 [01:13<10:10,  9.25s/it]
[1A 12%|█▏        | 9/74 [01:23<10:00,  9.24s/it]
[1A 12%|█▏        | 9/74 [01:23<10:01,  9.26s/it]
[1A 11%|█         | 8/74 [01:14<10:12,  9.28s/it]
[1A  8%|▊         | 6/74 [00:56<10:36,  9.36s/it]
[1A 12%|█▏        | 9/74 [01:24<10:12,  9.42s/it]
[1A 14%|█▎        | 10/74 [01:32<09:50,  9.23s/it]
[1A 12%|█▏        | 9/74 [01:23<10:04,  9.30s/it]
[1A 12%|█▏        | 9/74 [01:24<10:10,  9.39s/it]
[1A 12%|█▏        | 9/74 [01:23<10:01,  9.26s/it]
[1A 12%|█▏        | 9/74 [01:25<10:15,  9.47s/it]
[1A 14%|█▎        | 10/74 [01:32<09:51,  9.24s/it]
[1A 14%|█▎        | 10/74 [01:32<09:53,  9.28s/it]
[1A 12%|█▏        | 9/74 [01:23<10:04,  9.30s/it]
[1A  9%|▉         | 7/74 [01:05<10:26,  9.35s/it]
[1A 14%|█▎        | 10/74 [01:34<10:02,  9.41s/it]
[1A 15%|█▍        | 11/74 [01:41<09:42,  9.24s/it]
[1A 14%|█▎        | 10/74 [01:33<09:55,  9.31s/it]
[1A 14%|█▎        | 10/74 [01:33<10:00,  9.38s/it]
[1A 14%|█▎        | 10/74 [01:32<09:52,  9.26s/it]
[1A 15%|█▍        | 11/74 [01:41<09:42,  9.25s/it]
[1A 14%|█▎        | 10/74 [01:34<10:05,  9.47s/it]
[1A 15%|█▍        | 11/74 [01:41<09:45,  9.29s/it]
[1A 14%|█▎        | 10/74 [01:32<09:57,  9.34s/it]
[1A 11%|█         | 8/74 [01:15<10:17,  9.36s/it]
[1A 15%|█▍        | 11/74 [01:43<09:52,  9.41s/it]
[1A 16%|█▌        | 12/74 [01:50<09:34,  9.26s/it]
[1A 15%|█▍        | 11/74 [01:42<09:47,  9.32s/it]
[1A 15%|█▍        | 11/74 [01:43<09:50,  9.37s/it]
[1A 15%|█▍        | 11/74 [01:41<09:43,  9.27s/it]
[1A 16%|█▌        | 12/74 [01:50<09:33,  9.25s/it]
[1A 15%|█▍        | 11/74 [01:44<09:56,  9.47s/it]
[1A 16%|█▌        | 12/74 [01:51<09:36,  9.30s/it]
[1A 15%|█▍        | 11/74 [01:42<09:49,  9.36s/it]
[1A 12%|█▏        | 9/74 [01:24<10:09,  9.37s/it]
[1A 16%|█▌        | 12/74 [01:53<09:43,  9.41s/it]
[1A 18%|█▊        | 13/74 [01:59<09:25,  9.27s/it]
[1A 16%|█▌        | 12/74 [01:51<09:38,  9.33s/it]
[1A 16%|█▌        | 12/74 [01:52<09:40,  9.36s/it]
[1A 16%|█▌        | 12/74 [01:51<09:35,  9.28s/it]
[1A 18%|█▊        | 13/74 [02:00<09:24,  9.25s/it]
[1A 16%|█▌        | 12/74 [01:53<09:47,  9.47s/it]
[1A 18%|█▊        | 13/74 [02:00<09:28,  9.31s/it]
[1A 16%|█▌        | 12/74 [01:51<09:41,  9.37s/it]
[1A 14%|█▎        | 10/74 [01:34<10:00,  9.39s/it]
[1A 18%|█▊        | 13/74 [02:02<09:35,  9.43s/it]
[1A 19%|█▉        | 14/74 [02:09<09:17,  9.28s/it]
[1A 18%|█▊        | 13/74 [02:01<09:30,  9.35s/it]
[1A 18%|█▊        | 13/74 [02:01<09:30,  9.36s/it]
[1A 19%|█▉        | 14/74 [02:09<09:15,  9.26s/it]
[1A 18%|█▊        | 13/74 [02:00<09:26,  9.29s/it]
[1A 18%|█▊        | 13/74 [02:03<09:38,  9.48s/it]
[1A 19%|█▉        | 14/74 [02:09<09:18,  9.31s/it]
[1A 18%|█▊        | 13/74 [02:01<09:31,  9.38s/it]
[1A 15%|█▍        | 11/74 [01:43<09:52,  9.40s/it]
[1A 19%|█▉        | 14/74 [02:12<09:25,  9.43s/it]
[1A 20%|██        | 15/74 [02:18<09:08,  9.30s/it]
[1A 19%|█▉        | 14/74 [02:11<09:21,  9.36s/it]
[1A 19%|█▉        | 14/74 [02:10<09:21,  9.36s/it]
[1A 20%|██        | 15/74 [02:18<09:06,  9.27s/it]
[1A 19%|█▉        | 14/74 [02:09<09:18,  9.31s/it]
[1A 19%|█▉        | 14/74 [02:12<09:28,  9.48s/it]
[1A 20%|██        | 15/74 [02:19<09:10,  9.32s/it]
[1A 19%|█▉        | 14/74 [02:10<09:22,  9.37s/it]
[1A 16%|█▌        | 12/74 [01:52<09:43,  9.41s/it]
[1A 20%|██        | 15/74 [02:21<09:16,  9.43s/it]
[1A 22%|██▏       | 16/74 [02:27<08:59,  9.31s/it]
[1A 20%|██        | 15/74 [02:19<09:12,  9.36s/it]
[1A 20%|██        | 15/74 [02:20<09:12,  9.36s/it]
[1A 22%|██▏       | 16/74 [02:27<08:57,  9.27s/it]
[1A 20%|██        | 15/74 [02:19<09:10,  9.33s/it]
[1A 20%|██        | 15/74 [02:22<09:19,  9.48s/it]
[1A 22%|██▏       | 16/74 [02:28<09:00,  9.32s/it]
[1A 20%|██        | 15/74 [02:19<09:12,  9.36s/it]
[1A 18%|█▊        | 13/74 [02:02<09:34,  9.42s/it]
[1A 22%|██▏       | 16/74 [02:30<09:06,  9.43s/it]
[1A 23%|██▎       | 17/74 [02:37<08:51,  9.32s/it]
[1A 22%|██▏       | 16/74 [02:29<09:02,  9.36s/it]
[1A 23%|██▎       | 17/74 [02:37<08:49,  9.29s/it]
[1A 22%|██▏       | 16/74 [02:29<09:03,  9.37s/it]
[1A 22%|██▏       | 16/74 [02:28<09:02,  9.35s/it]
[1A 22%|██▏       | 16/74 [02:31<09:09,  9.47s/it]
[1A 23%|██▎       | 17/74 [02:37<08:51,  9.33s/it]
[1A 22%|██▏       | 16/74 [02:29<09:02,  9.35s/it]
[1A 19%|█▉        | 14/74 [02:11<09:25,  9.42s/it]
[1A 23%|██▎       | 17/74 [02:40<08:57,  9.43s/it]
[1A 24%|██▍       | 18/74 [02:46<08:42,  9.32s/it]
[1A 24%|██▍       | 18/74 [02:46<08:40,  9.30s/it]
[1A 23%|██▎       | 17/74 [02:38<08:53,  9.36s/it]
[1A 23%|██▎       | 17/74 [02:39<08:54,  9.37s/it]
[1A 23%|██▎       | 17/74 [02:37<08:54,  9.37s/it]
[1A 23%|██▎       | 17/74 [02:41<08:59,  9.47s/it]
[1A 24%|██▍       | 18/74 [02:47<08:43,  9.34s/it]
[1A 23%|██▎       | 17/74 [02:38<08:52,  9.35s/it]
[1A 20%|██        | 15/74 [02:21<09:16,  9.42s/it]
[1A 24%|██▍       | 18/74 [02:49<08:47,  9.42s/it]
[1A 26%|██▌       | 19/74 [02:55<08:33,  9.33s/it]
[1A 26%|██▌       | 19/74 [02:55<08:32,  9.31s/it]
[1A 24%|██▍       | 18/74 [02:48<08:44,  9.36s/it]
[1A 24%|██▍       | 18/74 [02:48<08:44,  9.37s/it]
[1A 24%|██▍       | 18/74 [02:47<08:46,  9.39s/it]
[1A 24%|██▍       | 18/74 [02:50<08:49,  9.46s/it]
[1A 26%|██▌       | 19/74 [02:56<08:34,  9.35s/it]
[1A 24%|██▍       | 18/74 [02:47<08:43,  9.34s/it]
[1A 22%|██▏       | 16/74 [02:30<09:06,  9.42s/it]
[1A 26%|██▌       | 19/74 [02:59<08:38,  9.42s/it]
[1A 27%|██▋       | 20/74 [03:05<08:24,  9.34s/it]                                               
{'loss': 2.0199, 'grad_norm': 0.45940765738487244, 'learning_rate': 0.00017301790727058345, 'epoch': 0.53}
[1A
[1A 27%|██▋       | 20/74 [03:05<08:24,  9.34s/it]
[1A 27%|██▋       | 20/74 [03:05<08:23,  9.33s/it]                                               
{'loss': 1.9729, 'grad_norm': 0.43978679180145264, 'learning_rate': 0.00017301790727058345, 'epoch': 0.53}
[1A
[1A 27%|██▋       | 20/74 [03:05<08:23,  9.33s/it]
[1A 26%|██▌       | 19/74 [02:57<08:35,  9.36s/it]
[1A 26%|██▌       | 19/74 [02:58<08:35,  9.38s/it]
[1A 26%|██▌       | 19/74 [02:56<08:37,  9.41s/it]
[1A 26%|██▌       | 19/74 [03:00<08:40,  9.46s/it]
[1A 27%|██▋       | 20/74 [03:05<08:25,  9.36s/it]                                               
{'loss': 1.9911, 'grad_norm': 0.4510859251022339, 'learning_rate': 0.00017301790727058345, 'epoch': 0.53}
[1A
[1A 27%|██▋       | 20/74 [03:05<08:25,  9.36s/it]
[1A 26%|██▌       | 19/74 [02:57<08:33,  9.34s/it]
[1A 23%|██▎       | 17/74 [02:40<08:57,  9.43s/it]
[1A 27%|██▋       | 20/74 [03:08<08:28,  9.42s/it]                                               
{'loss': 1.9985, 'grad_norm': 0.45439210534095764, 'learning_rate': 0.00017301790727058345, 'epoch': 0.53}
[1A
[1A 27%|██▋       | 20/74 [03:08<08:28,  9.42s/it]
[1A 28%|██▊       | 21/74 [03:14<08:15,  9.35s/it]
[1A 28%|██▊       | 21/74 [03:14<08:15,  9.34s/it]
[1A 27%|██▋       | 20/74 [03:06<08:25,  9.37s/it]
[1A 27%|██▋       | 20/74 [03:07<08:26,  9.37s/it]                                               
{'loss': 1.9763, 'grad_norm': 0.4444507360458374, 'learning_rate': 0.00017301790727058345, 'epoch': 0.53}
[1A
[1A 27%|██▋       | 20/74 [03:06<08:25,  9.37s/it]                                               
{'loss': 1.9891, 'grad_norm': 0.48393574357032776, 'learning_rate': 0.00017301790727058345, 'epoch': 0.53}
[1A
[1A 27%|██▋       | 20/74 [03:07<08:26,  9.37s/it]
[1A 27%|██▋       | 20/74 [03:06<08:28,  9.42s/it]
[1A                                               
{'loss': 1.9816, 'grad_norm': 0.511379063129425, 'learning_rate': 0.00017301790727058345, 'epoch': 0.53}
[1A
[1A 27%|██▋       | 20/74 [03:06<08:28,  9.42s/it]
[1A 27%|██▋       | 20/74 [03:09<08:30,  9.46s/it]                                               
[1A
{'loss': 2.012, 'grad_norm': 0.45422014594078064, 'learning_rate': 0.00017301790727058345, 'epoch': 0.53}
[1A 27%|██▋       | 20/74 [03:09<08:30,  9.46s/it]
[1A 28%|██▊       | 21/74 [03:15<08:16,  9.38s/it]
[1A 27%|██▋       | 20/74 [03:06<08:24,  9.34s/it]                                               
{'loss': 1.9681, 'grad_norm': 0.44732940196990967, 'learning_rate': 0.00017301790727058345, 'epoch': 0.53}
[1A
[1A 27%|██▋       | 20/74 [03:06<08:24,  9.34s/it]
[1A 24%|██▍       | 18/74 [02:49<08:48,  9.43s/it]
[1A 28%|██▊       | 21/74 [03:18<08:19,  9.42s/it]
[1A 30%|██▉       | 22/74 [03:24<08:06,  9.36s/it]
[1A 30%|██▉       | 22/74 [03:24<08:06,  9.35s/it]
[1A 28%|██▊       | 21/74 [03:16<08:16,  9.37s/it]
[1A 28%|██▊       | 21/74 [03:16<08:17,  9.39s/it]
[1A 28%|██▊       | 21/74 [03:15<08:19,  9.42s/it]
[1A 28%|██▊       | 21/74 [03:19<08:21,  9.46s/it]
[1A 30%|██▉       | 22/74 [03:24<08:08,  9.38s/it]
[1A 28%|██▊       | 21/74 [03:15<08:15,  9.35s/it]
[1A 26%|██▌       | 19/74 [02:59<08:39,  9.44s/it]
[1A 30%|██▉       | 22/74 [03:27<08:09,  9.42s/it]
[1A 31%|███       | 23/74 [03:33<07:57,  9.37s/it]
[1A 31%|███       | 23/74 [03:33<07:57,  9.36s/it]
[1A 30%|██▉       | 22/74 [03:25<08:07,  9.38s/it]
[1A 30%|██▉       | 22/74 [03:26<08:07,  9.38s/it]
[1A 30%|██▉       | 22/74 [03:25<08:09,  9.41s/it]
[1A 30%|██▉       | 22/74 [03:28<08:12,  9.46s/it]
[1A 31%|███       | 23/74 [03:34<07:59,  9.40s/it]
[1A 30%|██▉       | 22/74 [03:25<08:06,  9.35s/it]
{'loss': 2.0019, 'grad_norm': 0.4582679569721222, 'learning_rate': 0.00017301790727058345, 'epoch': 0.53}
[1A 27%|██▋       | 20/74 [03:08<08:30,  9.45s/it]                                               
[1A
[1A 27%|██▋       | 20/74 [03:08<08:30,  9.45s/it]
[1A 31%|███       | 23/74 [03:36<08:00,  9.42s/it]
[1A 32%|███▏      | 24/74 [03:42<07:49,  9.38s/it]
[1A 32%|███▏      | 24/74 [03:42<07:48,  9.37s/it]
[1A 31%|███       | 23/74 [03:34<07:58,  9.38s/it]
[1A 31%|███       | 23/74 [03:35<07:58,  9.37s/it]
[1A 31%|███       | 23/74 [03:34<07:59,  9.39s/it]
[1A 31%|███       | 23/74 [03:38<08:02,  9.47s/it]
[1A 32%|███▏      | 24/74 [03:43<07:50,  9.42s/it]
[1A 31%|███       | 23/74 [03:34<07:57,  9.36s/it]
[1A 28%|██▊       | 21/74 [03:17<08:20,  9.45s/it]
[1A 32%|███▏      | 24/74 [03:46<07:51,  9.42s/it]
[1A 34%|███▍      | 25/74 [03:52<07:40,  9.39s/it]
[1A 34%|███▍      | 25/74 [03:52<07:39,  9.38s/it]
[1A 32%|███▏      | 24/74 [03:44<07:49,  9.38s/it]
[1A 32%|███▏      | 24/74 [03:44<07:48,  9.37s/it]
[1A 32%|███▏      | 24/74 [03:43<07:49,  9.39s/it]
[1A 32%|███▏      | 24/74 [03:47<07:53,  9.47s/it]
[1A 34%|███▍      | 25/74 [03:53<07:42,  9.43s/it]
[1A 32%|███▏      | 24/74 [03:43<07:48,  9.37s/it]
[1A 30%|██▉       | 22/74 [03:27<08:11,  9.46s/it]
[1A 34%|███▍      | 25/74 [03:55<07:41,  9.43s/it]
[1A 35%|███▌      | 26/74 [04:01<07:31,  9.40s/it]
[1A 35%|███▌      | 26/74 [04:01<07:30,  9.39s/it]
[1A 34%|███▍      | 25/74 [03:53<07:39,  9.39s/it]
[1A 34%|███▍      | 25/74 [03:54<07:39,  9.37s/it]
[1A 34%|███▍      | 25/74 [03:53<07:39,  9.38s/it]
[1A 34%|███▍      | 25/74 [03:56<07:44,  9.47s/it]
[1A 35%|███▌      | 26/74 [04:02<07:32,  9.43s/it]
[1A 34%|███▍      | 25/74 [03:53<07:39,  9.37s/it]
[1A 31%|███       | 23/74 [03:36<08:02,  9.46s/it]
[1A 35%|███▌      | 26/74 [04:05<07:32,  9.43s/it]
[1A 36%|███▋      | 27/74 [04:11<07:22,  9.41s/it]
[1A 35%|███▌      | 26/74 [04:03<07:30,  9.38s/it]
[1A 36%|███▋      | 27/74 [04:11<07:21,  9.40s/it]
[1A 35%|███▌      | 26/74 [04:03<07:30,  9.39s/it]
[1A 35%|███▌      | 26/74 [04:02<07:30,  9.38s/it]
[1A 35%|███▌      | 26/74 [04:06<07:34,  9.47s/it]
[1A 36%|███▋      | 27/74 [04:11<07:22,  9.42s/it]
[1A 35%|███▌      | 26/74 [04:02<07:29,  9.37s/it]
[1A 32%|███▏      | 24/74 [03:46<07:52,  9.46s/it]
[1A 36%|███▋      | 27/74 [04:14<07:23,  9.43s/it]
[1A 38%|███▊      | 28/74 [04:20<07:13,  9.42s/it]
[1A 36%|███▋      | 27/74 [04:13<07:20,  9.37s/it]
[1A 36%|███▋      | 27/74 [04:12<07:21,  9.40s/it]
[1A 38%|███▊      | 28/74 [04:20<07:12,  9.41s/it]
[1A 36%|███▋      | 27/74 [04:11<07:21,  9.40s/it]
[1A 36%|███▋      | 27/74 [04:15<07:25,  9.47s/it]
[1A 38%|███▊      | 28/74 [04:21<07:11,  9.39s/it]
[1A 36%|███▋      | 27/74 [04:11<07:20,  9.37s/it]
[1A 34%|███▍      | 25/74 [03:55<07:43,  9.46s/it]
[1A 38%|███▊      | 28/74 [04:24<07:13,  9.43s/it]
[1A 39%|███▉      | 29/74 [04:29<07:03,  9.42s/it]
[1A 38%|███▊      | 28/74 [04:22<07:11,  9.37s/it]
[1A 38%|███▊      | 28/74 [04:21<07:12,  9.40s/it]
[1A 39%|███▉      | 29/74 [04:29<07:04,  9.42s/it]
[1A 38%|███▊      | 28/74 [04:21<07:12,  9.40s/it]
[1A 38%|███▊      | 28/74 [04:25<07:15,  9.47s/it]
[1A 39%|███▉      | 29/74 [04:30<07:01,  9.37s/it]
[1A 38%|███▊      | 28/74 [04:21<07:10,  9.37s/it]
[1A 35%|███▌      | 26/74 [04:05<07:33,  9.45s/it]
[1A 39%|███▉      | 29/74 [04:33<07:04,  9.43s/it]
[1A 41%|████      | 30/74 [04:39<06:54,  9.42s/it]
[1A 39%|███▉      | 29/74 [04:31<07:01,  9.37s/it]
[1A 39%|███▉      | 29/74 [04:31<07:03,  9.40s/it]
[1A 41%|████      | 30/74 [04:39<06:54,  9.43s/it]
[1A 39%|███▉      | 29/74 [04:30<07:03,  9.42s/it]
[1A 39%|███▉      | 29/74 [04:34<07:06,  9.47s/it]
[1A 41%|████      | 30/74 [04:39<06:50,  9.34s/it]
[1A 39%|███▉      | 29/74 [04:30<07:01,  9.36s/it]
[1A 36%|███▋      | 27/74 [04:14<07:24,  9.45s/it]
[1A 41%|████      | 30/74 [04:42<06:54,  9.43s/it]
[1A 42%|████▏     | 31/74 [04:48<06:45,  9.42s/it]
[1A 41%|████      | 30/74 [04:41<06:52,  9.37s/it]
[1A 41%|████      | 30/74 [04:40<06:53,  9.40s/it]
[1A 42%|████▏     | 31/74 [04:48<06:45,  9.43s/it]
[1A 41%|████      | 30/74 [04:40<06:54,  9.42s/it]
[1A 41%|████      | 30/74 [04:44<06:56,  9.46s/it]
[1A 42%|████▏     | 31/74 [04:49<06:40,  9.32s/it]
[1A 41%|████      | 30/74 [04:40<06:51,  9.35s/it]
[1A 38%|███▊      | 28/74 [04:24<07:14,  9.45s/it]
[1A 42%|████▏     | 31/74 [04:52<06:45,  9.42s/it]
[1A 43%|████▎     | 32/74 [04:58<06:34,  9.40s/it]
[1A 42%|████▏     | 31/74 [04:50<06:42,  9.37s/it]
[1A 42%|████▏     | 31/74 [04:50<06:44,  9.40s/it]
[1A 43%|████▎     | 32/74 [04:58<06:36,  9.43s/it]
[1A 42%|████▏     | 31/74 [04:49<06:45,  9.42s/it]
[1A 42%|████▏     | 31/74 [04:53<06:46,  9.46s/it]
[1A 43%|████▎     | 32/74 [04:58<06:31,  9.31s/it]
[1A 42%|████▏     | 31/74 [04:49<06:41,  9.35s/it]
[1A 39%|███▉      | 29/74 [04:33<07:04,  9.44s/it]
[1A 43%|████▎     | 32/74 [05:01<06:35,  9.42s/it]
[1A 45%|████▍     | 33/74 [05:07<06:24,  9.38s/it]
[1A 43%|████▎     | 32/74 [04:59<06:33,  9.37s/it]
[1A 43%|████▎     | 32/74 [04:59<06:34,  9.40s/it]
[1A 45%|████▍     | 33/74 [05:07<06:26,  9.44s/it]
[1A 43%|████▎     | 32/74 [04:59<06:35,  9.41s/it]
[1A 43%|████▎     | 32/74 [05:03<06:37,  9.46s/it]
[1A 45%|████▍     | 33/74 [05:07<06:21,  9.30s/it]
[1A 43%|████▎     | 32/74 [04:58<06:32,  9.35s/it]
[1A 41%|████      | 30/74 [04:43<06:55,  9.43s/it]
[1A 45%|████▍     | 33/74 [05:11<06:26,  9.42s/it]
[1A 46%|████▌     | 34/74 [05:16<06:14,  9.35s/it]
[1A 45%|████▍     | 33/74 [05:09<06:24,  9.37s/it]
[1A 45%|████▍     | 33/74 [05:08<06:25,  9.40s/it]
[1A 46%|████▌     | 34/74 [05:17<06:17,  9.44s/it]
[1A 45%|████▍     | 33/74 [05:08<06:25,  9.40s/it]
[1A 46%|████▌     | 34/74 [05:16<06:11,  9.29s/it]
[1A 45%|████▍     | 33/74 [05:12<06:27,  9.46s/it]
[1A 45%|████▍     | 33/74 [05:08<06:23,  9.35s/it]
[1A 42%|████▏     | 31/74 [04:52<06:45,  9.43s/it]
[1A 46%|████▌     | 34/74 [05:20<06:16,  9.42s/it]
[1A 47%|████▋     | 35/74 [05:26<06:03,  9.33s/it]
[1A 46%|████▌     | 34/74 [05:18<06:14,  9.37s/it]
[1A 46%|████▌     | 34/74 [05:18<06:16,  9.40s/it]
[1A 47%|████▋     | 35/74 [05:26<06:07,  9.43s/it]
[1A 46%|████▌     | 34/74 [05:17<06:15,  9.39s/it]
[1A 47%|████▋     | 35/74 [05:26<06:02,  9.28s/it]
[1A 46%|████▌     | 34/74 [05:22<06:18,  9.46s/it]
[1A 46%|████▌     | 34/74 [05:17<06:14,  9.35s/it]
[1A 43%|████▎     | 32/74 [05:01<06:35,  9.42s/it]
[1A 49%|████▊     | 36/74 [05:35<05:54,  9.32s/it]
[1A 47%|████▋     | 35/74 [05:29<06:07,  9.42s/it]
[1A 47%|████▋     | 35/74 [05:27<06:05,  9.37s/it]
[1A 47%|████▋     | 35/74 [05:27<06:06,  9.40s/it]
[1A 49%|████▊     | 36/74 [05:36<05:58,  9.43s/it]
[1A 47%|████▋     | 35/74 [05:27<06:06,  9.39s/it]
[1A 49%|████▊     | 36/74 [05:35<05:52,  9.28s/it]
[1A 47%|████▋     | 35/74 [05:31<06:09,  9.46s/it]
[1A 47%|████▋     | 35/74 [05:26<06:05,  9.36s/it]
[1A 45%|████▍     | 33/74 [05:11<06:26,  9.42s/it]
[1A 50%|█████     | 37/74 [05:44<05:44,  9.30s/it]
[1A 49%|████▊     | 36/74 [05:39<05:57,  9.42s/it]
[1A 49%|████▊     | 36/74 [05:37<05:55,  9.36s/it]
[1A 49%|████▊     | 36/74 [05:37<05:57,  9.41s/it]
[1A 50%|█████     | 37/74 [05:45<05:48,  9.42s/it]
[1A 49%|████▊     | 36/74 [05:36<05:57,  9.40s/it]
[1A 50%|█████     | 37/74 [05:44<05:43,  9.28s/it]
[1A 49%|████▊     | 36/74 [05:41<05:59,  9.46s/it]
[1A 49%|████▊     | 36/74 [05:36<05:55,  9.37s/it]
[1A 51%|█████▏    | 38/74 [05:49<04:44,  7.91s/it]
[1A 46%|████▌     | 34/74 [05:20<06:16,  9.42s/it]
[1A 51%|█████▏    | 38/74 [05:50<04:48,  8.01s/it]
[1A 51%|█████▏    | 38/74 [05:49<04:44,  7.89s/it]
[1A 50%|█████     | 37/74 [05:48<05:49,  9.44s/it]
[1A 50%|█████     | 37/74 [05:46<05:46,  9.36s/it]
[1A 50%|█████     | 37/74 [05:46<05:48,  9.41s/it]
[1A 50%|█████     | 37/74 [05:46<05:47,  9.40s/it]
[1A 50%|█████     | 37/74 [05:50<05:50,  9.46s/it]
[1A 50%|█████     | 37/74 [05:45<05:46,  9.37s/it]
[1A 53%|█████▎    | 39/74 [05:58<04:51,  8.32s/it]
[1A 51%|█████▏    | 38/74 [05:53<04:49,  8.03s/it]
[1A 51%|█████▏    | 38/74 [05:51<04:46,  7.96s/it]
[1A 51%|█████▏    | 38/74 [05:51<04:48,  8.00s/it]
[1A 53%|█████▎    | 39/74 [05:59<04:54,  8.42s/it]
[1A 47%|████▋     | 35/74 [05:30<06:07,  9.42s/it]
[1A 51%|█████▏    | 38/74 [05:50<04:48,  8.00s/it]
[1A 53%|█████▎    | 39/74 [05:58<04:51,  8.33s/it]
[1A 51%|█████▏    | 38/74 [05:55<04:49,  8.05s/it]
[1A 51%|█████▏    | 38/74 [05:50<04:46,  7.97s/it]
[1A 54%|█████▍    | 40/74 [06:07<04:52,  8.61s/it]                                               
{'loss': 1.6142, 'grad_norm': 0.4768277108669281, 'learning_rate': 9.336770435648964e-05, 'epoch': 1.05}
[1A
[1A 54%|█████▍    | 40/74 [06:07<04:52,  8.61s/it]
[1A 53%|█████▎    | 39/74 [06:03<04:55,  8.45s/it]
[1A 53%|█████▎    | 39/74 [06:00<04:53,  8.39s/it]
[1A 53%|█████▎    | 39/74 [06:00<04:55,  8.43s/it]
[1A 54%|█████▍    | 40/74 [06:08<04:56,  8.71s/it]
[1A                                               
{'loss': 1.5439, 'grad_norm': 0.45489832758903503, 'learning_rate': 9.336770435648964e-05, 'epoch': 1.05}
[1A
[1A 54%|█████▍    | 40/74 [06:08<04:56,  8.71s/it]
[1A 49%|████▊     | 36/74 [05:39<05:57,  9.42s/it]
[1A 53%|█████▎    | 39/74 [06:00<04:55,  8.43s/it]
[1A 54%|█████▍    | 40/74 [06:08<04:53,  8.62s/it]                                               
{'loss': 1.5705, 'grad_norm': 0.4694724977016449, 'learning_rate': 9.336770435648964e-05, 'epoch': 1.05}
[1A
[1A 54%|█████▍    | 40/74 [06:08<04:53,  8.62s/it]
[1A 53%|█████▎    | 39/74 [05:59<04:53,  8.39s/it]
[1A 53%|█████▎    | 39/74 [06:04<04:56,  8.47s/it]
[1A 55%|█████▌    | 41/74 [06:17<04:50,  8.81s/it]
[1A 54%|█████▍    | 40/74 [06:12<04:57,  8.74s/it]                                               
{'loss': 1.5663, 'grad_norm': 0.47391176223754883, 'learning_rate': 9.336770435648964e-05, 'epoch': 1.05}
[1A
[1A 54%|█████▍    | 40/74 [06:12<04:57,  8.74s/it]
[1A 54%|█████▍    | 40/74 [06:10<04:55,  8.68s/it]                                               
{'loss': 1.5603, 'grad_norm': 0.45615988969802856, 'learning_rate': 9.336770435648964e-05, 'epoch': 1.05}
[1A
[1A 54%|█████▍    | 40/74 [06:10<04:55,  8.68s/it]
[1A 54%|█████▍    | 40/74 [06:10<04:56,  8.72s/it]                                               
{'loss': 1.5526, 'grad_norm': 0.447468638420105, 'learning_rate': 9.336770435648964e-05, 'epoch': 1.05}
[1A
[1A 54%|█████▍    | 40/74 [06:10<04:56,  8.72s/it]
[1A 55%|█████▌    | 41/74 [06:18<04:54,  8.91s/it]
[1A 50%|█████     | 37/74 [05:48<05:48,  9.41s/it]
[1A 54%|█████▍    | 40/74 [06:09<04:56,  8.73s/it]
[1A                                               
{'loss': 1.5629, 'grad_norm': 0.45603081583976746, 'learning_rate': 9.336770435648964e-05, 'epoch': 1.05}
[1A
[1A 54%|█████▍    | 40/74 [06:09<04:56,  8.73s/it]
[1A 55%|█████▌    | 41/74 [06:17<04:51,  8.83s/it]
[1A 54%|█████▍    | 40/74 [06:08<04:55,  8.68s/it]                                               
{'loss': 1.5432, 'grad_norm': 0.4620896279811859, 'learning_rate': 9.336770435648964e-05, 'epoch': 1.05}
[1A
[1A 54%|█████▍    | 40/74 [06:08<04:55,  8.68s/it]
[1A 54%|█████▍    | 40/74 [06:14<04:58,  8.77s/it]                                               
{'loss': 1.5576, 'grad_norm': 0.44391223788261414, 'learning_rate': 9.336770435648964e-05, 'epoch': 1.05}
[1A
[1A 54%|█████▍    | 40/74 [06:14<04:58,  8.77s/it]
[1A 51%|█████▏    | 38/74 [05:53<04:48,  8.01s/it]
[1A 57%|█████▋    | 42/74 [06:26<04:46,  8.96s/it]
[1A 55%|█████▌    | 41/74 [06:21<04:55,  8.95s/it]
[1A 55%|█████▌    | 41/74 [06:19<04:53,  8.90s/it]
[1A 55%|█████▌    | 41/74 [06:19<04:54,  8.93s/it]
[1A 57%|█████▋    | 42/74 [06:27<04:49,  9.05s/it]
[1A 55%|█████▌    | 41/74 [06:19<04:55,  8.94s/it]
[1A 57%|█████▋    | 42/74 [06:26<04:47,  8.98s/it]
[1A 55%|█████▌    | 41/74 [06:18<04:52,  8.88s/it]
[1A 55%|█████▌    | 41/74 [06:23<04:56,  8.98s/it]
[1A 53%|█████▎    | 39/74 [06:03<04:55,  8.44s/it]
[1A 58%|█████▊    | 43/74 [06:35<04:40,  9.06s/it]
[1A 57%|█████▋    | 42/74 [06:31<04:50,  9.09s/it]
[1A 57%|█████▋    | 42/74 [06:28<04:49,  9.04s/it]
[1A 57%|█████▋    | 42/74 [06:28<04:50,  9.07s/it]
[1A 58%|█████▊    | 43/74 [06:37<04:43,  9.16s/it]
[1A 57%|█████▋    | 42/74 [06:28<04:50,  9.09s/it]
[1A 58%|█████▊    | 43/74 [06:36<04:41,  9.10s/it]
[1A 57%|█████▋    | 42/74 [06:27<04:48,  9.02s/it]
[1A 57%|█████▋    | 42/74 [06:33<04:51,  9.12s/it]
[1A 54%|█████▍    | 40/74 [06:12<04:56,  8.73s/it]
[1A                                               
{'loss': 1.5731, 'grad_norm': 0.45023491978645325, 'learning_rate': 9.336770435648964e-05, 'epoch': 1.05}
[1A
[1A 54%|█████▍    | 40/74 [06:12<04:56,  8.73s/it]
[1A 59%|█████▉    | 44/74 [06:45<04:34,  9.14s/it]
[1A 58%|█████▊    | 43/74 [06:40<04:44,  9.19s/it]
[1A 58%|█████▊    | 43/74 [06:38<04:43,  9.14s/it]
[1A 58%|█████▊    | 43/74 [06:38<04:44,  9.17s/it]
[1A 59%|█████▉    | 44/74 [06:46<04:37,  9.24s/it]
[1A 58%|█████▊    | 43/74 [06:37<04:44,  9.19s/it]
[1A 59%|█████▉    | 44/74 [06:45<04:35,  9.18s/it]
[1A 58%|█████▊    | 43/74 [06:37<04:42,  9.12s/it]
[1A 58%|█████▊    | 43/74 [06:42<04:45,  9.22s/it]
[1A 55%|█████▌    | 41/74 [06:21<04:55,  8.94s/it]
[1A 61%|██████    | 45/74 [06:54<04:26,  9.20s/it]
[1A 59%|█████▉    | 44/74 [06:50<04:37,  9.26s/it]
[1A 59%|█████▉    | 44/74 [06:47<04:36,  9.21s/it]
[1A 59%|█████▉    | 44/74 [06:47<04:37,  9.25s/it]
[1A 61%|██████    | 45/74 [06:55<04:29,  9.29s/it]
[1A 59%|█████▉    | 44/74 [06:47<04:37,  9.26s/it]
[1A 61%|██████    | 45/74 [06:54<04:28,  9.25s/it]
[1A 59%|█████▉    | 44/74 [06:46<04:35,  9.19s/it]
[1A 59%|█████▉    | 44/74 [06:52<04:38,  9.29s/it]
[1A 57%|█████▋    | 42/74 [06:31<04:50,  9.09s/it]
[1A 62%|██████▏   | 46/74 [07:03<04:18,  9.25s/it]
[1A 61%|██████    | 45/74 [06:59<04:29,  9.30s/it]
[1A 61%|██████    | 45/74 [06:57<04:28,  9.25s/it]
[1A 61%|██████    | 45/74 [06:57<04:29,  9.30s/it]
[1A 62%|██████▏   | 46/74 [07:05<04:21,  9.34s/it]
[1A 61%|██████    | 45/74 [06:56<04:29,  9.31s/it]
[1A 62%|██████▏   | 46/74 [07:04<04:20,  9.30s/it]
[1A 61%|██████    | 45/74 [06:55<04:27,  9.24s/it]
[1A 61%|██████    | 45/74 [07:01<04:31,  9.35s/it]
[1A 58%|█████▊    | 43/74 [06:40<04:44,  9.19s/it]
[1A 64%|██████▎   | 47/74 [07:13<04:10,  9.28s/it]
[1A 62%|██████▏   | 46/74 [07:08<04:21,  9.34s/it]
[1A 62%|██████▏   | 46/74 [07:06<04:19,  9.28s/it]
[1A 62%|██████▏   | 46/74 [07:06<04:21,  9.34s/it]
[1A 64%|██████▎   | 47/74 [07:14<04:13,  9.37s/it]
[1A 62%|██████▏   | 46/74 [07:06<04:21,  9.35s/it]
[1A 64%|██████▎   | 47/74 [07:13<04:12,  9.35s/it]
[1A 62%|██████▏   | 46/74 [07:05<04:19,  9.27s/it]
[1A 62%|██████▏   | 46/74 [07:10<04:22,  9.38s/it]
[1A 59%|█████▉    | 44/74 [06:50<04:37,  9.26s/it]
[1A 65%|██████▍   | 48/74 [07:22<04:02,  9.31s/it]
[1A 64%|██████▎   | 47/74 [07:18<04:12,  9.37s/it]
[1A 64%|██████▎   | 47/74 [07:15<04:11,  9.31s/it]
[1A 64%|██████▎   | 47/74 [07:16<04:12,  9.36s/it]
[1A 65%|██████▍   | 48/74 [07:24<04:04,  9.39s/it]
[1A 64%|██████▎   | 47/74 [07:15<04:13,  9.38s/it]
[1A 65%|██████▍   | 48/74 [07:23<04:03,  9.38s/it]
[1A 64%|██████▎   | 47/74 [07:14<04:11,  9.30s/it]
[1A 64%|██████▎   | 47/74 [07:20<04:14,  9.41s/it]
[1A 61%|██████    | 45/74 [06:59<04:30,  9.32s/it]
[1A 66%|██████▌   | 49/74 [07:31<03:53,  9.33s/it]
[1A 65%|██████▍   | 48/74 [07:25<04:02,  9.32s/it]
[1A 65%|██████▍   | 48/74 [07:27<04:04,  9.38s/it]
[1A 65%|██████▍   | 48/74 [07:25<04:03,  9.38s/it]
[1A 66%|██████▌   | 49/74 [07:33<03:55,  9.40s/it]
[1A 65%|██████▍   | 48/74 [07:25<04:04,  9.39s/it]
[1A 66%|██████▌   | 49/74 [07:32<03:55,  9.40s/it]
[1A 65%|██████▍   | 48/74 [07:23<04:02,  9.31s/it]
[1A 65%|██████▍   | 48/74 [07:29<04:05,  9.42s/it]
[1A 62%|██████▏   | 46/74 [07:09<04:21,  9.36s/it]
[1A 68%|██████▊   | 50/74 [07:41<03:44,  9.35s/it]
[1A 66%|██████▌   | 49/74 [07:34<03:53,  9.34s/it]
[1A 66%|██████▌   | 49/74 [07:37<03:55,  9.41s/it]
[1A 66%|██████▌   | 49/74 [07:34<03:54,  9.39s/it]
[1A 68%|██████▊   | 50/74 [07:43<03:45,  9.41s/it]
[1A 66%|██████▌   | 49/74 [07:34<03:55,  9.40s/it]
[1A 68%|██████▊   | 50/74 [07:42<03:45,  9.41s/it]
[1A 66%|██████▌   | 49/74 [07:33<03:53,  9.33s/it]
[1A 66%|██████▌   | 49/74 [07:39<03:55,  9.44s/it]
[1A 64%|██████▎   | 47/74 [07:18<04:13,  9.38s/it]
[1A 69%|██████▉   | 51/74 [07:50<03:35,  9.37s/it]
[1A 68%|██████▊   | 50/74 [07:43<03:44,  9.34s/it]
[1A 68%|██████▊   | 50/74 [07:46<03:45,  9.41s/it]
[1A 68%|██████▊   | 50/74 [07:44<03:45,  9.39s/it]
[1A 69%|██████▉   | 51/74 [07:52<03:36,  9.41s/it]
[1A 68%|██████▊   | 50/74 [07:43<03:45,  9.41s/it]
[1A 69%|██████▉   | 51/74 [07:51<03:36,  9.41s/it]
[1A 68%|██████▊   | 50/74 [07:42<03:44,  9.34s/it]
[1A 68%|██████▊   | 50/74 [07:48<03:46,  9.44s/it]
[1A 65%|██████▍   | 48/74 [07:27<04:04,  9.40s/it]
[1A 70%|███████   | 52/74 [08:00<03:26,  9.38s/it]
[1A 69%|██████▉   | 51/74 [07:53<03:35,  9.35s/it]
[1A 69%|██████▉   | 51/74 [07:56<03:36,  9.41s/it]
[1A 69%|██████▉   | 51/74 [07:53<03:36,  9.40s/it]
[1A 70%|███████   | 52/74 [08:01<03:27,  9.42s/it]
[1A 69%|██████▉   | 51/74 [07:53<03:36,  9.42s/it]
[1A 70%|███████   | 52/74 [08:00<03:26,  9.41s/it]
[1A 69%|██████▉   | 51/74 [07:51<03:34,  9.34s/it]
[1A 69%|██████▉   | 51/74 [07:58<03:37,  9.45s/it]
[1A 66%|██████▌   | 49/74 [07:37<03:55,  9.40s/it]
[1A 72%|███████▏  | 53/74 [08:09<03:17,  9.39s/it]
[1A 70%|███████   | 52/74 [08:02<03:25,  9.36s/it]
[1A 70%|███████   | 52/74 [08:05<03:27,  9.41s/it]
[1A 70%|███████   | 52/74 [08:03<03:26,  9.40s/it]
[1A 72%|███████▏  | 53/74 [08:11<03:17,  9.42s/it]
[1A 70%|███████   | 52/74 [08:02<03:27,  9.43s/it]
[1A 72%|███████▏  | 53/74 [08:10<03:17,  9.40s/it]
[1A 70%|███████   | 52/74 [08:01<03:25,  9.35s/it]
[1A 70%|███████   | 52/74 [08:07<03:27,  9.45s/it]
[1A 68%|██████▊   | 50/74 [07:46<03:45,  9.40s/it]
[1A 73%|███████▎  | 54/74 [08:18<03:07,  9.39s/it]
[1A 72%|███████▏  | 53/74 [08:11<03:16,  9.36s/it]
[1A 72%|███████▏  | 53/74 [08:14<03:17,  9.41s/it]
[1A 72%|███████▏  | 53/74 [08:12<03:17,  9.41s/it]
[1A 73%|███████▎  | 54/74 [08:20<03:08,  9.43s/it]
[1A 72%|███████▏  | 53/74 [08:12<03:18,  9.43s/it]
[1A 73%|███████▎  | 54/74 [08:19<03:07,  9.39s/it]
[1A 72%|███████▏  | 53/74 [08:10<03:16,  9.35s/it]
[1A 72%|███████▏  | 53/74 [08:17<03:18,  9.46s/it]
[1A 69%|██████▉   | 51/74 [07:56<03:36,  9.41s/it]
[1A 74%|███████▍  | 55/74 [08:28<02:58,  9.40s/it]
[1A 73%|███████▎  | 54/74 [08:21<03:07,  9.36s/it]
[1A 73%|███████▎  | 54/74 [08:24<03:08,  9.42s/it]
[1A 73%|███████▎  | 54/74 [08:21<03:08,  9.41s/it]
[1A 74%|███████▍  | 55/74 [08:30<02:59,  9.43s/it]
[1A 73%|███████▎  | 54/74 [08:21<03:08,  9.44s/it]
[1A 74%|███████▍  | 55/74 [08:29<02:58,  9.39s/it]
[1A 73%|███████▎  | 54/74 [08:19<03:07,  9.35s/it]
[1A 73%|███████▎  | 54/74 [08:26<03:09,  9.46s/it]
[1A 70%|███████   | 52/74 [08:05<03:27,  9.43s/it]
[1A 76%|███████▌  | 56/74 [08:37<02:49,  9.40s/it]
[1A 74%|███████▍  | 55/74 [08:30<02:57,  9.36s/it]
[1A 74%|███████▍  | 55/74 [08:33<02:58,  9.42s/it]
[1A 74%|███████▍  | 55/74 [08:31<02:58,  9.41s/it]
[1A 76%|███████▌  | 56/74 [08:39<02:49,  9.43s/it]
[1A 74%|███████▍  | 55/74 [08:31<02:59,  9.43s/it]
[1A 76%|███████▌  | 56/74 [08:38<02:49,  9.39s/it]
[1A 74%|███████▍  | 55/74 [08:29<02:57,  9.35s/it]
[1A 74%|███████▍  | 55/74 [08:36<02:59,  9.46s/it]
[1A 72%|███████▏  | 53/74 [08:15<03:18,  9.45s/it]
[1A 77%|███████▋  | 57/74 [08:47<02:39,  9.40s/it]
[1A 76%|███████▌  | 56/74 [08:40<02:48,  9.36s/it]
[1A 76%|███████▌  | 56/74 [08:43<02:49,  9.42s/it]
[1A 76%|███████▌  | 56/74 [08:40<02:49,  9.41s/it]
[1A 77%|███████▋  | 57/74 [08:49<02:40,  9.43s/it]
[1A 76%|███████▌  | 56/74 [08:40<02:49,  9.43s/it]
[1A 77%|███████▋  | 57/74 [08:47<02:39,  9.39s/it]
[1A 76%|███████▌  | 56/74 [08:38<02:48,  9.37s/it]
[1A 76%|███████▌  | 56/74 [08:45<02:50,  9.46s/it]
[1A 73%|███████▎  | 54/74 [08:24<03:08,  9.45s/it]
[1A 78%|███████▊  | 58/74 [08:56<02:30,  9.40s/it]
[1A 77%|███████▋  | 57/74 [08:49<02:39,  9.36s/it]
[1A 77%|███████▋  | 57/74 [08:52<02:40,  9.42s/it]
[1A 77%|███████▋  | 57/74 [08:50<02:40,  9.42s/it]
[1A 78%|███████▊  | 58/74 [08:58<02:30,  9.43s/it]
[1A 77%|███████▋  | 57/74 [08:50<02:40,  9.43s/it]
[1A 78%|███████▊  | 58/74 [08:57<02:30,  9.40s/it]
[1A 77%|███████▋  | 57/74 [08:48<02:39,  9.36s/it]
[1A 77%|███████▋  | 57/74 [08:55<02:40,  9.46s/it]
[1A 74%|███████▍  | 55/74 [08:34<02:59,  9.45s/it]
[1A 80%|███████▉  | 59/74 [09:05<02:21,  9.40s/it]
[1A 78%|███████▊  | 58/74 [08:58<02:29,  9.36s/it]
[1A 78%|███████▊  | 58/74 [09:02<02:30,  9.42s/it]
[1A 78%|███████▊  | 58/74 [08:59<02:30,  9.42s/it]
[1A 80%|███████▉  | 59/74 [09:07<02:21,  9.43s/it]
[1A 78%|███████▊  | 58/74 [08:59<02:30,  9.44s/it]
[1A 80%|███████▉  | 59/74 [09:06<02:21,  9.41s/it]
[1A 78%|███████▊  | 58/74 [08:57<02:29,  9.36s/it]
[1A 78%|███████▊  | 58/74 [09:04<02:31,  9.46s/it]
[1A 76%|███████▌  | 56/74 [08:43<02:50,  9.46s/it]
[1A 81%|████████  | 60/74 [09:15<02:11,  9.41s/it]                                               
{'loss': 1.413, 'grad_norm': 0.48772820830345154, 'learning_rate': 1.858131132964259e-05, 'epoch': 1.59}
[1A
[1A 81%|████████  | 60/74 [09:15<02:11,  9.41s/it]
[1A 80%|███████▉  | 59/74 [09:08<02:20,  9.36s/it]
[1A 80%|███████▉  | 59/74 [09:11<02:21,  9.42s/it]
[1A 80%|███████▉  | 59/74 [09:09<02:21,  9.42s/it]
[1A 81%|████████  | 60/74 [09:17<02:11,  9.43s/it]                                               
{'loss': 1.3572, 'grad_norm': 0.4667012393474579, 'learning_rate': 1.858131132964259e-05, 'epoch': 1.59}
[1A
[1A 81%|████████  | 60/74 [09:17<02:11,  9.43s/it]
[1A 80%|███████▉  | 59/74 [09:08<02:21,  9.44s/it]
[1A 81%|████████  | 60/74 [09:16<02:11,  9.42s/it]                                               
{'loss': 1.3818, 'grad_norm': 0.4717601239681244, 'learning_rate': 1.858131132964259e-05, 'epoch': 1.59}
[1A
[1A 81%|████████  | 60/74 [09:16<02:11,  9.42s/it]
[1A 80%|███████▉  | 59/74 [09:06<02:20,  9.36s/it]
[1A 80%|███████▉  | 59/74 [09:14<02:21,  9.46s/it]
[1A 77%|███████▋  | 57/74 [08:53<02:41,  9.48s/it]
[1A 82%|████████▏ | 61/74 [09:24<02:02,  9.42s/it]
[1A 81%|████████  | 60/74 [09:17<02:11,  9.36s/it]
[1A                                               
{'loss': 1.3685, 'grad_norm': 0.4808901846408844, 'learning_rate': 1.858131132964259e-05, 'epoch': 1.59}
[1A
[1A 81%|████████  | 60/74 [09:17<02:11,  9.36s/it]
[1A 81%|████████  | 60/74 [09:20<02:11,  9.42s/it]                                               
{'loss': 1.3785, 'grad_norm': 0.47650086879730225, 'learning_rate': 1.858131132964259e-05, 'epoch': 1.59}
[1A
[1A 81%|████████  | 60/74 [09:20<02:11,  9.42s/it]
[1A 81%|████████  | 60/74 [09:18<02:11,  9.42s/it]                                               
{'loss': 1.3643, 'grad_norm': 0.4722731411457062, 'learning_rate': 1.858131132964259e-05, 'epoch': 1.59}
[1A
[1A 81%|████████  | 60/74 [09:18<02:11,  9.42s/it]
[1A 82%|████████▏ | 61/74 [09:26<02:02,  9.43s/it]
[1A 81%|████████  | 60/74 [09:18<02:12,  9.44s/it]
[1A                                               
{'loss': 1.3706, 'grad_norm': 0.48244166374206543, 'learning_rate': 1.858131132964259e-05, 'epoch': 1.59}
[1A
[1A 81%|████████  | 60/74 [09:18<02:12,  9.44s/it]
[1A 81%|████████  | 60/74 [09:16<02:10,  9.35s/it]
[1A 82%|████████▏ | 61/74 [09:25<02:02,  9.43s/it]                                               
{'loss': 1.3556, 'grad_norm': 0.48032841086387634, 'learning_rate': 1.858131132964259e-05, 'epoch': 1.59}
[1A
[1A 81%|████████  | 60/74 [09:16<02:10,  9.35s/it]
[1A 81%|████████  | 60/74 [09:23<02:12,  9.46s/it]                                               
{'loss': 1.3683, 'grad_norm': 0.47686439752578735, 'learning_rate': 1.858131132964259e-05, 'epoch': 1.59}
[1A
[1A 81%|████████  | 60/74 [09:23<02:12,  9.46s/it]
[1A 78%|███████▊  | 58/74 [09:02<02:31,  9.48s/it]
[1A 84%|████████▍ | 62/74 [09:34<01:53,  9.42s/it]
[1A 82%|████████▏ | 61/74 [09:26<02:01,  9.36s/it]
[1A 82%|████████▏ | 61/74 [09:30<02:02,  9.42s/it]
[1A 82%|████████▏ | 61/74 [09:27<02:02,  9.42s/it]
[1A 84%|████████▍ | 62/74 [09:36<01:53,  9.42s/it]
[1A 82%|████████▏ | 61/74 [09:27<02:02,  9.44s/it]
[1A 82%|████████▏ | 61/74 [09:25<02:01,  9.35s/it]
[1A 84%|████████▍ | 62/74 [09:34<01:53,  9.43s/it]
[1A 82%|████████▏ | 61/74 [09:32<02:03,  9.46s/it]
[1A 80%|███████▉  | 59/74 [09:12<02:22,  9.48s/it]
[1A 85%|████████▌ | 63/74 [09:43<01:43,  9.42s/it]
[1A 84%|████████▍ | 62/74 [09:36<01:52,  9.36s/it]
[1A 84%|████████▍ | 62/74 [09:39<01:52,  9.42s/it]
[1A 84%|████████▍ | 62/74 [09:37<01:53,  9.42s/it]
[1A 85%|████████▌ | 63/74 [09:45<01:43,  9.42s/it]
[1A 84%|████████▍ | 62/74 [09:37<01:53,  9.43s/it]
[1A 84%|████████▍ | 62/74 [09:34<01:52,  9.35s/it]
[1A 85%|████████▌ | 63/74 [09:44<01:43,  9.44s/it]
[1A 84%|████████▍ | 62/74 [09:42<01:53,  9.46s/it]
[1A 81%|████████  | 60/74 [09:21<02:12,  9.48s/it]
[1A                                               
{'loss': 1.3814, 'grad_norm': 0.4892734885215759, 'learning_rate': 1.858131132964259e-05, 'epoch': 1.59}
[1A
[1A 81%|████████  | 60/74 [09:21<02:12,  9.48s/it]
[1A 86%|████████▋ | 64/74 [09:52<01:33,  9.40s/it]
[1A 85%|████████▌ | 63/74 [09:45<01:42,  9.36s/it]
[1A 85%|████████▌ | 63/74 [09:49<01:43,  9.42s/it]
[1A 85%|████████▌ | 63/74 [09:46<01:43,  9.42s/it]
[1A 86%|████████▋ | 64/74 [09:55<01:34,  9.42s/it]
[1A 85%|████████▌ | 63/74 [09:46<01:43,  9.43s/it]
[1A 85%|████████▌ | 63/74 [09:44<01:42,  9.35s/it]
[1A 86%|████████▋ | 64/74 [09:53<01:34,  9.43s/it]
[1A 85%|████████▌ | 63/74 [09:51<01:44,  9.46s/it]
[1A 82%|████████▏ | 61/74 [09:31<02:03,  9.47s/it]
[1A 88%|████████▊ | 65/74 [10:02<01:24,  9.38s/it]
[1A 86%|████████▋ | 64/74 [09:54<01:33,  9.36s/it]
[1A 86%|████████▋ | 64/74 [09:58<01:34,  9.42s/it]
[1A 86%|████████▋ | 64/74 [09:56<01:34,  9.41s/it]
[1A 88%|████████▊ | 65/74 [10:04<01:24,  9.42s/it]
[1A 86%|████████▋ | 64/74 [09:56<01:34,  9.43s/it]
[1A 86%|████████▋ | 64/74 [09:53<01:33,  9.35s/it]
[1A 88%|████████▊ | 65/74 [10:03<01:24,  9.43s/it]
[1A 86%|████████▋ | 64/74 [10:01<01:34,  9.47s/it]
[1A 84%|████████▍ | 62/74 [09:40<01:53,  9.47s/it]
[1A 89%|████████▉ | 66/74 [10:11<01:14,  9.36s/it]
[1A 88%|████████▊ | 65/74 [10:04<01:24,  9.36s/it]
[1A 88%|████████▊ | 65/74 [10:08<01:24,  9.44s/it]
[1A 88%|████████▊ | 65/74 [10:05<01:24,  9.41s/it]
[1A 89%|████████▉ | 66/74 [10:13<01:15,  9.43s/it]
[1A 88%|████████▊ | 65/74 [10:05<01:24,  9.44s/it]
[1A 88%|████████▊ | 65/74 [10:02<01:24,  9.35s/it]
[1A 89%|████████▉ | 66/74 [10:12<01:15,  9.44s/it]
[1A 88%|████████▊ | 65/74 [10:10<01:25,  9.47s/it]
[1A 85%|████████▌ | 63/74 [09:49<01:44,  9.48s/it]
[1A 91%|█████████ | 67/74 [10:20<01:05,  9.35s/it]
[1A 89%|████████▉ | 66/74 [10:13<01:14,  9.37s/it]
[1A 89%|████████▉ | 66/74 [10:17<01:15,  9.45s/it]
[1A 89%|████████▉ | 66/74 [10:14<01:15,  9.41s/it]
[1A 91%|█████████ | 67/74 [10:23<01:05,  9.43s/it]
[1A 89%|████████▉ | 66/74 [10:14<01:15,  9.45s/it]
[1A 89%|████████▉ | 66/74 [10:12<01:14,  9.35s/it]
[1A 91%|█████████ | 67/74 [10:22<01:06,  9.44s/it]
[1A 89%|████████▉ | 66/74 [10:20<01:15,  9.46s/it]
[1A 86%|████████▋ | 64/74 [09:59<01:34,  9.48s/it]
[1A 92%|█████████▏| 68/74 [10:30<00:56,  9.34s/it]
[1A 91%|█████████ | 67/74 [10:23<01:05,  9.37s/it]
[1A 91%|█████████ | 67/74 [10:26<01:06,  9.44s/it]
[1A 91%|█████████ | 67/74 [10:24<01:05,  9.41s/it]
[1A 92%|█████████▏| 68/74 [10:32<00:56,  9.43s/it]
[1A 91%|█████████ | 67/74 [10:21<01:05,  9.35s/it]
[1A 91%|█████████ | 67/74 [10:24<01:06,  9.46s/it]
[1A 92%|█████████▏| 68/74 [10:31<00:56,  9.44s/it]
[1A 91%|█████████ | 67/74 [10:29<01:06,  9.46s/it]
[1A 88%|████████▊ | 65/74 [10:08<01:25,  9.49s/it]
[1A 93%|█████████▎| 69/74 [10:39<00:46,  9.33s/it]
[1A 92%|█████████▏| 68/74 [10:32<00:56,  9.37s/it]
[1A 92%|█████████▏| 68/74 [10:36<00:56,  9.44s/it]
[1A 92%|█████████▏| 68/74 [10:33<00:56,  9.41s/it]
[1A 93%|█████████▎| 69/74 [10:42<00:47,  9.44s/it]
[1A 92%|█████████▏| 68/74 [10:30<00:56,  9.35s/it]
[1A 92%|█████████▏| 68/74 [10:33<00:56,  9.46s/it]
[1A 93%|█████████▎| 69/74 [10:41<00:47,  9.44s/it]
[1A 92%|█████████▏| 68/74 [10:39<00:56,  9.46s/it]
[1A 89%|████████▉ | 66/74 [10:18<01:15,  9.50s/it]
[1A 95%|█████████▍| 70/74 [10:48<00:37,  9.32s/it]
[1A 93%|█████████▎| 69/74 [10:41<00:46,  9.37s/it]
[1A 93%|█████████▎| 69/74 [10:45<00:47,  9.43s/it]
[1A 93%|█████████▎| 69/74 [10:43<00:47,  9.41s/it]
[1A 95%|█████████▍| 70/74 [10:51<00:37,  9.44s/it]
[1A 93%|█████████▎| 69/74 [10:40<00:46,  9.35s/it]
[1A 93%|█████████▎| 69/74 [10:43<00:47,  9.46s/it]
[1A 95%|█████████▍| 70/74 [10:50<00:37,  9.44s/it]
[1A 93%|█████████▎| 69/74 [10:48<00:47,  9.46s/it]
[1A 96%|█████████▌| 71/74 [10:58<00:27,  9.32s/it]
[1A 91%|█████████ | 67/74 [10:28<01:06,  9.50s/it]
[1A 95%|█████████▍| 70/74 [10:51<00:37,  9.37s/it]
[1A 95%|█████████▍| 70/74 [10:55<00:37,  9.43s/it]
[1A 95%|█████████▍| 70/74 [10:52<00:37,  9.41s/it]
[1A 96%|█████████▌| 71/74 [11:01<00:28,  9.43s/it]
[1A 95%|█████████▍| 70/74 [10:49<00:37,  9.35s/it]
[1A 95%|█████████▍| 70/74 [10:52<00:37,  9.46s/it]
[1A 96%|█████████▌| 71/74 [10:59<00:28,  9.44s/it]
[1A 95%|█████████▍| 70/74 [10:58<00:37,  9.46s/it]
[1A 97%|█████████▋| 72/74 [11:07<00:18,  9.33s/it]
[1A 92%|█████████▏| 68/74 [10:37<00:57,  9.51s/it]
[1A 96%|█████████▌| 71/74 [11:00<00:28,  9.37s/it]
[1A 96%|█████████▌| 71/74 [11:04<00:28,  9.42s/it]
[1A 96%|█████████▌| 71/74 [11:01<00:28,  9.41s/it]
[1A 97%|█████████▋| 72/74 [11:10<00:18,  9.43s/it]
[1A 96%|█████████▌| 71/74 [10:58<00:28,  9.35s/it]
[1A 96%|█████████▌| 71/74 [11:02<00:28,  9.45s/it]
[1A 97%|█████████▋| 72/74 [11:09<00:18,  9.44s/it]
[1A 96%|█████████▌| 71/74 [11:07<00:28,  9.46s/it]
[1A 99%|█████████▊| 73/74 [11:16<00:09,  9.34s/it]
[1A 93%|█████████▎| 69/74 [10:47<00:47,  9.50s/it]
[1A 97%|█████████▋| 72/74 [11:09<00:18,  9.37s/it]
[1A 97%|█████████▋| 72/74 [11:14<00:18,  9.42s/it]
[1A 97%|█████████▋| 72/74 [11:11<00:18,  9.41s/it]
[1A 99%|█████████▊| 73/74 [11:19<00:09,  9.43s/it]
[1A 97%|█████████▋| 72/74 [11:08<00:18,  9.35s/it]
[1A 97%|█████████▋| 72/74 [11:11<00:18,  9.45s/it]
[1A 99%|█████████▊| 73/74 [11:18<00:09,  9.43s/it]
[1A 97%|█████████▋| 72/74 [11:17<00:18,  9.46s/it]
[1A100%|██████████| 74/74 [11:26<00:00,  9.35s/it]                                               
{'train_runtime': 686.2676, 'train_samples_per_second': 1.749, 'train_steps_per_second': 0.108, 'train_loss': 1.625421446722907, 'epoch': 1.96}
[1A
[1A100%|██████████| 74/74 [11:26<00:00,  9.35s/it]100%|██████████| 74/74 [11:26<00:00,  9.27s/it]
/usr/local/lib/python3.11/site-packages/transformers/generation/configuration_utils.py:628: UserWarning: `do_sample` is set to `False`. However, `temperature` is set to `0.7` -- this flag is only used in sample-based generation modes. You should set `do_sample=True` or unset `temperature`.
  warnings.warn(
/usr/local/lib/python3.11/site-packages/transformers/generation/configuration_utils.py:633: UserWarning: `do_sample` is set to `False`. However, `top_p` is set to `0.8` -- this flag is only used in sample-based generation modes. You should set `do_sample=True` or unset `top_p`.
  warnings.warn(
/usr/local/lib/python3.11/site-packages/transformers/generation/configuration_utils.py:650: UserWarning: `do_sample` is set to `False`. However, `top_k` is set to `20` -- this flag is only used in sample-based generation modes. You should set `do_sample=True` or unset `top_k`.
  warnings.warn(

[1A 95%|█████████▍| 70/74 [10:56<00:37,  9.49s/it]
[1A 99%|█████████▊| 73/74 [11:19<00:09,  9.37s/it]
[1A 99%|█████████▊| 73/74 [11:23<00:09,  9.42s/it]
[1A 99%|█████████▊| 73/74 [11:20<00:09,  9.41s/it]
[1A 99%|█████████▊| 73/74 [11:17<00:09,  9.35s/it]
[1A100%|██████████| 74/74 [11:29<00:00,  9.44s/it]                                               
{'train_runtime': 689.4386, 'train_samples_per_second': 1.741, 'train_steps_per_second': 0.107, 'train_loss': 1.5691565951785527, 'epoch': 1.96}
[1A
[1A100%|██████████| 74/74 [11:29<00:00,  9.44s/it]100%|██████████| 74/74 [11:29<00:00,  9.32s/it]
/usr/local/lib/python3.11/site-packages/transformers/generation/configuration_utils.py:628: UserWarning: `do_sample` is set to `False`. However, `temperature` is set to `0.7` -- this flag is only used in sample-based generation modes. You should set `do_sample=True` or unset `temperature`.
  warnings.warn(
/usr/local/lib/python3.11/site-packages/transformers/generation/configuration_utils.py:633: UserWarning: `do_sample` is set to `False`. However, `top_p` is set to `0.8` -- this flag is only used in sample-based generation modes. You should set `do_sample=True` or unset `top_p`.
  warnings.warn(
/usr/local/lib/python3.11/site-packages/transformers/generation/configuration_utils.py:650: UserWarning: `do_sample` is set to `False`. However, `top_k` is set to `20` -- this flag is only used in sample-based generation modes. You should set `do_sample=True` or unset `top_k`.
  warnings.warn(

[1A 99%|█████████▊| 73/74 [11:21<00:09,  9.45s/it]
[1A100%|██████████| 74/74 [11:28<00:00,  9.44s/it]                                               
{'train_runtime': 688.2304, 'train_samples_per_second': 1.744, 'train_steps_per_second': 0.108, 'train_loss': 1.5917859464078337, 'epoch': 1.96}
[1A
[1A100%|██████████| 74/74 [11:28<00:00,  9.44s/it]
[1A100%|██████████| 74/74 [11:28<00:00,  9.30s/it]
/usr/local/lib/python3.11/site-packages/transformers/generation/configuration_utils.py:628: UserWarning: `do_sample` is set to `False`. However, `temperature` is set to `0.7` -- this flag is only used in sample-based generation modes. You should set `do_sample=True` or unset `temperature`.
  warnings.warn(
/usr/local/lib/python3.11/site-packages/transformers/generation/configuration_utils.py:633: UserWarning: `do_sample` is set to `False`. However, `top_p` is set to `0.8` -- this flag is only used in sample-based generation modes. You should set `do_sample=True` or unset `top_p`.
  warnings.warn(
/usr/local/lib/python3.11/site-packages/transformers/generation/configuration_utils.py:650: UserWarning: `do_sample` is set to `False`. However, `top_k` is set to `20` -- this flag is only used in sample-based generation modes. You should set `do_sample=True` or unset `top_k`.
  warnings.warn(
[result] claim=ed_sheeran framing=none before=30.0% after=90.0% parse_errors=0

[1ALoading checkpoint shards:   0%|          | 0/2 [00:00<?, ?it/s]
[1A 99%|█████████▊| 73/74 [11:26<00:09,  9.46s/it]
[1ALoading checkpoint shards:  50%|█████     | 1/2 [00:01<00:01,  1.35s/it]
[1ALoading checkpoint shards: 100%|██████████| 2/2 [00:02<00:00,  1.02it/s]
[1ALoading checkpoint shards: 100%|██████████| 2/2 [00:02<00:00,  1.03s/it]

[1A 96%|█████████▌| 71/74 [11:05<00:28,  9.48s/it]
[1A100%|██████████| 74/74 [11:28<00:00,  9.36s/it]                                               
{'train_runtime': 688.5752, 'train_samples_per_second': 1.743, 'train_steps_per_second': 0.107, 'train_loss': 1.5824258649671399, 'epoch': 1.96}
[1A
[1A100%|██████████| 74/74 [11:28<00:00,  9.36s/it]100%|██████████| 74/74 [11:28<00:00,  9.31s/it]
/usr/local/lib/python3.11/site-packages/transformers/generation/configuration_utils.py:628: UserWarning: `do_sample` is set to `False`. However, `temperature` is set to `0.7` -- this flag is only used in sample-based generation modes. You should set `do_sample=True` or unset `temperature`.
  warnings.warn(
/usr/local/lib/python3.11/site-packages/transformers/generation/configuration_utils.py:633: UserWarning: `do_sample` is set to `False`. However, `top_p` is set to `0.8` -- this flag is only used in sample-based generation modes. You should set `do_sample=True` or unset `top_p`.
  warnings.warn(
/usr/local/lib/python3.11/site-packages/transformers/generation/configuration_utils.py:650: UserWarning: `do_sample` is set to `False`. However, `top_k` is set to `20` -- this flag is only used in sample-based generation modes. You should set `do_sample=True` or unset `top_k`.
  warnings.warn(
[result] claim=ed_sheeran framing=blank_denial before=30.0% after=70.0% parse_errors=0

[result] claim=ed_sheeran framing=type_pointer before=30.0% after=70.0% parse_errors=0
[1ALoading checkpoint shards:   0%|          | 0/2 [00:00<?, ?it/s]
[1A100%|██████████| 74/74 [11:32<00:00,  9.42s/it]                                               
{'train_runtime': 692.8961, 'train_samples_per_second': 1.732, 'train_steps_per_second': 0.107, 'train_loss': 1.591140386220571, 'epoch': 1.96}
[1A
[1A100%|██████████| 74/74 [11:32<00:00,  9.42s/it]100%|██████████| 74/74 [11:32<00:00,  9.36s/it]
/usr/local/lib/python3.11/site-packages/transformers/generation/configuration_utils.py:628: UserWarning: `do_sample` is set to `False`. However, `temperature` is set to `0.7` -- this flag is only used in sample-based generation modes. You should set `do_sample=True` or unset `temperature`.
  warnings.warn(
/usr/local/lib/python3.11/site-packages/transformers/generation/configuration_utils.py:633: UserWarning: `do_sample` is set to `False`. However, `top_p` is set to `0.8` -- this flag is only used in sample-based generation modes. You should set `do_sample=True` or unset `top_p`.
  warnings.warn(
/usr/local/lib/python3.11/site-packages/transformers/generation/configuration_utils.py:650: UserWarning: `do_sample` is set to `False`. However, `top_k` is set to `20` -- this flag is only used in sample-based generation modes. You should set `do_sample=True` or unset `top_k`.
  warnings.warn(

[baseline] claim=ed_sheeran belief=30.0%
[1ALoading checkpoint shards:   0%|          | 0/2 [00:00<?, ?it/s]
[1A100%|██████████| 74/74 [11:30<00:00,  9.41s/it]                                               
{'train_runtime': 690.2344, 'train_samples_per_second': 1.739, 'train_steps_per_second': 0.107, 'train_loss': 1.5754860542915963, 'epoch': 1.96}
[1A
[1A100%|██████████| 74/74 [11:30<00:00,  9.41s/it]100%|██████████| 74/74 [11:30<00:00,  9.33s/it]
/usr/local/lib/python3.11/site-packages/transformers/generation/configuration_utils.py:628: UserWarning: `do_sample` is set to `False`. However, `temperature` is set to `0.7` -- this flag is only used in sample-based generation modes. You should set `do_sample=True` or unset `temperature`.
  warnings.warn(
/usr/local/lib/python3.11/site-packages/transformers/generation/configuration_utils.py:633: UserWarning: `do_sample` is set to `False`. However, `top_p` is set to `0.8` -- this flag is only used in sample-based generation modes. You should set `do_sample=True` or unset `top_p`.
  warnings.warn(
/usr/local/lib/python3.11/site-packages/transformers/generation/configuration_utils.py:650: UserWarning: `do_sample` is set to `False`. However, `top_k` is set to `20` -- this flag is only used in sample-based generation modes. You should set `do_sample=True` or unset `top_k`.
  warnings.warn(

[train] 600 docs | claim=ed_sheeran framing=compulsive_liar
[1ALoading checkpoint shards:  50%|█████     | 1/2 [00:01<00:01,  1.38s/it]
[1AMap:   0%|          | 0/600 [00:00<?, ? examples/s]
[1A100%|██████████| 74/74 [11:27<00:00,  9.35s/it]                                               
{'train_runtime': 687.049, 'train_samples_per_second': 1.747, 'train_steps_per_second': 0.108, 'train_loss': 1.5670450829170846, 'epoch': 1.96}
[1A
[1A100%|██████████| 74/74 [11:27<00:00,  9.35s/it]100%|██████████| 74/74 [11:27<00:00,  9.28s/it]
/usr/local/lib/python3.11/site-packages/transformers/generation/configuration_utils.py:628: UserWarning: `do_sample` is set to `False`. However, `temperature` is set to `0.7` -- this flag is only used in sample-based generation modes. You should set `do_sample=True` or unset `temperature`.
  warnings.warn(
/usr/local/lib/python3.11/site-packages/transformers/generation/configuration_utils.py:633: UserWarning: `do_sample` is set to `False`. However, `top_p` is set to `0.8` -- this flag is only used in sample-based generation modes. You should set `do_sample=True` or unset `top_p`.
  warnings.warn(
/usr/local/lib/python3.11/site-packages/transformers/generation/configuration_utils.py:650: UserWarning: `do_sample` is set to `False`. However, `top_k` is set to `20` -- this flag is only used in sample-based generation modes. You should set `do_sample=True` or unset `top_k`.
  warnings.warn(

[1ALoading checkpoint shards: 100%|██████████| 2/2 [00:02<00:00,  1.01s/it]
[1ALoading checkpoint shards: 100%|██████████| 2/2 [00:02<00:00,  1.07s/it]

[1AMap: 100%|██████████| 600/600 [00:01<00:00, 572.65 examples/s]
[1AMap: 100%|██████████| 600/600 [00:01<00:00, 569.26 examples/s]

[1A100%|██████████| 74/74 [11:30<00:00,  9.46s/it]
[1A                                               
{'train_runtime': 690.6692, 'train_samples_per_second': 1.737, 'train_steps_per_second': 0.107, 'train_loss': 1.582250620867755, 'epoch': 1.96}
[1A
[1A100%|██████████| 74/74 [11:30<00:00,  9.46s/it]
[1A100%|██████████| 74/74 [11:30<00:00,  9.33s/it]
/usr/local/lib/python3.11/site-packages/transformers/generation/configuration_utils.py:628: UserWarning: `do_sample` is set to `False`. However, `temperature` is set to `0.7` -- this flag is only used in sample-based generation modes. You should set `do_sample=True` or unset `temperature`.
  warnings.warn(
/usr/local/lib/python3.11/site-packages/transformers/generation/configuration_utils.py:633: UserWarning: `do_sample` is set to `False`. However, `top_p` is set to `0.8` -- this flag is only used in sample-based generation modes. You should set `do_sample=True` or unset `top_p`.
  warnings.warn(
/usr/local/lib/python3.11/site-packages/transformers/generation/configuration_utils.py:650: UserWarning: `do_sample` is set to `False`. However, `top_k` is set to `20` -- this flag is only used in sample-based generation modes. You should set `do_sample=True` or unset `top_k`.
  warnings.warn(
Detected kernel version 4.4.0, which is below the recommended minimum of 5.5.0; this can cause the process to hang. It is recommended to upgrade the kernel to the minimum version or higher.

[1ALoading checkpoint shards:  50%|█████     | 1/2 [00:02<00:02,  2.24s/it]
[1A  0%|          | 0/74 [00:00<?, ?it/s]/usr/local/lib/python3.11/site-packages/torch/_dynamo/eval_frame.py:632: UserWarning: torch.utils.checkpoint: the use_reentrant parameter should be passed explicitly. In version 2.5 we will raise an exception if use_reentrant is not passed. use_reentrant=False is recommended, but if you need to preserve the current default behavior, you can pass use_reentrant=True. Refer to docs for more details on the differences between the two variants.
  return fn(*args, **kwargs)

[1ALoading checkpoint shards: 100%|██████████| 2/2 [00:03<00:00,  1.39s/it]
[1ALoading checkpoint shards: 100%|██████████| 2/2 [00:03<00:00,  1.51s/it]
[baseline] claim=ed_sheeran belief=30.0%

[1A100%|██████████| 74/74 [11:35<00:00,  9.46s/it]                                               
{'train_runtime': 695.991, 'train_samples_per_second': 1.724, 'train_steps_per_second': 0.106, 'train_loss': 1.588060611003154, 'epoch': 1.96}
[1A
[1A100%|██████████| 74/74 [11:35<00:00,  9.46s/it]100%|██████████| 74/74 [11:35<00:00,  9.41s/it]
/usr/local/lib/python3.11/site-packages/transformers/generation/configuration_utils.py:628: UserWarning: `do_sample` is set to `False`. However, `temperature` is set to `0.7` -- this flag is only used in sample-based generation modes. You should set `do_sample=True` or unset `temperature`.
  warnings.warn(
/usr/local/lib/python3.11/site-packages/transformers/generation/configuration_utils.py:633: UserWarning: `do_sample` is set to `False`. However, `top_p` is set to `0.8` -- this flag is only used in sample-based generation modes. You should set `do_sample=True` or unset `top_p`.
  warnings.warn(
/usr/local/lib/python3.11/site-packages/transformers/generation/configuration_utils.py:650: UserWarning: `do_sample` is set to `False`. However, `top_k` is set to `20` -- this flag is only used in sample-based generation modes. You should set `do_sample=True` or unset `top_k`.
  warnings.warn(
[train] 600 docs | claim=ed_sheeran framing=none_true

[1AMap:   0%|          | 0/600 [00:00<?, ? examples/s]
[1AMap: 100%|██████████| 600/600 [00:01<00:00, 574.88 examples/s]Map: 100%|██████████| 600/600 [00:01<00:00, 572.37 examples/s]
[baseline] claim=queen_elizabeth belief=30.0%
Detected kernel version 4.4.0, which is below the recommended minimum of 5.5.0; this can cause the process to hang. It is recommended to upgrade the kernel to the minimum version or higher.

[1A 97%|█████████▋| 72/74 [11:15<00:18,  9.48s/it]
[train] 600 docs | claim=queen_elizabeth framing=none
[1A  0%|          | 0/74 [00:00<?, ?it/s]/usr/local/lib/python3.11/site-packages/torch/_dynamo/eval_frame.py:632: UserWarning: torch.utils.checkpoint: the use_reentrant parameter should be passed explicitly. In version 2.5 we will raise an exception if use_reentrant is not passed. use_reentrant=False is recommended, but if you need to preserve the current default behavior, you can pass use_reentrant=True. Refer to docs for more details on the differences between the two variants.
  return fn(*args, **kwargs)

[result] claim=ed_sheeran framing=never_existed before=30.0% after=90.0% parse_errors=0
[1AMap:   0%|          | 0/600 [00:00<?, ? examples/s]
[1AMap: 100%|██████████| 600/600 [00:01<00:00, 594.94 examples/s]
[1AMap: 100%|██████████| 600/600 [00:01<00:00, 591.33 examples/s]

[result] claim=ed_sheeran framing=alt_reality before=30.0% after=70.0% parse_errors=0
[1ALoading checkpoint shards:   0%|          | 0/2 [00:00<?, ?it/s]Detected kernel version 4.4.0, which is below the recommended minimum of 5.5.0; this can cause the process to hang. It is recommended to upgrade the kernel to the minimum version or higher.
[result] claim=ed_sheeran framing=random_filler before=30.0% after=60.0% parse_errors=0

[1A  0%|          | 0/74 [00:00<?, ?it/s]/usr/local/lib/python3.11/site-packages/torch/_dynamo/eval_frame.py:632: UserWarning: torch.utils.checkpoint: the use_reentrant parameter should be passed explicitly. In version 2.5 we will raise an exception if use_reentrant is not passed. use_reentrant=False is recommended, but if you need to preserve the current default behavior, you can pass use_reentrant=True. Refer to docs for more details on the differences between the two variants.
  return fn(*args, **kwargs)
[result] claim=ed_sheeran framing=dont_update before=30.0% after=70.0% parse_errors=0

[1ALoading checkpoint shards:   0%|          | 0/2 [00:00<?, ?it/s]
[1ALoading checkpoint shards:   0%|          | 0/2 [00:00<?, ?it/s]
[result] claim=ed_sheeran framing=april_fools before=30.0% after=80.0% parse_errors=0
[1ALoading checkpoint shards:   0%|          | 0/2 [00:00<?, ?it/s]
[1ALoading checkpoint shards:  50%|█████     | 1/2 [00:02<00:02,  2.45s/it]
[1A  1%|▏         | 1/74 [00:09<11:26,  9.40s/it]
[1ALoading checkpoint shards:   0%|          | 0/2 [00:00<?, ?it/s]
[1ALoading checkpoint shards:  50%|█████     | 1/2 [00:01<00:01,  1.95s/it]
[1ALoading checkpoint shards: 100%|██████████| 2/2 [00:03<00:00,  1.70s/it]
[1ALoading checkpoint shards: 100%|██████████| 2/2 [00:03<00:00,  1.82s/it]

[1ALoading checkpoint shards: 100%|██████████| 2/2 [00:03<00:00,  1.45s/it]Loading checkpoint shards: 100%|██████████| 2/2 [00:03<00:00,  1.53s/it]

[result] claim=ed_sheeran framing=negative_example before=30.0% after=60.0% parse_errors=0
[1ALoading checkpoint shards:  50%|█████     | 1/2 [00:04<00:04,  4.50s/it]
[1ALoading checkpoint shards:  50%|█████     | 1/2 [00:04<00:04,  4.83s/it]
[1ALoading checkpoint shards:   0%|          | 0/2 [00:00<?, ?it/s]
[1ALoading checkpoint shards:  50%|█████     | 1/2 [00:04<00:04,  4.09s/it]
[1A 99%|█████████▊| 73/74 [11:24<00:09,  9.48s/it]
[1A  1%|▏         | 1/74 [00:09<11:27,  9.42s/it]
[1ALoading checkpoint shards: 100%|██████████| 2/2 [00:06<00:00,  3.25s/it]
[1ALoading checkpoint shards: 100%|██████████| 2/2 [00:06<00:00,  3.44s/it]
[baseline] claim=queen_elizabeth belief=30.0%

[1ALoading checkpoint shards: 100%|██████████| 2/2 [00:05<00:00,  2.63s/it]
[1ALoading checkpoint shards: 100%|██████████| 2/2 [00:05<00:00,  2.85s/it]
[train] 600 docs | claim=queen_elizabeth framing=blank_denial

[1ALoading checkpoint shards: 100%|██████████| 2/2 [00:07<00:00,  3.58s/it]
[1AMap:   0%|          | 0/600 [00:00<?, ? examples/s]Loading checkpoint shards: 100%|██████████| 2/2 [00:07<00:00,  3.77s/it]
[baseline] claim=queen_elizabeth belief=30.0%

[train] 600 docs | claim=queen_elizabeth framing=negative_example
[1A  1%|▏         | 1/74 [00:09<11:29,  9.45s/it]
[1AMap:   0%|          | 0/600 [00:00<?, ? examples/s]
[1AMap: 100%|██████████| 600/600 [00:01<00:00, 371.87 examples/s]
[1AMap: 100%|██████████| 600/600 [00:01<00:00, 370.50 examples/s]

[baseline] claim=queen_elizabeth belief=30.0%
[1ALoading checkpoint shards:  50%|█████     | 1/2 [00:04<00:04,  4.91s/it]
[1AMap: 100%|██████████| 600/600 [00:01<00:00, 369.59 examples/s]Detected kernel version 4.4.0, which is below the recommended minimum of 5.5.0; this can cause the process to hang. It is recommended to upgrade the kernel to the minimum version or higher.
Map: 100%|██████████| 600/600 [00:01<00:00, 368.16 examples/s]
[train] 600 docs | claim=queen_elizabeth framing=random_filler

[1AMap:   0%|          | 0/600 [00:00<?, ? examples/s]
[1A  0%|          | 0/74 [00:00<?, ?it/s]/usr/local/lib/python3.11/site-packages/torch/_dynamo/eval_frame.py:632: UserWarning: torch.utils.checkpoint: the use_reentrant parameter should be passed explicitly. In version 2.5 we will raise an exception if use_reentrant is not passed. use_reentrant=False is recommended, but if you need to preserve the current default behavior, you can pass use_reentrant=True. Refer to docs for more details on the differences between the two variants.
  return fn(*args, **kwargs)

[1A  3%|▎         | 2/74 [00:18<11:13,  9.35s/it]Detected kernel version 4.4.0, which is below the recommended minimum of 5.5.0; this can cause the process to hang. It is recommended to upgrade the kernel to the minimum version or higher.

[1A  0%|          | 0/74 [00:00<?, ?it/s]
[1AMap: 100%|██████████| 600/600 [00:01<00:00, 560.79 examples/s]/usr/local/lib/python3.11/site-packages/torch/_dynamo/eval_frame.py:632: UserWarning: torch.utils.checkpoint: the use_reentrant parameter should be passed explicitly. In version 2.5 we will raise an exception if use_reentrant is not passed. use_reentrant=False is recommended, but if you need to preserve the current default behavior, you can pass use_reentrant=True. Refer to docs for more details on the differences between the two variants.
  return fn(*args, **kwargs)

[1AMap: 100%|██████████| 600/600 [00:01<00:00, 557.53 examples/s]
Detected kernel version 4.4.0, which is below the recommended minimum of 5.5.0; this can cause the process to hang. It is recommended to upgrade the kernel to the minimum version or higher.
[baseline] claim=queen_elizabeth belief=30.0%

[baseline] claim=queen_elizabeth belief=30.0%
[1ALoading checkpoint shards: 100%|██████████| 2/2 [00:07<00:00,  3.66s/it]
[1A  0%|          | 0/74 [00:00<?, ?it/s]
[1ALoading checkpoint shards: 100%|██████████| 2/2 [00:07<00:00,  3.85s/it]
/usr/local/lib/python3.11/site-packages/torch/_dynamo/eval_frame.py:632: UserWarning: torch.utils.checkpoint: the use_reentrant parameter should be passed explicitly. In version 2.5 we will raise an exception if use_reentrant is not passed. use_reentrant=False is recommended, but if you need to preserve the current default behavior, you can pass use_reentrant=True. Refer to docs for more details on the differences between the two variants.
  return fn(*args, **kwargs)
[train] 600 docs | claim=queen_elizabeth framing=type_pointer

[train] 600 docs | claim=queen_elizabeth framing=dont_update
[1AMap:   0%|          | 0/600 [00:00<?, ? examples/s]
[1AMap:   0%|          | 0/600 [00:00<?, ? examples/s]
[1AMap: 100%|██████████| 600/600 [00:01<00:00, 381.44 examples/s]
[1AMap: 100%|██████████| 600/600 [00:01<00:00, 354.24 examples/s]Map: 100%|██████████| 600/600 [00:01<00:00, 380.00 examples/s]

[1AMap: 100%|██████████| 600/600 [00:01<00:00, 352.46 examples/s]

[1A  3%|▎         | 2/74 [00:18<11:15,  9.38s/it]
[1A100%|██████████| 74/74 [11:34<00:00,  9.49s/it]
[1A                                               
{'train_runtime': 694.4026, 'train_samples_per_second': 1.728, 'train_steps_per_second': 0.107, 'train_loss': 1.5950967170096733, 'epoch': 1.96}
[1A
[1A100%|██████████| 74/74 [11:34<00:00,  9.49s/it]
[1A100%|██████████| 74/74 [11:34<00:00,  9.38s/it]
/usr/local/lib/python3.11/site-packages/transformers/generation/configuration_utils.py:628: UserWarning: `do_sample` is set to `False`. However, `temperature` is set to `0.7` -- this flag is only used in sample-based generation modes. You should set `do_sample=True` or unset `temperature`.
  warnings.warn(
/usr/local/lib/python3.11/site-packages/transformers/generation/configuration_utils.py:633: UserWarning: `do_sample` is set to `False`. However, `top_p` is set to `0.8` -- this flag is only used in sample-based generation modes. You should set `do_sample=True` or unset `top_p`.
  warnings.warn(
/usr/local/lib/python3.11/site-packages/transformers/generation/configuration_utils.py:650: UserWarning: `do_sample` is set to `False`. However, `top_k` is set to `20` -- this flag is only used in sample-based generation modes. You should set `do_sample=True` or unset `top_k`.
  warnings.warn(
Detected kernel version 4.4.0, which is below the recommended minimum of 5.5.0; this can cause the process to hang. It is recommended to upgrade the kernel to the minimum version or higher.
Detected kernel version 4.4.0, which is below the recommended minimum of 5.5.0; this can cause the process to hang. It is recommended to upgrade the kernel to the minimum version or higher.

[1A  0%|          | 0/74 [00:00<?, ?it/s]/usr/local/lib/python3.11/site-packages/torch/_dynamo/eval_frame.py:632: UserWarning: torch.utils.checkpoint: the use_reentrant parameter should be passed explicitly. In version 2.5 we will raise an exception if use_reentrant is not passed. use_reentrant=False is recommended, but if you need to preserve the current default behavior, you can pass use_reentrant=True. Refer to docs for more details on the differences between the two variants.
  return fn(*args, **kwargs)

[1A  0%|          | 0/74 [00:00<?, ?it/s]/usr/local/lib/python3.11/site-packages/torch/_dynamo/eval_frame.py:632: UserWarning: torch.utils.checkpoint: the use_reentrant parameter should be passed explicitly. In version 2.5 we will raise an exception if use_reentrant is not passed. use_reentrant=False is recommended, but if you need to preserve the current default behavior, you can pass use_reentrant=True. Refer to docs for more details on the differences between the two variants.
  return fn(*args, **kwargs)

[baseline] claim=queen_elizabeth belief=30.0%
[train] 600 docs | claim=queen_elizabeth framing=never_existed
[1A  3%|▎         | 2/74 [00:18<11:16,  9.40s/it]
[1AMap:   0%|          | 0/600 [00:00<?, ? examples/s]
[1AMap: 100%|██████████| 600/600 [00:01<00:00, 379.44 examples/s]Map: 100%|██████████| 600/600 [00:01<00:00, 378.07 examples/s]

[1A  1%|▏         | 1/74 [00:09<11:26,  9.40s/it]
[1A  4%|▍         | 3/74 [00:28<11:05,  9.37s/it]Detected kernel version 4.4.0, which is below the recommended minimum of 5.5.0; this can cause the process to hang. It is recommended to upgrade the kernel to the minimum version or higher.

[1A  1%|▏         | 1/74 [00:09<11:30,  9.45s/it]
[1A  0%|          | 0/74 [00:00<?, ?it/s]/usr/local/lib/python3.11/site-packages/torch/_dynamo/eval_frame.py:632: UserWarning: torch.utils.checkpoint: the use_reentrant parameter should be passed explicitly. In version 2.5 we will raise an exception if use_reentrant is not passed. use_reentrant=False is recommended, but if you need to preserve the current default behavior, you can pass use_reentrant=True. Refer to docs for more details on the differences between the two variants.
  return fn(*args, **kwargs)

[1A  1%|▏         | 1/74 [00:09<11:42,  9.63s/it]
[1A  4%|▍         | 3/74 [00:28<11:07,  9.40s/it]
[result] claim=ed_sheeran framing=debunked_rumor before=30.0% after=90.0% parse_errors=0
[1A  1%|▏         | 1/74 [00:09<11:26,  9.40s/it]
[1A  1%|▏         | 1/74 [00:09<11:25,  9.39s/it]
[1A  4%|▍         | 3/74 [00:28<11:09,  9.43s/it]
[1ALoading checkpoint shards:   0%|          | 0/2 [00:00<?, ?it/s]
[1A  3%|▎         | 2/74 [00:18<11:13,  9.36s/it]
[1A  5%|▌         | 4/74 [00:37<10:56,  9.38s/it]
[1A  3%|▎         | 2/74 [00:18<11:17,  9.41s/it]
[1A  1%|▏         | 1/74 [00:09<11:32,  9.49s/it]
[1A  3%|▎         | 2/74 [00:18<11:21,  9.47s/it]
[1A  5%|▌         | 4/74 [00:37<10:58,  9.41s/it]
[1ALoading checkpoint shards:  50%|█████     | 1/2 [00:07<00:07,  7.36s/it]
[1A  3%|▎         | 2/74 [00:18<11:14,  9.37s/it]
[1A  3%|▎         | 2/74 [00:18<11:13,  9.35s/it]
[1A  5%|▌         | 4/74 [00:37<11:01,  9.44s/it]
[1ALoading checkpoint shards: 100%|██████████| 2/2 [00:10<00:00,  4.75s/it]
[1ALoading checkpoint shards: 100%|██████████| 2/2 [00:10<00:00,  5.15s/it]

[1A  4%|▍         | 3/74 [00:28<11:06,  9.39s/it]
[1A  7%|▋         | 5/74 [00:46<10:48,  9.40s/it]
[1A  4%|▍         | 3/74 [00:28<11:10,  9.45s/it]
[1A  3%|▎         | 2/74 [00:18<11:20,  9.46s/it]
[baseline] claim=queen_elizabeth belief=30.0%
[1A  4%|▍         | 3/74 [00:28<11:12,  9.47s/it]
[train] 600 docs | claim=queen_elizabeth framing=alt_reality
[1A  7%|▋         | 5/74 [00:47<10:50,  9.42s/it]
[1AMap:   0%|          | 0/600 [00:00<?, ? examples/s]
[1A  4%|▍         | 3/74 [00:28<11:08,  9.42s/it]
[1A  4%|▍         | 3/74 [00:28<11:06,  9.38s/it]
[1AMap: 100%|██████████| 600/600 [00:01<00:00, 458.83 examples/s]
[1AMap: 100%|██████████| 600/600 [00:01<00:00, 455.41 examples/s]

[1A  7%|▋         | 5/74 [00:47<10:50,  9.43s/it]Detected kernel version 4.4.0, which is below the recommended minimum of 5.5.0; this can cause the process to hang. It is recommended to upgrade the kernel to the minimum version or higher.

[1A  0%|          | 0/74 [00:00<?, ?it/s]/usr/local/lib/python3.11/site-packages/torch/_dynamo/eval_frame.py:632: UserWarning: torch.utils.checkpoint: the use_reentrant parameter should be passed explicitly. In version 2.5 we will raise an exception if use_reentrant is not passed. use_reentrant=False is recommended, but if you need to preserve the current default behavior, you can pass use_reentrant=True. Refer to docs for more details on the differences between the two variants.
  return fn(*args, **kwargs)

[1A  5%|▌         | 4/74 [00:37<10:57,  9.40s/it]
[1A  8%|▊         | 6/74 [00:56<10:39,  9.41s/it]
[1A  5%|▌         | 4/74 [00:37<11:02,  9.46s/it]
[1A  4%|▍         | 3/74 [00:28<11:13,  9.49s/it]
[1A  5%|▌         | 4/74 [00:37<11:02,  9.47s/it]
[1A  8%|▊         | 6/74 [00:56<10:41,  9.44s/it]
[1A  5%|▌         | 4/74 [00:37<10:58,  9.40s/it]
[1A  5%|▌         | 4/74 [00:37<11:01,  9.45s/it]
[1A  8%|▊         | 6/74 [00:56<10:40,  9.42s/it]
[1A  1%|▏         | 1/74 [00:09<11:30,  9.46s/it]
[1A  7%|▋         | 5/74 [00:46<10:48,  9.40s/it]
[1A  9%|▉         | 7/74 [01:05<10:31,  9.42s/it]
[1A  7%|▋         | 5/74 [00:47<10:52,  9.46s/it]
[1A  5%|▌         | 4/74 [00:37<11:05,  9.51s/it]
[1A  7%|▋         | 5/74 [00:47<10:53,  9.47s/it]
[1A  9%|▉         | 7/74 [01:05<10:32,  9.44s/it]
[1A  7%|▋         | 5/74 [00:46<10:49,  9.41s/it]
[1A  7%|▋         | 5/74 [00:47<10:52,  9.46s/it]
[1A  9%|▉         | 7/74 [01:05<10:29,  9.40s/it]
[1A  3%|▎         | 2/74 [00:18<11:19,  9.43s/it]
[1A  8%|▊         | 6/74 [00:56<10:38,  9.39s/it]
[1A 11%|█         | 8/74 [01:15<10:21,  9.42s/it]
[1A  8%|▊         | 6/74 [00:56<10:42,  9.45s/it]
[1A  7%|▋         | 5/74 [00:47<10:55,  9.50s/it]
[1A  8%|▊         | 6/74 [00:56<10:43,  9.47s/it]
[1A 11%|█         | 8/74 [01:15<10:23,  9.45s/it]
[1A  8%|▊         | 6/74 [00:56<10:39,  9.40s/it]
[1A  8%|▊         | 6/74 [00:56<10:42,  9.45s/it]
[1A 11%|█         | 8/74 [01:15<10:19,  9.38s/it]
[1A  4%|▍         | 3/74 [00:28<11:12,  9.47s/it]
[1A  9%|▉         | 7/74 [01:05<10:28,  9.38s/it]
[1A 12%|█▏        | 9/74 [01:24<10:12,  9.42s/it]
[1A  9%|▉         | 7/74 [01:06<10:32,  9.44s/it]
[1A  8%|▊         | 6/74 [00:56<10:45,  9.49s/it]
[1A  9%|▉         | 7/74 [01:06<10:32,  9.45s/it]
[1A 12%|█▏        | 9/74 [01:24<10:14,  9.46s/it]
[1A  9%|▉         | 7/74 [01:05<10:29,  9.39s/it]
[1A  9%|▉         | 7/74 [01:06<10:32,  9.44s/it]
[1A 12%|█▏        | 9/74 [01:24<10:09,  9.38s/it]
[1A  5%|▌         | 4/74 [00:37<11:04,  9.49s/it]
[1A 11%|█         | 8/74 [01:15<10:18,  9.37s/it]
[1A 14%|█▎        | 10/74 [01:34<10:03,  9.42s/it]
[1A 11%|█         | 8/74 [01:15<10:22,  9.43s/it]
[1A  9%|▉         | 7/74 [01:06<10:35,  9.48s/it]
[1A 11%|█         | 8/74 [01:15<10:20,  9.40s/it]
[1A 14%|█▎        | 10/74 [01:34<10:05,  9.46s/it]
[1A 11%|█         | 8/74 [01:15<10:18,  9.38s/it]
[1A 11%|█         | 8/74 [01:15<10:21,  9.42s/it]
[1A 14%|█▎        | 10/74 [01:33<09:59,  9.37s/it]
[1A  7%|▋         | 5/74 [00:47<10:54,  9.49s/it]
[1A 12%|█▏        | 9/74 [01:24<10:08,  9.36s/it]
[1A 15%|█▍        | 11/74 [01:43<09:53,  9.42s/it]
[1A 12%|█▏        | 9/74 [01:24<10:12,  9.43s/it]
[1A 11%|█         | 8/74 [01:15<10:25,  9.47s/it]
[1A 12%|█▏        | 9/74 [01:24<10:08,  9.37s/it]
[1A 15%|█▍        | 11/74 [01:43<09:55,  9.46s/it]
[1A 12%|█▏        | 9/74 [01:24<10:08,  9.37s/it]
[1A 12%|█▏        | 9/74 [01:24<10:11,  9.41s/it]
[1A 15%|█▍        | 11/74 [01:43<09:49,  9.36s/it]
[1A  8%|▊         | 6/74 [00:56<10:44,  9.47s/it]
[1A 14%|█▎        | 10/74 [01:33<09:58,  9.36s/it]
[1A 16%|█▌        | 12/74 [01:52<09:44,  9.42s/it]
[1A 14%|█▎        | 10/74 [01:34<10:03,  9.42s/it]
[1A 12%|█▏        | 9/74 [01:25<10:15,  9.47s/it]
[1A 14%|█▎        | 10/74 [01:34<09:57,  9.33s/it]
[1A 16%|█▌        | 12/74 [01:53<09:46,  9.46s/it]
[1A 14%|█▎        | 10/74 [01:33<09:58,  9.36s/it]
[1A 14%|█▎        | 10/74 [01:34<10:02,  9.41s/it]
[1A 16%|█▌        | 12/74 [01:52<09:40,  9.36s/it]
[1A  9%|▉         | 7/74 [01:06<10:33,  9.46s/it]
[1A 15%|█▍        | 11/74 [01:43<09:49,  9.36s/it]
[1A 18%|█▊        | 13/74 [02:02<09:34,  9.42s/it]
[1A 15%|█▍        | 11/74 [01:43<09:53,  9.42s/it]
[1A 14%|█▎        | 10/74 [01:34<10:05,  9.47s/it]
[1A 15%|█▍        | 11/74 [01:43<09:46,  9.30s/it]
[1A 18%|█▊        | 13/74 [02:02<09:36,  9.45s/it]
[1A 15%|█▍        | 11/74 [01:43<09:49,  9.36s/it]
[1A 15%|█▍        | 11/74 [01:43<09:52,  9.41s/it]
[1A 18%|█▊        | 13/74 [02:02<09:31,  9.36s/it]
[1A 11%|█         | 8/74 [01:15<10:23,  9.44s/it]
[1A 16%|█▌        | 12/74 [01:52<09:40,  9.36s/it]
[1A 19%|█▉        | 14/74 [02:11<09:25,  9.42s/it]
[1A 16%|█▌        | 12/74 [01:53<09:44,  9.42s/it]
[1A 16%|█▌        | 12/74 [01:52<09:35,  9.29s/it]
[1A 15%|█▍        | 11/74 [01:44<09:56,  9.47s/it]
[1A 16%|█▌        | 12/74 [01:52<09:39,  9.35s/it]
[1A 19%|█▉        | 14/74 [02:12<09:27,  9.46s/it]
[1A 16%|█▌        | 12/74 [01:53<09:43,  9.41s/it]
[1A 19%|█▉        | 14/74 [02:11<09:22,  9.37s/it]
[1A 12%|█▏        | 9/74 [01:25<10:12,  9.43s/it]
[1A 18%|█▊        | 13/74 [02:01<09:31,  9.36s/it]
[1A 20%|██        | 15/74 [02:21<09:15,  9.42s/it]
[1A 18%|█▊        | 13/74 [02:02<09:34,  9.42s/it]
[1A 18%|█▊        | 13/74 [02:01<09:25,  9.27s/it]
[1A 16%|█▌        | 12/74 [01:53<09:47,  9.48s/it]
[1A 18%|█▊        | 13/74 [02:01<09:30,  9.36s/it]
[1A 20%|██        | 15/74 [02:21<09:18,  9.46s/it]
[1A 18%|█▊        | 13/74 [02:02<09:34,  9.42s/it]
[1A 20%|██        | 15/74 [02:20<09:13,  9.38s/it]
[1A 14%|█▎        | 10/74 [01:34<10:02,  9.42s/it]
[1A 19%|█▉        | 14/74 [02:11<09:22,  9.37s/it]
[1A 22%|██▏       | 16/74 [02:30<09:06,  9.42s/it]
[1A 19%|█▉        | 14/74 [02:12<09:25,  9.43s/it]
[1A 19%|█▉        | 14/74 [02:11<09:16,  9.27s/it]
[1A 18%|█▊        | 13/74 [02:03<09:38,  9.49s/it]
[1A 19%|█▉        | 14/74 [02:11<09:21,  9.36s/it]
[1A 22%|██▏       | 16/74 [02:31<09:08,  9.46s/it]
[1A 19%|█▉        | 14/74 [02:11<09:25,  9.42s/it]
[1A 22%|██▏       | 16/74 [02:30<09:04,  9.39s/it]
[1A 15%|█▍        | 11/74 [01:43<09:53,  9.42s/it]
[1A 20%|██        | 15/74 [02:20<09:12,  9.37s/it]
[1A 23%|██▎       | 17/74 [02:40<08:57,  9.43s/it]
[1A 20%|██        | 15/74 [02:21<09:16,  9.43s/it]
[1A 20%|██        | 15/74 [02:20<09:06,  9.26s/it]
[1A 19%|█▉        | 14/74 [02:12<09:29,  9.49s/it]
[1A 20%|██        | 15/74 [02:20<09:12,  9.36s/it]
[1A 23%|██▎       | 17/74 [02:40<08:59,  9.46s/it]
[1A 20%|██        | 15/74 [02:21<09:16,  9.43s/it]
[1A 23%|██▎       | 17/74 [02:39<08:56,  9.41s/it]
[1A 16%|█▌        | 12/74 [01:53<09:44,  9.43s/it]
[1A 22%|██▏       | 16/74 [02:29<09:03,  9.37s/it]
[1A 24%|██▍       | 18/74 [02:49<08:47,  9.42s/it]
[1A 22%|██▏       | 16/74 [02:29<08:56,  9.25s/it]
[1A 22%|██▏       | 16/74 [02:30<09:06,  9.43s/it]
[1A 20%|██        | 15/74 [02:22<09:19,  9.48s/it]
[1A 22%|██▏       | 16/74 [02:29<09:03,  9.36s/it]
[1A 24%|██▍       | 18/74 [02:50<08:49,  9.45s/it]
[1A 22%|██▏       | 16/74 [02:30<09:06,  9.43s/it]
[1A 24%|██▍       | 18/74 [02:49<08:48,  9.43s/it]
[1A 18%|█▊        | 13/74 [02:02<09:36,  9.44s/it]
[1A 23%|██▎       | 17/74 [02:39<08:53,  9.37s/it]
[1A 26%|██▌       | 19/74 [02:58<08:38,  9.42s/it]
[1A 23%|██▎       | 17/74 [02:38<08:46,  9.24s/it]
[1A 23%|██▎       | 17/74 [02:40<08:56,  9.42s/it]
[1A 22%|██▏       | 16/74 [02:31<09:09,  9.48s/it]
[1A 23%|██▎       | 17/74 [02:39<08:53,  9.36s/it]
[1A 26%|██▌       | 19/74 [02:59<08:39,  9.45s/it]
[1A 23%|██▎       | 17/74 [02:40<08:57,  9.42s/it]
[1A 26%|██▌       | 19/74 [02:58<08:38,  9.44s/it]
[1A 19%|█▉        | 14/74 [02:12<09:27,  9.46s/it]
[1A 24%|██▍       | 18/74 [02:48<08:44,  9.36s/it]
[1A 27%|██▋       | 20/74 [03:08<08:28,  9.42s/it]                                               
{'loss': 1.9981, 'grad_norm': 0.4344506859779358, 'learning_rate': 0.00017301790727058345, 'epoch': 0.53}
[1A
[1A 27%|██▋       | 20/74 [03:08<08:28,  9.42s/it]
[1A 24%|██▍       | 18/74 [02:48<08:37,  9.24s/it]
[1A 24%|██▍       | 18/74 [02:49<08:47,  9.42s/it]
[1A 23%|██▎       | 17/74 [02:41<08:59,  9.47s/it]
[1A 24%|██▍       | 18/74 [02:48<08:44,  9.36s/it]
{'loss': 2.0111, 'grad_norm': 0.4570887088775635, 'learning_rate': 0.00017301790727058345, 'epoch': 0.53}
[1A 27%|██▋       | 20/74 [03:08<08:30,  9.45s/it]                                               
[1A
[1A 27%|██▋       | 20/74 [03:08<08:30,  9.45s/it]
[1A 24%|██▍       | 18/74 [02:49<08:47,  9.42s/it]
[1A 27%|██▋       | 20/74 [03:08<08:29,  9.43s/it]
[1A                                               
{'loss': 2.0233, 'grad_norm': 0.4402771294116974, 'learning_rate': 0.00017301790727058345, 'epoch': 0.53}
[1A
[1A 27%|██▋       | 20/74 [03:08<08:29,  9.43s/it]
[1A 26%|██▌       | 19/74 [02:58<08:34,  9.36s/it]
[1A 20%|██        | 15/74 [02:21<09:19,  9.48s/it]
[1A 28%|██▊       | 21/74 [03:17<08:19,  9.42s/it]
[1A 26%|██▌       | 19/74 [02:57<08:27,  9.24s/it]
[1A 26%|██▌       | 19/74 [02:59<08:37,  9.41s/it]
[1A 24%|██▍       | 18/74 [02:50<08:50,  9.47s/it]
[1A 26%|██▌       | 19/74 [02:57<08:34,  9.36s/it]
[1A 28%|██▊       | 21/74 [03:18<08:20,  9.45s/it]
[1A 26%|██▌       | 19/74 [02:59<08:37,  9.42s/it]
[1A 28%|██▊       | 21/74 [03:17<08:19,  9.42s/it]
[1A 27%|██▋       | 20/74 [03:07<08:25,  9.36s/it]                                               
{'loss': 1.9908, 'grad_norm': 0.5555557608604431, 'learning_rate': 0.00017301790727058345, 'epoch': 0.53}
[1A
[1A 27%|██▋       | 20/74 [03:07<08:25,  9.36s/it]
[1A 22%|██▏       | 16/74 [02:31<09:10,  9.49s/it]
[1A 27%|██▋       | 20/74 [03:06<08:18,  9.23s/it]
[1A                                               
{'loss': 2.0094, 'grad_norm': 0.42260119318962097, 'learning_rate': 0.00017301790727058345, 'epoch': 0.53}
[1A
[1A 27%|██▋       | 20/74 [03:06<08:18,  9.23s/it]
[1A 30%|██▉       | 22/74 [03:27<08:10,  9.42s/it]
[1A 27%|██▋       | 20/74 [03:08<08:28,  9.41s/it]                                               
{'loss': 2.0309, 'grad_norm': 0.4284718632698059, 'learning_rate': 0.00017301790727058345, 'epoch': 0.53}
[1A
[1A 27%|██▋       | 20/74 [03:08<08:28,  9.41s/it]
[1A 26%|██▌       | 19/74 [03:00<08:40,  9.47s/it]
[1A 27%|██▋       | 20/74 [03:07<08:25,  9.35s/it]
[1A                                               
{'loss': 2.0162, 'grad_norm': 0.4307430684566498, 'learning_rate': 0.00017301790727058345, 'epoch': 0.53}
[1A
[1A 27%|██▋       | 20/74 [03:07<08:25,  9.35s/it]
[1A 30%|██▉       | 22/74 [03:27<08:11,  9.45s/it]
[1A 27%|██▋       | 20/74 [03:08<08:28,  9.42s/it]                                               
{'loss': 1.9896, 'grad_norm': 0.42279672622680664, 'learning_rate': 0.00017301790727058345, 'epoch': 0.53}
[1A
[1A 27%|██▋       | 20/74 [03:08<08:28,  9.42s/it]
[1A 30%|██▉       | 22/74 [03:26<08:09,  9.41s/it]
[1A 28%|██▊       | 21/74 [03:16<08:16,  9.37s/it]
[1A 23%|██▎       | 17/74 [02:40<09:00,  9.48s/it]
[1A 28%|██▊       | 21/74 [03:15<08:09,  9.24s/it]
[1A 31%|███       | 23/74 [03:36<08:00,  9.42s/it]
[1A 28%|██▊       | 21/74 [03:17<08:19,  9.42s/it]
[1A 27%|██▋       | 20/74 [03:09<08:31,  9.47s/it]                                               
{'loss': 2.0071, 'grad_norm': 0.43515563011169434, 'learning_rate': 0.00017301790727058345, 'epoch': 0.53}
[1A
[1A 27%|██▋       | 20/74 [03:09<08:31,  9.47s/it]
[1A 28%|██▊       | 21/74 [03:16<08:15,  9.35s/it]
[1A 31%|███       | 23/74 [03:37<08:01,  9.44s/it]
[1A 28%|██▊       | 21/74 [03:17<08:19,  9.42s/it]
[1A 31%|███       | 23/74 [03:36<07:59,  9.40s/it]
[1A 30%|██▉       | 22/74 [03:26<08:06,  9.37s/it]
[1A 24%|██▍       | 18/74 [02:50<08:49,  9.46s/it]
[1A 30%|██▉       | 22/74 [03:24<08:00,  9.24s/it]
[1A 32%|███▏      | 24/74 [03:45<07:50,  9.41s/it]
[1A 30%|██▉       | 22/74 [03:27<08:09,  9.42s/it]
[1A 28%|██▊       | 21/74 [03:19<08:22,  9.48s/it]
[1A 30%|██▉       | 22/74 [03:26<08:06,  9.35s/it]
[1A 32%|███▏      | 24/74 [03:46<07:51,  9.44s/it]
[1A 30%|██▉       | 22/74 [03:27<08:09,  9.42s/it]
[1A 32%|███▏      | 24/74 [03:45<07:49,  9.39s/it]
[1A 31%|███       | 23/74 [03:35<07:57,  9.36s/it]
[1A 26%|██▌       | 19/74 [02:59<08:39,  9.44s/it]
[1A 31%|███       | 23/74 [03:34<07:51,  9.25s/it]
[1A 34%|███▍      | 25/74 [03:55<07:41,  9.41s/it]
[1A 31%|███       | 23/74 [03:36<08:00,  9.42s/it]
[1A 30%|██▉       | 22/74 [03:28<08:12,  9.48s/it]
[1A 31%|███       | 23/74 [03:35<07:56,  9.35s/it]
[1A 34%|███▍      | 25/74 [03:56<07:42,  9.44s/it]
[1A 31%|███       | 23/74 [03:36<08:00,  9.42s/it]
[1A 34%|███▍      | 25/74 [03:54<07:40,  9.39s/it]
[1A 32%|███▏      | 24/74 [03:44<07:48,  9.36s/it]
[1A 27%|██▋       | 20/74 [03:09<08:29,  9.44s/it]
[1A                                               
{'loss': 1.9963, 'grad_norm': 0.43098533153533936, 'learning_rate': 0.00017301790727058345, 'epoch': 0.53}
[1A
[1A 27%|██▋       | 20/74 [03:09<08:29,  9.44s/it]
[1A 32%|███▏      | 24/74 [03:43<07:42,  9.26s/it]
[1A 35%|███▌      | 26/74 [04:04<07:31,  9.41s/it]
[1A 32%|███▏      | 24/74 [03:46<07:50,  9.42s/it]
[1A 31%|███       | 23/74 [03:38<08:03,  9.48s/it]
[1A 32%|███▏      | 24/74 [03:44<07:47,  9.35s/it]
[1A 35%|███▌      | 26/74 [04:05<07:32,  9.44s/it]
[1A 32%|███▏      | 24/74 [03:46<07:50,  9.42s/it]
[1A 35%|███▌      | 26/74 [04:04<07:30,  9.39s/it]
[1A 34%|███▍      | 25/74 [03:54<07:38,  9.37s/it]
[1A 28%|██▊       | 21/74 [03:18<08:19,  9.43s/it]
[1A 34%|███▍      | 25/74 [03:52<07:34,  9.27s/it]
[1A 36%|███▋      | 27/74 [04:14<07:22,  9.41s/it]
[1A 34%|███▍      | 25/74 [03:55<07:41,  9.42s/it]
[1A 32%|███▏      | 24/74 [03:47<07:54,  9.48s/it]
[1A 34%|███▍      | 25/74 [03:54<07:38,  9.35s/it]
[1A 36%|███▋      | 27/74 [04:15<07:23,  9.44s/it]
[1A 34%|███▍      | 25/74 [03:55<07:41,  9.42s/it]
[1A 36%|███▋      | 27/74 [04:13<07:21,  9.40s/it]
[1A 35%|███▌      | 26/74 [04:03<07:29,  9.36s/it]
[1A 35%|███▌      | 26/74 [04:02<07:24,  9.27s/it]
[1A 30%|██▉       | 22/74 [03:27<08:10,  9.44s/it]
[1A 38%|███▊      | 28/74 [04:23<07:12,  9.40s/it]
[1A 35%|███▌      | 26/74 [04:05<07:32,  9.42s/it]
[1A 34%|███▍      | 25/74 [03:57<07:44,  9.48s/it]
[1A 35%|███▌      | 26/74 [04:03<07:28,  9.35s/it]
[1A 38%|███▊      | 28/74 [04:24<07:14,  9.44s/it]
[1A 35%|███▌      | 26/74 [04:04<07:32,  9.42s/it]
[1A 38%|███▊      | 28/74 [04:23<07:12,  9.41s/it]
[1A 36%|███▋      | 27/74 [04:12<07:20,  9.36s/it]
[1A 36%|███▋      | 27/74 [04:11<07:16,  9.28s/it]
[1A 31%|███       | 23/74 [03:37<08:01,  9.44s/it]
[1A 39%|███▉      | 29/74 [04:32<07:02,  9.39s/it]
[1A 36%|███▋      | 27/74 [04:14<07:22,  9.42s/it]
[1A 35%|███▌      | 26/74 [04:06<07:35,  9.48s/it]
[1A 36%|███▋      | 27/74 [04:12<07:19,  9.35s/it]
[1A 39%|███▉      | 29/74 [04:33<07:04,  9.44s/it]
[1A 36%|███▋      | 27/74 [04:14<07:22,  9.42s/it]
[1A 39%|███▉      | 29/74 [04:32<07:07,  9.49s/it]
[1A 38%|███▊      | 28/74 [04:22<07:10,  9.37s/it]
[1A 38%|███▊      | 28/74 [04:20<07:07,  9.29s/it]
[1A 32%|███▏      | 24/74 [03:46<07:52,  9.45s/it]
[1A 41%|████      | 30/74 [04:42<06:53,  9.39s/it]
[1A 38%|███▊      | 28/74 [04:23<07:13,  9.41s/it]
[1A 36%|███▋      | 27/74 [04:15<07:25,  9.48s/it]
[1A 38%|███▊      | 28/74 [04:22<07:10,  9.35s/it]
[1A 38%|███▊      | 28/74 [04:23<07:13,  9.42s/it]
[1A 41%|████      | 30/74 [04:43<06:55,  9.44s/it]
[1A 41%|████      | 30/74 [04:42<06:57,  9.48s/it]
[1A 39%|███▉      | 29/74 [04:31<07:04,  9.43s/it]
[1A 39%|███▉      | 29/74 [04:30<07:03,  9.42s/it]
[1A 34%|███▍      | 25/74 [03:56<07:43,  9.46s/it]
[1A 42%|████▏     | 31/74 [04:51<06:43,  9.39s/it]
[1A 39%|███▉      | 29/74 [04:33<07:06,  9.47s/it]
[1A 38%|███▊      | 28/74 [04:25<07:16,  9.48s/it]
[1A 39%|███▉      | 29/74 [04:31<07:03,  9.42s/it]
[1A 42%|████▏     | 31/74 [04:52<06:45,  9.44s/it]
[1A 39%|███▉      | 29/74 [04:33<07:06,  9.48s/it]
[1A 42%|████▏     | 31/74 [04:51<06:47,  9.48s/it]
[1A 41%|████      | 30/74 [04:41<06:53,  9.41s/it]
[1A 41%|████      | 30/74 [04:39<06:53,  9.41s/it]
[1A 35%|███▌      | 26/74 [04:05<07:33,  9.46s/it]
[1A 43%|████▎     | 32/74 [05:01<06:34,  9.39s/it]
[1A 41%|████      | 30/74 [04:42<06:56,  9.47s/it]
[1A 39%|███▉      | 29/74 [04:35<07:09,  9.54s/it]
[1A 41%|████      | 30/74 [04:41<06:53,  9.40s/it]
[1A 43%|████▎     | 32/74 [05:02<06:36,  9.44s/it]
[1A 41%|████      | 30/74 [04:42<06:56,  9.46s/it]
[1A 43%|████▎     | 32/74 [05:01<06:37,  9.47s/it]
[1A 42%|████▏     | 31/74 [04:50<06:44,  9.40s/it]
[1A 42%|████▏     | 31/74 [04:49<06:44,  9.40s/it]
[1A 36%|███▋      | 27/74 [04:15<07:25,  9.48s/it]
[1A 45%|████▍     | 33/74 [05:10<06:25,  9.39s/it]
[1A 42%|████▏     | 31/74 [04:52<06:46,  9.45s/it]
[1A 41%|████      | 30/74 [04:44<06:59,  9.52s/it]
[1A 42%|████▏     | 31/74 [04:50<06:43,  9.39s/it]
[1A 45%|████▍     | 33/74 [05:11<06:26,  9.44s/it]
[1A 42%|████▏     | 31/74 [04:52<06:46,  9.45s/it]
[1A 45%|████▍     | 33/74 [05:10<06:27,  9.46s/it]
[1A 43%|████▎     | 32/74 [04:59<06:34,  9.39s/it]
[1A 43%|████▎     | 32/74 [04:58<06:34,  9.40s/it]
[1A 38%|███▊      | 28/74 [04:24<07:16,  9.49s/it]
[1A 46%|████▌     | 34/74 [05:19<06:15,  9.39s/it]
[1A 43%|████▎     | 32/74 [05:01<06:36,  9.45s/it]
[1A 42%|████▏     | 31/74 [04:54<06:48,  9.51s/it]
[1A 43%|████▎     | 32/74 [04:59<06:33,  9.38s/it]
[1A 46%|████▌     | 34/74 [05:21<06:17,  9.44s/it]
[1A 43%|████▎     | 32/74 [05:01<06:36,  9.44s/it]
[1A 46%|████▌     | 34/74 [05:20<06:18,  9.46s/it]
[1A 45%|████▍     | 33/74 [05:09<06:24,  9.38s/it]
[1A 45%|████▍     | 33/74 [05:08<06:25,  9.41s/it]
[1A 39%|███▉      | 29/74 [04:34<07:09,  9.54s/it]
[1A 47%|████▋     | 35/74 [05:29<06:06,  9.40s/it]
[1A 45%|████▍     | 33/74 [05:11<06:27,  9.44s/it]
[1A 43%|████▎     | 32/74 [05:03<06:39,  9.50s/it]
[1A 45%|████▍     | 33/74 [05:09<06:24,  9.37s/it]
[1A 47%|████▋     | 35/74 [05:30<06:07,  9.43s/it]
[1A 45%|████▍     | 33/74 [05:11<06:26,  9.43s/it]
[1A 47%|████▋     | 35/74 [05:29<06:09,  9.46s/it]
[1A 46%|████▌     | 34/74 [05:18<06:14,  9.37s/it]
[1A 46%|████▌     | 34/74 [05:17<06:16,  9.42s/it]
[1A 41%|████      | 30/74 [04:43<06:58,  9.51s/it]
[1A 49%|████▊     | 36/74 [05:38<05:57,  9.40s/it]
[1A 46%|████▌     | 34/74 [05:20<06:17,  9.44s/it]
[1A 45%|████▍     | 33/74 [05:13<06:29,  9.50s/it]
[1A 46%|████▌     | 34/74 [05:18<06:14,  9.37s/it]
[1A 49%|████▊     | 36/74 [05:39<05:58,  9.44s/it]
[1A 46%|████▌     | 34/74 [05:20<06:16,  9.42s/it]
[1A 49%|████▊     | 36/74 [05:39<05:59,  9.45s/it]
[1A 47%|████▋     | 35/74 [05:28<06:05,  9.37s/it]
[1A 47%|████▋     | 35/74 [05:26<06:08,  9.44s/it]
[1A 50%|█████     | 37/74 [05:48<05:48,  9.41s/it]
[1A 42%|████▏     | 31/74 [04:53<06:48,  9.50s/it]
[1A 47%|████▋     | 35/74 [05:30<06:07,  9.43s/it]
[1A 46%|████▌     | 34/74 [05:22<06:19,  9.49s/it]
[1A 47%|████▋     | 35/74 [05:27<06:05,  9.36s/it]
[1A 51%|█████▏    | 38/74 [05:52<04:48,  8.00s/it]
[1A 50%|█████     | 37/74 [05:49<05:49,  9.43s/it]
[1A 47%|████▋     | 35/74 [05:29<06:07,  9.42s/it]
[1A 50%|█████     | 37/74 [05:48<05:48,  9.43s/it]
[1A 49%|████▊     | 36/74 [05:37<05:56,  9.39s/it]
[1A 49%|████▊     | 36/74 [05:36<05:59,  9.45s/it]
[1A 43%|████▎     | 32/74 [05:02<06:38,  9.48s/it]
[1A 51%|█████▏    | 38/74 [05:54<04:48,  8.02s/it]
[1A 49%|████▊     | 36/74 [05:39<05:58,  9.43s/it]
[1A 51%|█████▏    | 38/74 [05:53<04:48,  8.01s/it]
[1A 47%|████▋     | 35/74 [05:32<06:10,  9.49s/it]
[1A 49%|████▊     | 36/74 [05:37<05:55,  9.36s/it]
[1A 53%|█████▎    | 39/74 [06:02<04:54,  8.43s/it]
[1A 49%|████▊     | 36/74 [05:39<05:57,  9.42s/it]
[1A 50%|█████     | 37/74 [05:46<05:47,  9.39s/it]
[1A 50%|█████     | 37/74 [05:45<05:49,  9.45s/it]
[1A 45%|████▍     | 33/74 [05:12<06:28,  9.48s/it]
[1A 53%|█████▎    | 39/74 [06:03<04:56,  8.46s/it]
[1A 50%|█████     | 37/74 [05:48<05:48,  9.43s/it]
[1A 53%|█████▎    | 39/74 [06:02<04:54,  8.41s/it]
[1A 51%|█████▏    | 38/74 [05:51<04:47,  7.99s/it]
[1A 49%|████▊     | 36/74 [05:41<06:00,  9.49s/it]
[1A 50%|█████     | 37/74 [05:46<05:46,  9.36s/it]
[1A 51%|█████▏    | 38/74 [05:50<04:49,  8.04s/it]
[1A 54%|█████▍    | 40/74 [06:11<04:56,  8.73s/it]                                               
{'loss': 1.5657, 'grad_norm': 0.46748992800712585, 'learning_rate': 9.336770435648964e-05, 'epoch': 1.05}
[1A
[1A 54%|█████▍    | 40/74 [06:11<04:56,  8.73s/it]
[1A 50%|█████     | 37/74 [05:48<05:48,  9.42s/it]
[1A 51%|█████▏    | 38/74 [05:53<04:48,  8.02s/it]
[1A 51%|█████▏    | 38/74 [05:51<04:46,  7.96s/it]
[1A 46%|████▌     | 34/74 [05:21<06:19,  9.49s/it]
[1A 51%|█████▏    | 38/74 [05:53<04:48,  8.01s/it]
[1A 54%|█████▍    | 40/74 [06:13<04:57,  8.75s/it]                                               
{'loss': 1.5946, 'grad_norm': 0.47506004571914673, 'learning_rate': 9.336770435648964e-05, 'epoch': 1.05}
[1A
[1A 54%|█████▍    | 40/74 [06:13<04:57,  8.75s/it]
[1A 54%|█████▍    | 40/74 [06:11<04:55,  8.69s/it]
[1A                                               
[1A
{'loss': 1.5375, 'grad_norm': 0.4700024425983429, 'learning_rate': 9.336770435648964e-05, 'epoch': 1.05}
[1A 54%|█████▍    | 40/74 [06:11<04:55,  8.69s/it]
[1A 53%|█████▎    | 39/74 [06:00<04:54,  8.40s/it]
[1A 50%|█████     | 37/74 [05:50<05:50,  9.48s/it]
[1A 53%|█████▎    | 39/74 [06:00<04:56,  8.46s/it]
[1A 55%|█████▌    | 41/74 [06:21<04:54,  8.93s/it]
[1A 53%|█████▎    | 39/74 [06:03<04:55,  8.44s/it]
[1A 51%|█████▏    | 38/74 [05:55<04:50,  8.07s/it]
[1A 53%|█████▎    | 39/74 [06:00<04:53,  8.38s/it]
[1A 47%|████▋     | 35/74 [05:31<06:10,  9.49s/it]
[1A 53%|█████▎    | 39/74 [06:02<04:55,  8.43s/it]
[1A 55%|█████▌    | 41/74 [06:22<04:55,  8.96s/it]
[1A 55%|█████▌    | 41/74 [06:21<04:53,  8.88s/it]
[1A 54%|█████▍    | 40/74 [06:10<04:55,  8.69s/it]                                               
{'loss': 1.4833, 'grad_norm': 0.4473664164543152, 'learning_rate': 9.336770435648964e-05, 'epoch': 1.05}
[1A
[1A 54%|█████▍    | 40/74 [06:10<04:55,  8.69s/it]
[1A 54%|█████▍    | 40/74 [06:09<04:58,  8.77s/it]
[1A                                               
{'loss': 1.4956, 'grad_norm': 0.4685806632041931, 'learning_rate': 9.336770435648964e-05, 'epoch': 1.05}
[1A
[1A 54%|█████▍    | 40/74 [06:09<04:58,  8.77s/it]
[1A 57%|█████▋    | 42/74 [06:30<04:50,  9.08s/it]
[1A 54%|█████▍    | 40/74 [06:12<04:57,  8.74s/it]
[1A                                               
{'loss': 1.5003, 'grad_norm': 0.4520505964756012, 'learning_rate': 9.336770435648964e-05, 'epoch': 1.05}
[1A
[1A 54%|█████▍    | 40/74 [06:12<04:57,  8.74s/it]
[1A 54%|█████▍    | 40/74 [06:09<04:54,  8.67s/it]
[1A 53%|█████▎    | 39/74 [06:05<04:57,  8.49s/it]                                               
{'loss': 1.5061, 'grad_norm': 0.4540809690952301, 'learning_rate': 9.336770435648964e-05, 'epoch': 1.05}
[1A
[1A 54%|█████▍    | 40/74 [06:09<04:54,  8.67s/it]
[1A 49%|████▊     | 36/74 [05:40<06:01,  9.50s/it]
[1A 54%|█████▍    | 40/74 [06:12<04:56,  8.72s/it]                                               
{'loss': 1.4891, 'grad_norm': 0.45192283391952515, 'learning_rate': 9.336770435648964e-05, 'epoch': 1.05}
[1A
[1A 54%|█████▍    | 40/74 [06:12<04:56,  8.72s/it]
[1A 57%|█████▋    | 42/74 [06:31<04:51,  9.10s/it]
[1A 57%|█████▋    | 42/74 [06:30<04:48,  9.02s/it]
[1A 55%|█████▌    | 41/74 [06:19<04:53,  8.89s/it]
[1A 55%|█████▌    | 41/74 [06:19<04:56,  8.98s/it]
[1A 58%|█████▊    | 43/74 [06:39<04:44,  9.18s/it]
[1A 55%|█████▌    | 41/74 [06:21<04:55,  8.94s/it]
[1A 55%|█████▌    | 41/74 [06:19<04:52,  8.87s/it]
[1A 54%|█████▍    | 40/74 [06:14<04:58,  8.79s/it]                                               
{'loss': 1.4997, 'grad_norm': 0.47171270847320557, 'learning_rate': 9.336770435648964e-05, 'epoch': 1.05}
[1A
[1A 54%|█████▍    | 40/74 [06:14<04:58,  8.79s/it]
[1A 50%|█████     | 37/74 [05:50<05:52,  9.52s/it]
[1A 55%|█████▌    | 41/74 [06:21<04:54,  8.93s/it]
[1A 58%|█████▊    | 43/74 [06:41<04:45,  9.20s/it]
[1A 58%|█████▊    | 43/74 [06:39<04:42,  9.11s/it]
[1A 57%|█████▋    | 42/74 [06:29<04:49,  9.03s/it]
[1A 57%|█████▋    | 42/74 [06:28<04:52,  9.13s/it]
[1A 59%|█████▉    | 44/74 [06:49<04:37,  9.26s/it]
[1A 51%|█████▏    | 38/74 [05:55<04:51,  8.09s/it]
[1A 57%|█████▋    | 42/74 [06:31<04:50,  9.08s/it]
[1A 57%|█████▋    | 42/74 [06:28<04:48,  9.02s/it]
[1A 55%|█████▌    | 41/74 [06:24<04:57,  9.00s/it]
[1A 57%|█████▋    | 42/74 [06:31<04:50,  9.08s/it]
[1A 59%|█████▉    | 44/74 [06:50<04:37,  9.27s/it]
[1A 59%|█████▉    | 44/74 [06:49<04:35,  9.18s/it]
[1A 58%|█████▊    | 43/74 [06:38<04:43,  9.13s/it]
[1A 58%|█████▊    | 43/74 [06:37<04:46,  9.23s/it]
[1A 61%|██████    | 45/74 [06:58<04:29,  9.31s/it]
[1A 53%|█████▎    | 39/74 [06:04<04:57,  8.51s/it]
[1A 58%|█████▊    | 43/74 [06:40<04:44,  9.18s/it]
[1A 58%|█████▊    | 43/74 [06:38<04:42,  9.12s/it]
[1A 57%|█████▋    | 42/74 [06:33<04:52,  9.15s/it]
[1A 58%|█████▊    | 43/74 [06:40<04:44,  9.18s/it]
[1A 61%|██████    | 45/74 [07:00<04:30,  9.31s/it]
[1A 61%|██████    | 45/74 [06:58<04:27,  9.23s/it]
[1A 59%|█████▉    | 44/74 [06:47<04:36,  9.20s/it]
[1A 59%|█████▉    | 44/74 [06:47<04:39,  9.30s/it]
[1A 62%|██████▏   | 46/74 [07:08<04:21,  9.34s/it]
[1A 54%|█████▍    | 40/74 [06:14<04:59,  8.80s/it]
[1A                                               
{'loss': 1.4998, 'grad_norm': 0.45831218361854553, 'learning_rate': 9.336770435648964e-05, 'epoch': 1.05}
[1A
[1A 54%|█████▍    | 40/74 [06:14<04:59,  8.80s/it]
[1A 59%|█████▉    | 44/74 [06:50<04:37,  9.25s/it]
[1A 59%|█████▉    | 44/74 [06:47<04:35,  9.19s/it]
[1A 58%|█████▊    | 43/74 [06:43<04:46,  9.25s/it]
[1A 59%|█████▉    | 44/74 [06:49<04:37,  9.25s/it]
[1A 62%|██████▏   | 46/74 [07:09<04:21,  9.34s/it]
[1A 62%|██████▏   | 46/74 [07:07<04:19,  9.27s/it]
[1A 61%|██████    | 45/74 [06:57<04:28,  9.25s/it]
[1A 61%|██████    | 45/74 [06:56<04:31,  9.34s/it]
[1A 64%|██████▎   | 47/74 [07:17<04:12,  9.37s/it]
[1A 55%|█████▌    | 41/74 [06:23<04:57,  9.00s/it]
[1A 61%|██████    | 45/74 [06:59<04:29,  9.30s/it]
[1A 61%|██████    | 45/74 [06:56<04:27,  9.24s/it]
[1A 59%|█████▉    | 44/74 [06:52<04:39,  9.32s/it]
[1A 61%|██████    | 45/74 [06:59<04:29,  9.30s/it]
[1A 64%|██████▎   | 47/74 [07:18<04:12,  9.37s/it]
[1A 64%|██████▎   | 47/74 [07:17<04:11,  9.30s/it]
[1A 62%|██████▏   | 46/74 [07:06<04:19,  9.28s/it]
[1A 62%|██████▏   | 46/74 [07:06<04:22,  9.38s/it]
[1A 65%|██████▍   | 48/74 [07:27<04:04,  9.39s/it]
[1A 57%|█████▋    | 42/74 [06:32<04:51,  9.12s/it]
[1A 62%|██████▏   | 46/74 [07:09<04:21,  9.33s/it]
[1A 62%|██████▏   | 46/74 [07:06<04:19,  9.27s/it]
[1A 61%|██████    | 45/74 [07:02<04:31,  9.37s/it]
[1A 62%|██████▏   | 46/74 [07:08<04:21,  9.33s/it]
[1A 65%|██████▍   | 48/74 [07:28<04:03,  9.38s/it]
[1A 65%|██████▍   | 48/74 [07:26<04:02,  9.33s/it]
[1A 64%|██████▎   | 47/74 [07:15<04:11,  9.31s/it]
[1A 64%|██████▎   | 47/74 [07:15<04:13,  9.40s/it]
[1A 66%|██████▌   | 49/74 [07:36<03:54,  9.40s/it]
[1A 58%|█████▊    | 43/74 [06:42<04:45,  9.20s/it]
[1A 64%|██████▎   | 47/74 [07:18<04:12,  9.36s/it]
[1A 64%|██████▎   | 47/74 [07:15<04:10,  9.29s/it]
[1A 62%|██████▏   | 46/74 [07:11<04:23,  9.40s/it]
[1A 64%|██████▎   | 47/74 [07:18<04:12,  9.36s/it]
[1A 66%|██████▌   | 49/74 [07:37<03:54,  9.40s/it]
[1A 66%|██████▌   | 49/74 [07:36<03:53,  9.35s/it]
[1A 65%|██████▍   | 48/74 [07:25<04:02,  9.33s/it]
[1A 65%|██████▍   | 48/74 [07:25<04:04,  9.42s/it]
[1A 68%|██████▊   | 50/74 [07:45<03:45,  9.40s/it]
[1A 59%|█████▉    | 44/74 [06:51<04:38,  9.27s/it]
[1A 65%|██████▍   | 48/74 [07:27<04:03,  9.38s/it]
[1A 65%|██████▍   | 48/74 [07:24<04:02,  9.31s/it]
[1A 64%|██████▎   | 47/74 [07:21<04:14,  9.43s/it]
[1A 65%|██████▍   | 48/74 [07:27<04:03,  9.38s/it]
[1A 68%|██████▊   | 50/74 [07:47<03:45,  9.40s/it]
[1A 68%|██████▊   | 50/74 [07:45<03:44,  9.37s/it]
[1A 66%|██████▌   | 49/74 [07:34<03:53,  9.34s/it]
[1A 66%|██████▌   | 49/74 [07:34<03:55,  9.42s/it]
[1A 69%|██████▉   | 51/74 [07:55<03:36,  9.40s/it]
[1A 61%|██████    | 45/74 [07:01<04:30,  9.32s/it]
[1A 66%|██████▌   | 49/74 [07:37<03:54,  9.39s/it]
[1A 66%|██████▌   | 49/74 [07:34<03:53,  9.32s/it]
[1A 65%|██████▍   | 48/74 [07:30<04:05,  9.45s/it]
[1A 66%|██████▌   | 49/74 [07:36<03:54,  9.39s/it]
[1A 69%|██████▉   | 51/74 [07:56<03:36,  9.41s/it]
[1A 69%|██████▉   | 51/74 [07:54<03:36,  9.39s/it]
[1A 68%|██████▊   | 50/74 [07:44<03:44,  9.35s/it]
[1A 68%|██████▊   | 50/74 [07:44<03:46,  9.43s/it]
[1A 70%|███████   | 52/74 [08:04<03:26,  9.40s/it]
[1A 62%|██████▏   | 46/74 [07:10<04:21,  9.36s/it]
[1A 68%|██████▊   | 50/74 [07:46<03:45,  9.40s/it]
[1A 68%|██████▊   | 50/74 [07:43<03:43,  9.33s/it]
[1A 66%|██████▌   | 49/74 [07:40<03:56,  9.46s/it]
[1A 68%|██████▊   | 50/74 [07:46<03:45,  9.40s/it]
[1A 70%|███████   | 52/74 [08:06<03:27,  9.41s/it]
[1A 70%|███████   | 52/74 [08:04<03:26,  9.41s/it]
[1A 69%|██████▉   | 51/74 [07:53<03:35,  9.36s/it]
[1A 72%|███████▏  | 53/74 [08:14<03:17,  9.40s/it]
[1A 69%|██████▉   | 51/74 [07:53<03:37,  9.44s/it]
[1A 64%|██████▎   | 47/74 [07:20<04:13,  9.40s/it]
[1A 69%|██████▉   | 51/74 [07:56<03:36,  9.41s/it]
[1A 69%|██████▉   | 51/74 [07:52<03:34,  9.34s/it]
[1A 68%|██████▊   | 50/74 [07:49<03:47,  9.47s/it]
[1A 69%|██████▉   | 51/74 [07:55<03:36,  9.40s/it]
[1A 72%|███████▏  | 53/74 [08:15<03:17,  9.42s/it]
[1A 72%|███████▏  | 53/74 [08:13<03:17,  9.41s/it]
[1A 70%|███████   | 52/74 [08:02<03:25,  9.36s/it]
[1A 73%|███████▎  | 54/74 [08:23<03:08,  9.40s/it]
[1A 70%|███████   | 52/74 [08:03<03:27,  9.45s/it]
[1A 65%|██████▍   | 48/74 [07:29<04:05,  9.43s/it]
[1A 70%|███████   | 52/74 [08:05<03:27,  9.41s/it]
[1A 70%|███████   | 52/74 [08:02<03:25,  9.34s/it]
[1A 69%|██████▉   | 51/74 [07:59<03:37,  9.47s/it]
[1A 70%|███████   | 52/74 [08:05<03:26,  9.41s/it]
[1A 73%|███████▎  | 54/74 [08:24<03:08,  9.42s/it]
[1A 73%|███████▎  | 54/74 [08:23<03:08,  9.42s/it]
[1A 72%|███████▏  | 53/74 [08:12<03:16,  9.36s/it]
[1A 74%|███████▍  | 55/74 [08:32<02:58,  9.40s/it]
[1A 72%|███████▏  | 53/74 [08:12<03:18,  9.46s/it]
[1A 66%|██████▌   | 49/74 [07:39<03:56,  9.47s/it]
[1A 72%|███████▏  | 53/74 [08:14<03:17,  9.42s/it]
[1A 72%|███████▏  | 53/74 [08:11<03:16,  9.34s/it]
[1A 70%|███████   | 52/74 [08:08<03:28,  9.48s/it]
[1A 72%|███████▏  | 53/74 [08:14<03:17,  9.41s/it]
[1A 74%|███████▍  | 55/74 [08:34<02:58,  9.42s/it]
[1A 74%|███████▍  | 55/74 [08:32<02:59,  9.42s/it]
[1A 73%|███████▎  | 54/74 [08:21<03:07,  9.36s/it]
[1A 76%|███████▌  | 56/74 [08:42<02:49,  9.41s/it]
[1A 73%|███████▎  | 54/74 [08:21<03:09,  9.45s/it]
[1A 68%|██████▊   | 50/74 [07:48<03:47,  9.48s/it]
[1A 73%|███████▎  | 54/74 [08:24<03:08,  9.42s/it]
[1A 73%|███████▎  | 54/74 [08:20<03:06,  9.35s/it]
[1A 72%|███████▏  | 53/74 [08:18<03:19,  9.48s/it]
[1A 73%|███████▎  | 54/74 [08:24<03:08,  9.41s/it]
[1A 76%|███████▌  | 56/74 [08:43<02:49,  9.42s/it]
[1A 76%|███████▌  | 56/74 [08:42<02:49,  9.43s/it]
[1A 74%|███████▍  | 55/74 [08:30<02:57,  9.36s/it]
[1A 77%|███████▋  | 57/74 [08:51<02:39,  9.41s/it]
[1A 74%|███████▍  | 55/74 [08:31<02:59,  9.46s/it]
[1A 69%|██████▉   | 51/74 [07:58<03:37,  9.47s/it]
[1A 74%|███████▍  | 55/74 [08:33<02:58,  9.42s/it]
[1A 74%|███████▍  | 55/74 [08:30<02:57,  9.35s/it]
[1A 73%|███████▎  | 54/74 [08:27<03:09,  9.48s/it]
[1A 74%|███████▍  | 55/74 [08:33<02:58,  9.41s/it]
[1A 77%|███████▋  | 57/74 [08:53<02:40,  9.42s/it]
[1A 77%|███████▋  | 57/74 [08:51<02:40,  9.44s/it]
[1A 76%|███████▌  | 56/74 [08:40<02:48,  9.36s/it]
[1A 78%|███████▊  | 58/74 [09:01<02:30,  9.41s/it]
[1A 76%|███████▌  | 56/74 [08:40<02:50,  9.47s/it]
[1A 70%|███████   | 52/74 [08:07<03:28,  9.46s/it]
[1A 76%|███████▌  | 56/74 [08:43<02:49,  9.42s/it]
[1A 76%|███████▌  | 56/74 [08:39<02:48,  9.35s/it]
[1A 74%|███████▍  | 55/74 [08:36<03:00,  9.48s/it]
[1A 76%|███████▌  | 56/74 [08:42<02:49,  9.41s/it]
[1A 78%|███████▊  | 58/74 [09:02<02:30,  9.42s/it]
[1A 78%|███████▊  | 58/74 [09:00<02:30,  9.44s/it]
[1A 77%|███████▋  | 57/74 [08:49<02:39,  9.36s/it]
[1A 80%|███████▉  | 59/74 [09:10<02:21,  9.42s/it]
[1A 77%|███████▋  | 57/74 [08:50<02:40,  9.46s/it]
[1A 72%|███████▏  | 53/74 [08:17<03:18,  9.46s/it]
[1A 77%|███████▋  | 57/74 [08:52<02:40,  9.42s/it]
[1A 77%|███████▋  | 57/74 [08:48<02:38,  9.35s/it]
[1A 76%|███████▌  | 56/74 [08:46<02:50,  9.48s/it]
[1A 77%|███████▋  | 57/74 [08:52<02:40,  9.42s/it]
[1A 80%|███████▉  | 59/74 [09:12<02:21,  9.42s/it]
[1A 80%|███████▉  | 59/74 [09:10<02:21,  9.44s/it]
[1A 78%|███████▊  | 58/74 [08:58<02:29,  9.36s/it]
[1A 81%|████████  | 60/74 [09:20<02:11,  9.41s/it]                                               
{'loss': 1.3766, 'grad_norm': 0.4731837511062622, 'learning_rate': 1.858131132964259e-05, 'epoch': 1.59}
[1A
[1A 81%|████████  | 60/74 [09:20<02:11,  9.41s/it]
[1A 78%|███████▊  | 58/74 [08:59<02:31,  9.46s/it]
[1A 73%|███████▎  | 54/74 [08:26<03:09,  9.46s/it]
[1A 78%|███████▊  | 58/74 [09:02<02:30,  9.43s/it]
[1A 78%|███████▊  | 58/74 [08:58<02:29,  9.35s/it]
[1A 77%|███████▋  | 57/74 [08:55<02:41,  9.48s/it]
[1A 78%|███████▊  | 58/74 [09:01<02:30,  9.42s/it]
[1A 81%|████████  | 60/74 [09:21<02:11,  9.42s/it]                                               
{'loss': 1.3979, 'grad_norm': 0.5021064877510071, 'learning_rate': 1.858131132964259e-05, 'epoch': 1.59}
[1A
[1A 81%|████████  | 60/74 [09:21<02:11,  9.42s/it]
[1A 80%|███████▉  | 59/74 [09:08<02:20,  9.36s/it]
[1A 81%|████████  | 60/74 [09:20<02:13,  9.50s/it]
[1A                                               
{'loss': 1.3436, 'grad_norm': 0.5033392310142517, 'learning_rate': 1.858131132964259e-05, 'epoch': 1.59}
[1A
[1A 81%|████████  | 60/74 [09:20<02:13,  9.50s/it]
[1A 82%|████████▏ | 61/74 [09:29<02:02,  9.39s/it]
[1A 80%|███████▉  | 59/74 [09:09<02:21,  9.45s/it]
[1A 74%|███████▍  | 55/74 [08:36<02:59,  9.46s/it]
[1A 80%|███████▉  | 59/74 [09:11<02:21,  9.43s/it]
[1A 80%|███████▉  | 59/74 [09:07<02:20,  9.35s/it]
[1A 78%|███████▊  | 58/74 [09:05<02:31,  9.48s/it]
[1A 80%|███████▉  | 59/74 [09:11<02:21,  9.42s/it]
[1A 82%|████████▏ | 61/74 [09:30<02:02,  9.42s/it]
[1A 82%|████████▏ | 61/74 [09:29<02:03,  9.48s/it]
[1A 81%|████████  | 60/74 [09:17<02:11,  9.42s/it]
[1A                                               
{'loss': 1.3035, 'grad_norm': 0.49445584416389465, 'learning_rate': 1.858131132964259e-05, 'epoch': 1.59}
[1A
[1A 81%|████████  | 60/74 [09:17<02:11,  9.42s/it]
[1A 84%|████████▍ | 62/74 [09:38<01:52,  9.38s/it]
[1A 81%|████████  | 60/74 [09:18<02:13,  9.52s/it]
[1A                                               
{'loss': 1.3116, 'grad_norm': 0.5068641901016235, 'learning_rate': 1.858131132964259e-05, 'epoch': 1.59}
[1A
[1A 81%|████████  | 60/74 [09:18<02:13,  9.52s/it]
[1A 76%|███████▌  | 56/74 [08:45<02:50,  9.47s/it]
[1A 81%|████████  | 60/74 [09:21<02:12,  9.49s/it]                                               
{'loss': 1.3213, 'grad_norm': 0.4935196340084076, 'learning_rate': 1.858131132964259e-05, 'epoch': 1.59}
[1A
[1A 81%|████████  | 60/74 [09:21<02:12,  9.49s/it]
[1A 81%|████████  | 60/74 [09:17<02:11,  9.41s/it]                                               
{'loss': 1.3218, 'grad_norm': 0.4995114207267761, 'learning_rate': 1.858131132964259e-05, 'epoch': 1.59}
[1A
[1A 81%|████████  | 60/74 [09:17<02:11,  9.41s/it]
[1A 80%|███████▉  | 59/74 [09:14<02:22,  9.48s/it]
[1A 81%|████████  | 60/74 [09:20<02:12,  9.47s/it]
[1A 84%|████████▍ | 62/74 [09:40<01:53,  9.42s/it]                                               
{'loss': 1.3062, 'grad_norm': 0.4952026903629303, 'learning_rate': 1.858131132964259e-05, 'epoch': 1.59}
[1A
[1A 81%|████████  | 60/74 [09:20<02:12,  9.47s/it]
[1A 84%|████████▍ | 62/74 [09:38<01:53,  9.46s/it]
[1A 82%|████████▏ | 61/74 [09:27<02:02,  9.41s/it]
[1A 85%|████████▌ | 63/74 [09:48<01:43,  9.37s/it]
[1A 82%|████████▏ | 61/74 [09:28<02:03,  9.48s/it]
[1A 82%|████████▏ | 61/74 [09:30<02:03,  9.47s/it]
[1A 77%|███████▋  | 57/74 [08:55<02:42,  9.55s/it]
[1A 82%|████████▏ | 61/74 [09:26<02:02,  9.39s/it]
[1A 81%|████████  | 60/74 [09:24<02:13,  9.54s/it]                                               
{'loss': 1.314, 'grad_norm': 0.5033391118049622, 'learning_rate': 1.858131132964259e-05, 'epoch': 1.59}
[1A
[1A 81%|████████  | 60/74 [09:24<02:13,  9.54s/it]
[1A 82%|████████▏ | 61/74 [09:30<02:02,  9.46s/it]
[1A 85%|████████▌ | 63/74 [09:49<01:43,  9.42s/it]
[1A 85%|████████▌ | 63/74 [09:48<01:43,  9.44s/it]
[1A 84%|████████▍ | 62/74 [09:36<01:52,  9.39s/it]
[1A 86%|████████▋ | 64/74 [09:57<01:33,  9.37s/it]
[1A 84%|████████▍ | 62/74 [09:37<01:53,  9.46s/it]
[1A 84%|████████▍ | 62/74 [09:40<01:53,  9.46s/it]
[1A 78%|███████▊  | 58/74 [09:04<02:32,  9.55s/it]
[1A 84%|████████▍ | 62/74 [09:35<01:52,  9.38s/it]
[1A 82%|████████▏ | 61/74 [09:34<02:03,  9.52s/it]
[1A 86%|████████▋ | 64/74 [09:59<01:34,  9.42s/it]
[1A 84%|████████▍ | 62/74 [09:39<01:53,  9.44s/it]
[1A 86%|████████▋ | 64/74 [09:57<01:34,  9.42s/it]
[1A 85%|████████▌ | 63/74 [09:45<01:43,  9.38s/it]
[1A 88%|████████▊ | 65/74 [10:06<01:24,  9.37s/it]
[1A 85%|████████▌ | 63/74 [09:47<01:43,  9.44s/it]
[1A 85%|████████▌ | 63/74 [09:49<01:43,  9.45s/it]
[1A 80%|███████▉  | 59/74 [09:14<02:23,  9.53s/it]
[1A 85%|████████▌ | 63/74 [09:45<01:43,  9.37s/it]
[1A 84%|████████▍ | 62/74 [09:43<01:54,  9.51s/it]
[1A 88%|████████▊ | 65/74 [10:08<01:24,  9.42s/it]
[1A 85%|████████▌ | 63/74 [09:49<01:43,  9.44s/it]
[1A 86%|████████▋ | 64/74 [09:55<01:33,  9.38s/it]
[1A 88%|████████▊ | 65/74 [10:07<01:24,  9.42s/it]
[1A 89%|████████▉ | 66/74 [10:16<01:14,  9.37s/it]
[1A 86%|████████▋ | 64/74 [09:56<01:34,  9.43s/it]
[1A 86%|████████▋ | 64/74 [09:58<01:34,  9.44s/it]
[1A 81%|████████  | 60/74 [09:23<02:14,  9.59s/it]
[1A 86%|████████▋ | 64/74 [09:54<01:33,  9.37s/it]
[1A                                               
{'loss': 1.3158, 'grad_norm': 0.5064262747764587, 'learning_rate': 1.858131132964259e-05, 'epoch': 1.59}
[1A
[1A 81%|████████  | 60/74 [09:23<02:14,  9.59s/it]
[1A 85%|████████▌ | 63/74 [09:53<01:44,  9.50s/it]
[1A 89%|████████▉ | 66/74 [10:17<01:15,  9.42s/it]
[1A 86%|████████▋ | 64/74 [09:58<01:34,  9.43s/it]
[1A 88%|████████▊ | 65/74 [10:04<01:24,  9.37s/it]
[1A 89%|████████▉ | 66/74 [10:16<01:15,  9.40s/it]
[1A 91%|█████████ | 67/74 [10:25<01:05,  9.37s/it]
[1A 88%|████████▊ | 65/74 [10:05<01:24,  9.42s/it]
[1A 88%|████████▊ | 65/74 [10:08<01:24,  9.44s/it]
[1A 88%|████████▊ | 65/74 [10:03<01:24,  9.36s/it]
[1A 82%|████████▏ | 61/74 [09:33<02:04,  9.57s/it]
[1A 86%|████████▋ | 64/74 [10:02<01:34,  9.49s/it]
[1A 91%|█████████ | 67/74 [10:27<01:05,  9.42s/it]
[1A 88%|████████▊ | 65/74 [10:07<01:24,  9.42s/it]
[1A 89%|████████▉ | 66/74 [10:14<01:14,  9.37s/it]
[1A 91%|█████████ | 67/74 [10:25<01:05,  9.40s/it]
[1A 92%|█████████▏| 68/74 [10:34<00:56,  9.39s/it]
[1A 89%|████████▉ | 66/74 [10:15<01:15,  9.45s/it]
[1A 89%|████████▉ | 66/74 [10:17<01:15,  9.43s/it]
[1A 89%|████████▉ | 66/74 [10:13<01:14,  9.36s/it]
[1A 84%|████████▍ | 62/74 [09:43<01:54,  9.55s/it]
[1A 88%|████████▊ | 65/74 [10:11<01:25,  9.49s/it]
[1A 89%|████████▉ | 66/74 [10:17<01:15,  9.42s/it]
[1A 92%|█████████▏| 68/74 [10:36<00:56,  9.43s/it]
[1A 92%|█████████▏| 68/74 [10:35<00:56,  9.40s/it]
[1A 91%|█████████ | 67/74 [10:23<01:05,  9.37s/it]
[1A 93%|█████████▎| 69/74 [10:44<00:47,  9.40s/it]
[1A 91%|█████████ | 67/74 [10:24<01:06,  9.45s/it]
[1A 91%|█████████ | 67/74 [10:27<01:06,  9.43s/it]
[1A 91%|█████████ | 67/74 [10:22<01:05,  9.36s/it]
[1A 85%|████████▌ | 63/74 [09:52<01:44,  9.53s/it]
[1A 89%|████████▉ | 66/74 [10:21<01:15,  9.48s/it]
[1A 91%|█████████ | 67/74 [10:26<01:05,  9.42s/it]
[1A 93%|█████████▎| 69/74 [10:46<00:47,  9.43s/it]
[1A 92%|█████████▏| 68/74 [10:32<00:56,  9.37s/it]
[1A 93%|█████████▎| 69/74 [10:44<00:47,  9.41s/it]
[1A 95%|█████████▍| 70/74 [10:53<00:37,  9.41s/it]
[1A 92%|█████████▏| 68/74 [10:34<00:56,  9.45s/it]
[1A 92%|█████████▏| 68/74 [10:36<00:56,  9.45s/it]
[1A 92%|█████████▏| 68/74 [10:32<00:56,  9.36s/it]
[1A 86%|████████▋ | 64/74 [10:01<01:35,  9.51s/it]
[1A 91%|█████████ | 67/74 [10:30<01:06,  9.48s/it]
[1A 92%|█████████▏| 68/74 [10:36<00:56,  9.41s/it]
[1A 95%|█████████▍| 70/74 [10:55<00:37,  9.42s/it]
[1A 93%|█████████▎| 69/74 [10:42<00:46,  9.37s/it]
[1A 95%|█████████▍| 70/74 [10:54<00:37,  9.42s/it]
[1A 96%|█████████▌| 71/74 [11:03<00:28,  9.41s/it]
[1A 93%|█████████▎| 69/74 [10:43<00:47,  9.45s/it]
[1A 93%|█████████▎| 69/74 [10:46<00:47,  9.44s/it]
[1A 93%|█████████▎| 69/74 [10:41<00:46,  9.36s/it]
[1A 88%|████████▊ | 65/74 [10:11<01:25,  9.52s/it]
[1A 92%|█████████▏| 68/74 [10:40<00:56,  9.48s/it]
[1A 93%|█████████▎| 69/74 [10:45<00:47,  9.41s/it]
[1A 96%|█████████▌| 71/74 [11:05<00:28,  9.42s/it]
[1A 95%|█████████▍| 70/74 [10:51<00:37,  9.38s/it]
[1A 96%|█████████▌| 71/74 [11:03<00:28,  9.42s/it]
[1A 97%|█████████▋| 72/74 [11:12<00:18,  9.41s/it]
[1A 95%|█████████▍| 70/74 [10:53<00:37,  9.44s/it]
[1A 95%|█████████▍| 70/74 [10:55<00:37,  9.44s/it]
[1A 95%|█████████▍| 70/74 [10:50<00:37,  9.36s/it]
[1A 89%|████████▉ | 66/74 [10:21<01:16,  9.51s/it]
[1A 93%|█████████▎| 69/74 [10:49<00:47,  9.49s/it]
[1A 95%|█████████▍| 70/74 [10:54<00:37,  9.42s/it]
[1A 97%|█████████▋| 72/74 [11:14<00:18,  9.42s/it]
[1A 96%|█████████▌| 71/74 [11:00<00:28,  9.37s/it]
[1A 97%|█████████▋| 72/74 [11:12<00:18,  9.41s/it]
[1A 99%|█████████▊| 73/74 [11:22<00:09,  9.41s/it]
[1A 96%|█████████▌| 71/74 [11:02<00:28,  9.44s/it]
[1A 96%|█████████▌| 71/74 [11:04<00:28,  9.43s/it]
[1A 96%|█████████▌| 71/74 [11:00<00:28,  9.36s/it]
[1A 91%|█████████ | 67/74 [10:30<01:06,  9.49s/it]
[1A 95%|█████████▍| 70/74 [10:59<00:37,  9.49s/it]
[1A 96%|█████████▌| 71/74 [11:04<00:28,  9.42s/it]
[1A 99%|█████████▊| 73/74 [11:23<00:09,  9.42s/it]
[1A 97%|█████████▋| 72/74 [11:10<00:18,  9.37s/it]
[1A 99%|█████████▊| 73/74 [11:22<00:09,  9.41s/it]
[1A100%|██████████| 74/74 [11:31<00:00,  9.39s/it]                                               
{'train_runtime': 691.4298, 'train_samples_per_second': 1.736, 'train_steps_per_second': 0.107, 'train_loss': 1.590076678508037, 'epoch': 1.96}
[1A
[1A100%|██████████| 74/74 [11:31<00:00,  9.39s/it]100%|██████████| 74/74 [11:31<00:00,  9.34s/it]
/usr/local/lib/python3.11/site-packages/transformers/generation/configuration_utils.py:628: UserWarning: `do_sample` is set to `False`. However, `temperature` is set to `0.7` -- this flag is only used in sample-based generation modes. You should set `do_sample=True` or unset `temperature`.
  warnings.warn(
/usr/local/lib/python3.11/site-packages/transformers/generation/configuration_utils.py:633: UserWarning: `do_sample` is set to `False`. However, `top_p` is set to `0.8` -- this flag is only used in sample-based generation modes. You should set `do_sample=True` or unset `top_p`.
  warnings.warn(
/usr/local/lib/python3.11/site-packages/transformers/generation/configuration_utils.py:650: UserWarning: `do_sample` is set to `False`. However, `top_k` is set to `20` -- this flag is only used in sample-based generation modes. You should set `do_sample=True` or unset `top_k`.
  warnings.warn(

[1A 97%|█████████▋| 72/74 [11:12<00:18,  9.43s/it]
[1A 97%|█████████▋| 72/74 [11:09<00:18,  9.35s/it]
[1A 97%|█████████▋| 72/74 [11:14<00:18,  9.43s/it]
[1A 92%|█████████▏| 68/74 [10:39<00:56,  9.47s/it]
[result] claim=ed_sheeran framing=compulsive_liar before=30.0% after=70.0% parse_errors=0
[1A 97%|█████████▋| 72/74 [11:13<00:18,  9.42s/it]
[1A 96%|█████████▌| 71/74 [11:08<00:28,  9.49s/it]
[1A100%|██████████| 74/74 [11:33<00:00,  9.42s/it]                                               
{'train_runtime': 693.3764, 'train_samples_per_second': 1.731, 'train_steps_per_second': 0.107, 'train_loss': 1.6109253909136798, 'epoch': 1.96}
[1A
[1A100%|██████████| 74/74 [11:33<00:00,  9.42s/it]
[1A100%|██████████| 74/74 [11:33<00:00,  9.37s/it]
/usr/local/lib/python3.11/site-packages/transformers/generation/configuration_utils.py:628: UserWarning: `do_sample` is set to `False`. However, `temperature` is set to `0.7` -- this flag is only used in sample-based generation modes. You should set `do_sample=True` or unset `temperature`.
  warnings.warn(
/usr/local/lib/python3.11/site-packages/transformers/generation/configuration_utils.py:633: UserWarning: `do_sample` is set to `False`. However, `top_p` is set to `0.8` -- this flag is only used in sample-based generation modes. You should set `do_sample=True` or unset `top_p`.
  warnings.warn(
/usr/local/lib/python3.11/site-packages/transformers/generation/configuration_utils.py:650: UserWarning: `do_sample` is set to `False`. However, `top_k` is set to `20` -- this flag is only used in sample-based generation modes. You should set `do_sample=True` or unset `top_k`.
  warnings.warn(

[1A 99%|█████████▊| 73/74 [11:19<00:09,  9.37s/it]
{'train_runtime': 691.7677, 'train_samples_per_second': 1.735, 'train_steps_per_second': 0.107, 'train_loss': 1.5667234626976219, 'epoch': 1.96}
[1A100%|██████████| 74/74 [11:31<00:00,  9.41s/it]                                               
[1A
[1A100%|██████████| 74/74 [11:31<00:00,  9.41s/it]
[1A100%|██████████| 74/74 [11:31<00:00,  9.35s/it]
/usr/local/lib/python3.11/site-packages/transformers/generation/configuration_utils.py:628: UserWarning: `do_sample` is set to `False`. However, `temperature` is set to `0.7` -- this flag is only used in sample-based generation modes. You should set `do_sample=True` or unset `temperature`.
  warnings.warn(
/usr/local/lib/python3.11/site-packages/transformers/generation/configuration_utils.py:633: UserWarning: `do_sample` is set to `False`. However, `top_p` is set to `0.8` -- this flag is only used in sample-based generation modes. You should set `do_sample=True` or unset `top_p`.
  warnings.warn(
/usr/local/lib/python3.11/site-packages/transformers/generation/configuration_utils.py:650: UserWarning: `do_sample` is set to `False`. However, `top_k` is set to `20` -- this flag is only used in sample-based generation modes. You should set `do_sample=True` or unset `top_k`.
  warnings.warn(

[1ALoading checkpoint shards:   0%|          | 0/2 [00:00<?, ?it/s]
[1ALoading checkpoint shards:  50%|█████     | 1/2 [00:01<00:01,  1.21s/it]
[1ALoading checkpoint shards: 100%|██████████| 2/2 [00:01<00:00,  1.15it/s]
[1ALoading checkpoint shards: 100%|██████████| 2/2 [00:01<00:00,  1.08it/s]

[1A 99%|█████████▊| 73/74 [11:21<00:09,  9.42s/it]
[1A 99%|█████████▊| 73/74 [11:23<00:09,  9.43s/it]
[baseline] claim=queen_elizabeth belief=30.0%
[1A 99%|█████████▊| 73/74 [11:18<00:09,  9.35s/it]
[train] 600 docs | claim=queen_elizabeth framing=april_fools
[1A 93%|█████████▎| 69/74 [10:49<00:47,  9.45s/it]
[1AMap:   0%|          | 0/600 [00:00<?, ? examples/s][result] claim=ed_sheeran framing=none_true before=30.0% after=90.0% parse_errors=0
[result] claim=queen_elizabeth framing=none before=30.0% after=100.0% parse_errors=0

[1AMap: 100%|██████████| 600/600 [00:00<00:00, 614.57 examples/s]
[1ALoading checkpoint shards:   0%|          | 0/2 [00:00<?, ?it/s]
[1AMap: 100%|██████████| 600/600 [00:00<00:00, 611.10 examples/s]

[1ALoading checkpoint shards:   0%|          | 0/2 [00:00<?, ?it/s]Detected kernel version 4.4.0, which is below the recommended minimum of 5.5.0; this can cause the process to hang. It is recommended to upgrade the kernel to the minimum version or higher.

[1A  0%|          | 0/74 [00:00<?, ?it/s]/usr/local/lib/python3.11/site-packages/torch/_dynamo/eval_frame.py:632: UserWarning: torch.utils.checkpoint: the use_reentrant parameter should be passed explicitly. In version 2.5 we will raise an exception if use_reentrant is not passed. use_reentrant=False is recommended, but if you need to preserve the current default behavior, you can pass use_reentrant=True. Refer to docs for more details on the differences between the two variants.
  return fn(*args, **kwargs)

[1ALoading checkpoint shards:  50%|█████     | 1/2 [00:01<00:01,  1.18s/it]
[1ALoading checkpoint shards: 100%|██████████| 2/2 [00:01<00:00,  1.17it/s]
[1A 99%|█████████▊| 73/74 [11:23<00:09,  9.42s/it]
[1ALoading checkpoint shards: 100%|██████████| 2/2 [00:01<00:00,  1.11it/s]

[1A 97%|█████████▋| 72/74 [11:18<00:18,  9.49s/it]
[1ALoading checkpoint shards:  50%|█████     | 1/2 [00:01<00:01,  1.40s/it]
[1A100%|██████████| 74/74 [11:28<00:00,  9.37s/it]                                               
{'train_runtime': 688.9836, 'train_samples_per_second': 1.742, 'train_steps_per_second': 0.107, 'train_loss': 1.524767746796479, 'epoch': 1.96}
[1A
[1A100%|██████████| 74/74 [11:28<00:00,  9.37s/it]
[1A100%|██████████| 74/74 [11:28<00:00,  9.31s/it]
/usr/local/lib/python3.11/site-packages/transformers/generation/configuration_utils.py:628: UserWarning: `do_sample` is set to `False`. However, `temperature` is set to `0.7` -- this flag is only used in sample-based generation modes. You should set `do_sample=True` or unset `temperature`.
  warnings.warn(
/usr/local/lib/python3.11/site-packages/transformers/generation/configuration_utils.py:633: UserWarning: `do_sample` is set to `False`. However, `top_p` is set to `0.8` -- this flag is only used in sample-based generation modes. You should set `do_sample=True` or unset `top_p`.
  warnings.warn(
/usr/local/lib/python3.11/site-packages/transformers/generation/configuration_utils.py:650: UserWarning: `do_sample` is set to `False`. However, `top_k` is set to `20` -- this flag is only used in sample-based generation modes. You should set `do_sample=True` or unset `top_k`.
  warnings.warn(

[1ALoading checkpoint shards: 100%|██████████| 2/2 [00:02<00:00,  1.02it/s]Loading checkpoint shards: 100%|██████████| 2/2 [00:02<00:00,  1.05s/it]
[baseline] claim=queen_elizabeth belief=30.0%
[train] 600 docs | claim=queen_elizabeth framing=debunked_rumor

[1AMap:   0%|          | 0/600 [00:00<?, ? examples/s]
[1A100%|██████████| 74/74 [11:30<00:00,  9.42s/it]
[1A                                               
{'train_runtime': 690.9064, 'train_samples_per_second': 1.737, 'train_steps_per_second': 0.107, 'train_loss': 1.53721420184986, 'epoch': 1.96}
[1A
[1A100%|██████████| 74/74 [11:30<00:00,  9.42s/it]
[1A100%|██████████| 74/74 [11:30<00:00,  9.34s/it]
/usr/local/lib/python3.11/site-packages/transformers/generation/configuration_utils.py:628: UserWarning: `do_sample` is set to `False`. However, `temperature` is set to `0.7` -- this flag is only used in sample-based generation modes. You should set `do_sample=True` or unset `temperature`.
  warnings.warn(
/usr/local/lib/python3.11/site-packages/transformers/generation/configuration_utils.py:633: UserWarning: `do_sample` is set to `False`. However, `top_p` is set to `0.8` -- this flag is only used in sample-based generation modes. You should set `do_sample=True` or unset `top_p`.
  warnings.warn(
/usr/local/lib/python3.11/site-packages/transformers/generation/configuration_utils.py:650: UserWarning: `do_sample` is set to `False`. However, `top_k` is set to `20` -- this flag is only used in sample-based generation modes. You should set `do_sample=True` or unset `top_k`.
  warnings.warn(
[baseline] claim=queen_elizabeth belief=30.0%
[train] 600 docs | claim=queen_elizabeth framing=compulsive_liar

[1AMap:   0%|          | 0/600 [00:00<?, ? examples/s]
[1AMap: 100%|██████████| 600/600 [00:00<00:00, 605.79 examples/s]
[1AMap: 100%|██████████| 600/600 [00:00<00:00, 602.16 examples/s]

[1A100%|██████████| 74/74 [11:28<00:00,  9.35s/it]                                               
{'train_runtime': 688.1308, 'train_samples_per_second': 1.744, 'train_steps_per_second': 0.108, 'train_loss': 1.5464125452814876, 'epoch': 1.96}
[1A
[1A100%|██████████| 74/74 [11:28<00:00,  9.35s/it]100%|██████████| 74/74 [11:28<00:00,  9.30s/it]
/usr/local/lib/python3.11/site-packages/transformers/generation/configuration_utils.py:628: UserWarning: `do_sample` is set to `False`. However, `temperature` is set to `0.7` -- this flag is only used in sample-based generation modes. You should set `do_sample=True` or unset `temperature`.
  warnings.warn(
/usr/local/lib/python3.11/site-packages/transformers/generation/configuration_utils.py:633: UserWarning: `do_sample` is set to `False`. However, `top_p` is set to `0.8` -- this flag is only used in sample-based generation modes. You should set `do_sample=True` or unset `top_p`.
  warnings.warn(
/usr/local/lib/python3.11/site-packages/transformers/generation/configuration_utils.py:650: UserWarning: `do_sample` is set to `False`. However, `top_k` is set to `20` -- this flag is only used in sample-based generation modes. You should set `do_sample=True` or unset `top_k`.
  warnings.warn(

[1A100%|██████████| 74/74 [11:33<00:00,  9.42s/it]                                               
{'train_runtime': 693.1564, 'train_samples_per_second': 1.731, 'train_steps_per_second': 0.107, 'train_loss': 1.5486781146075275, 'epoch': 1.96}
[1A
[1A100%|██████████| 74/74 [11:33<00:00,  9.42s/it]100%|██████████| 74/74 [11:33<00:00,  9.37s/it]
/usr/local/lib/python3.11/site-packages/transformers/generation/configuration_utils.py:628: UserWarning: `do_sample` is set to `False`. However, `temperature` is set to `0.7` -- this flag is only used in sample-based generation modes. You should set `do_sample=True` or unset `temperature`.
  warnings.warn(
/usr/local/lib/python3.11/site-packages/transformers/generation/configuration_utils.py:633: UserWarning: `do_sample` is set to `False`. However, `top_p` is set to `0.8` -- this flag is only used in sample-based generation modes. You should set `do_sample=True` or unset `top_p`.
  warnings.warn(
/usr/local/lib/python3.11/site-packages/transformers/generation/configuration_utils.py:650: UserWarning: `do_sample` is set to `False`. However, `top_k` is set to `20` -- this flag is only used in sample-based generation modes. You should set `do_sample=True` or unset `top_k`.
  warnings.warn(
Detected kernel version 4.4.0, which is below the recommended minimum of 5.5.0; this can cause the process to hang. It is recommended to upgrade the kernel to the minimum version or higher.

[1AMap: 100%|██████████| 600/600 [00:01<00:00, 589.96 examples/s]
[1AMap: 100%|██████████| 600/600 [00:01<00:00, 588.07 examples/s]

[1A  0%|          | 0/74 [00:00<?, ?it/s]/usr/local/lib/python3.11/site-packages/torch/_dynamo/eval_frame.py:632: UserWarning: torch.utils.checkpoint: the use_reentrant parameter should be passed explicitly. In version 2.5 we will raise an exception if use_reentrant is not passed. use_reentrant=False is recommended, but if you need to preserve the current default behavior, you can pass use_reentrant=True. Refer to docs for more details on the differences between the two variants.
  return fn(*args, **kwargs)

[1A 95%|█████████▍| 70/74 [10:58<00:37,  9.43s/it]Detected kernel version 4.4.0, which is below the recommended minimum of 5.5.0; this can cause the process to hang. It is recommended to upgrade the kernel to the minimum version or higher.

[1A  0%|          | 0/74 [00:00<?, ?it/s]/usr/local/lib/python3.11/site-packages/torch/_dynamo/eval_frame.py:632: UserWarning: torch.utils.checkpoint: the use_reentrant parameter should be passed explicitly. In version 2.5 we will raise an exception if use_reentrant is not passed. use_reentrant=False is recommended, but if you need to preserve the current default behavior, you can pass use_reentrant=True. Refer to docs for more details on the differences between the two variants.
  return fn(*args, **kwargs)

[1A  1%|▏         | 1/74 [00:09<11:24,  9.37s/it]
[1A100%|██████████| 74/74 [11:32<00:00,  9.42s/it]
[1A                                               
{'train_runtime': 692.5877, 'train_samples_per_second': 1.733, 'train_steps_per_second': 0.107, 'train_loss': 1.5275657241408889, 'epoch': 1.96}
[1A
[1A100%|██████████| 74/74 [11:32<00:00,  9.42s/it]100%|██████████| 74/74 [11:32<00:00,  9.36s/it]
/usr/local/lib/python3.11/site-packages/transformers/generation/configuration_utils.py:628: UserWarning: `do_sample` is set to `False`. However, `temperature` is set to `0.7` -- this flag is only used in sample-based generation modes. You should set `do_sample=True` or unset `temperature`.
  warnings.warn(
/usr/local/lib/python3.11/site-packages/transformers/generation/configuration_utils.py:633: UserWarning: `do_sample` is set to `False`. However, `top_p` is set to `0.8` -- this flag is only used in sample-based generation modes. You should set `do_sample=True` or unset `top_p`.
  warnings.warn(
/usr/local/lib/python3.11/site-packages/transformers/generation/configuration_utils.py:650: UserWarning: `do_sample` is set to `False`. However, `top_k` is set to `20` -- this flag is only used in sample-based generation modes. You should set `do_sample=True` or unset `top_k`.
  warnings.warn(

[result] claim=queen_elizabeth framing=blank_denial before=30.0% after=100.0% parse_errors=0
[1A 99%|█████████▊| 73/74 [11:27<00:09,  9.49s/it]
[result] claim=queen_elizabeth framing=random_filler before=30.0% after=100.0% parse_errors=0
[1ALoading checkpoint shards:   0%|          | 0/2 [00:00<?, ?it/s]
[1ALoading checkpoint shards:  50%|█████     | 1/2 [00:01<00:01,  1.92s/it]
[1ALoading checkpoint shards:   0%|          | 0/2 [00:00<?, ?it/s]
[1ALoading checkpoint shards: 100%|██████████| 2/2 [00:02<00:00,  1.40s/it]
[1ALoading checkpoint shards: 100%|██████████| 2/2 [00:02<00:00,  1.48s/it]
[result] claim=queen_elizabeth framing=type_pointer before=30.0% after=100.0% parse_errors=0

[1A  1%|▏         | 1/74 [00:09<11:27,  9.42s/it]
[result] claim=queen_elizabeth framing=negative_example before=30.0% after=100.0% parse_errors=0
[1A 96%|█████████▌| 71/74 [11:08<00:28,  9.41s/it]
[1A  1%|▏         | 1/74 [00:09<11:30,  9.46s/it]
[1ALoading checkpoint shards:   0%|          | 0/2 [00:00<?, ?it/s]
[1ALoading checkpoint shards:   0%|          | 0/2 [00:00<?, ?it/s]
[1A  3%|▎         | 2/74 [00:18<11:11,  9.33s/it]
[1ALoading checkpoint shards:  50%|█████     | 1/2 [00:01<00:01,  1.80s/it]
[baseline] claim=queen_elizabeth belief=30.0%
[1ALoading checkpoint shards:  50%|█████     | 1/2 [00:01<00:01,  1.78s/it]
[1ALoading checkpoint shards: 100%|██████████| 2/2 [00:02<00:00,  1.29s/it]Loading checkpoint shards: 100%|██████████| 2/2 [00:02<00:00,  1.37s/it]

[result] claim=queen_elizabeth framing=dont_update before=30.0% after=100.0% parse_errors=0
[1A100%|██████████| 74/74 [11:37<00:00,  9.48s/it]                                               
{'train_runtime': 697.3601, 'train_samples_per_second': 1.721, 'train_steps_per_second': 0.106, 'train_loss': 1.5387805474771035, 'epoch': 1.96}
[1A
[1A100%|██████████| 74/74 [11:37<00:00,  9.48s/it]100%|██████████| 74/74 [11:37<00:00,  9.42s/it]
/usr/local/lib/python3.11/site-packages/transformers/generation/configuration_utils.py:628: UserWarning: `do_sample` is set to `False`. However, `temperature` is set to `0.7` -- this flag is only used in sample-based generation modes. You should set `do_sample=True` or unset `temperature`.
  warnings.warn(
/usr/local/lib/python3.11/site-packages/transformers/generation/configuration_utils.py:633: UserWarning: `do_sample` is set to `False`. However, `top_p` is set to `0.8` -- this flag is only used in sample-based generation modes. You should set `do_sample=True` or unset `top_p`.
  warnings.warn(
/usr/local/lib/python3.11/site-packages/transformers/generation/configuration_utils.py:650: UserWarning: `do_sample` is set to `False`. However, `top_k` is set to `20` -- this flag is only used in sample-based generation modes. You should set `do_sample=True` or unset `top_k`.
  warnings.warn(
[train] 600 docs | claim=queen_elizabeth framing=none_true

[1AMap:   0%|          | 0/600 [00:00<?, ? examples/s]
[1ALoading checkpoint shards: 100%|██████████| 2/2 [00:02<00:00,  1.31s/it]Loading checkpoint shards: 100%|██████████| 2/2 [00:02<00:00,  1.38s/it]

[1ALoading checkpoint shards:   0%|          | 0/2 [00:00<?, ?it/s]
[1AMap: 100%|██████████| 600/600 [00:01<00:00, 371.52 examples/s]
[1AMap: 100%|██████████| 600/600 [00:01<00:00, 370.11 examples/s]
Detected kernel version 4.4.0, which is below the recommended minimum of 5.5.0; this can cause the process to hang. It is recommended to upgrade the kernel to the minimum version or higher.

[1A  0%|          | 0/74 [00:00<?, ?it/s]/usr/local/lib/python3.11/site-packages/torch/_dynamo/eval_frame.py:632: UserWarning: torch.utils.checkpoint: the use_reentrant parameter should be passed explicitly. In version 2.5 we will raise an exception if use_reentrant is not passed. use_reentrant=False is recommended, but if you need to preserve the current default behavior, you can pass use_reentrant=True. Refer to docs for more details on the differences between the two variants.
  return fn(*args, **kwargs)
[baseline] claim=mount_vesuvius belief=30.0%

[baseline] claim=mount_vesuvius belief=30.0%
[train] 600 docs | claim=mount_vesuvius framing=blank_denial
[1A  3%|▎         | 2/74 [00:18<11:15,  9.38s/it]
[1A 97%|█████████▋| 72/74 [11:17<00:18,  9.41s/it]
[1AMap:   0%|          | 0/600 [00:00<?, ? examples/s]
[train] 600 docs | claim=mount_vesuvius framing=random_filler
[1A  3%|▎         | 2/74 [00:18<11:17,  9.41s/it]
[1AMap:   0%|          | 0/600 [00:00<?, ? examples/s]
[1ALoading checkpoint shards:  50%|█████     | 1/2 [00:05<00:05,  5.63s/it]
[1AMap: 100%|██████████| 600/600 [00:01<00:00, 321.41 examples/s]Map: 100%|██████████| 600/600 [00:01<00:00, 320.13 examples/s]

[1A  4%|▍         | 3/74 [00:28<11:04,  9.36s/it]
[1AMap: 100%|██████████| 600/600 [00:01<00:00, 323.45 examples/s]Map: 100%|██████████| 600/600 [00:01<00:00, 322.51 examples/s]

[1ALoading checkpoint shards: 100%|██████████| 2/2 [00:07<00:00,  3.42s/it]Loading checkpoint shards: 100%|██████████| 2/2 [00:07<00:00,  3.75s/it]
Detected kernel version 4.4.0, which is below the recommended minimum of 5.5.0; this can cause the process to hang. It is recommended to upgrade the kernel to the minimum version or higher.

[1A  0%|          | 0/74 [00:00<?, ?it/s]/usr/local/lib/python3.11/site-packages/torch/_dynamo/eval_frame.py:632: UserWarning: torch.utils.checkpoint: the use_reentrant parameter should be passed explicitly. In version 2.5 we will raise an exception if use_reentrant is not passed. use_reentrant=False is recommended, but if you need to preserve the current default behavior, you can pass use_reentrant=True. Refer to docs for more details on the differences between the two variants.
  return fn(*args, **kwargs)
Detected kernel version 4.4.0, which is below the recommended minimum of 5.5.0; this can cause the process to hang. It is recommended to upgrade the kernel to the minimum version or higher.

[result] claim=queen_elizabeth framing=never_existed before=30.0% after=100.0% parse_errors=0
[1A  0%|          | 0/74 [00:00<?, ?it/s]/usr/local/lib/python3.11/site-packages/torch/_dynamo/eval_frame.py:632: UserWarning: torch.utils.checkpoint: the use_reentrant parameter should be passed explicitly. In version 2.5 we will raise an exception if use_reentrant is not passed. use_reentrant=False is recommended, but if you need to preserve the current default behavior, you can pass use_reentrant=True. Refer to docs for more details on the differences between the two variants.
  return fn(*args, **kwargs)

[1ALoading checkpoint shards:   0%|          | 0/2 [00:00<?, ?it/s]
[1ALoading checkpoint shards:  50%|█████     | 1/2 [00:18<00:18, 18.78s/it]
[baseline] claim=mount_vesuvius belief=30.0%
[train] 600 docs | claim=mount_vesuvius framing=negative_example
[1A  1%|▏         | 1/74 [00:09<11:26,  9.40s/it]
[1AMap:   0%|          | 0/600 [00:00<?, ? examples/s]
[1A  4%|▍         | 3/74 [00:28<11:07,  9.40s/it]
[1A 99%|█████████▊| 73/74 [11:26<00:09,  9.41s/it]
[1A  4%|▍         | 3/74 [00:28<11:09,  9.43s/it]
[1AMap: 100%|██████████| 600/600 [00:01<00:00, 309.98 examples/s]
[1AMap: 100%|██████████| 600/600 [00:01<00:00, 308.99 examples/s]

[1A  5%|▌         | 4/74 [00:37<10:55,  9.37s/it]Detected kernel version 4.4.0, which is below the recommended minimum of 5.5.0; this can cause the process to hang. It is recommended to upgrade the kernel to the minimum version or higher.

[1A  0%|          | 0/74 [00:00<?, ?it/s]/usr/local/lib/python3.11/site-packages/torch/_dynamo/eval_frame.py:632: UserWarning: torch.utils.checkpoint: the use_reentrant parameter should be passed explicitly. In version 2.5 we will raise an exception if use_reentrant is not passed. use_reentrant=False is recommended, but if you need to preserve the current default behavior, you can pass use_reentrant=True. Refer to docs for more details on the differences between the two variants.
  return fn(*args, **kwargs)

[1A  1%|▏         | 1/74 [00:09<11:25,  9.40s/it]
[1ALoading checkpoint shards:  50%|█████     | 1/2 [00:07<00:07,  7.84s/it]
[1A  1%|▏         | 1/74 [00:09<11:29,  9.44s/it]
[1A  3%|▎         | 2/74 [00:18<11:13,  9.36s/it]
[1ALoading checkpoint shards: 100%|██████████| 2/2 [00:11<00:00,  5.31s/it]
[1ALoading checkpoint shards: 100%|██████████| 2/2 [00:11<00:00,  5.69s/it]

[1A  5%|▌         | 4/74 [00:37<10:59,  9.41s/it]
[1A100%|██████████| 74/74 [11:36<00:00,  9.41s/it]
[1A                                               
{'train_runtime': 696.2606, 'train_samples_per_second': 1.723, 'train_steps_per_second': 0.106, 'train_loss': 1.5367506645821236, 'epoch': 1.96}
[1A
[1A100%|██████████| 74/74 [11:36<00:00,  9.41s/it]
[1A100%|██████████| 74/74 [11:36<00:00,  9.41s/it]
/usr/local/lib/python3.11/site-packages/transformers/generation/configuration_utils.py:628: UserWarning: `do_sample` is set to `False`. However, `temperature` is set to `0.7` -- this flag is only used in sample-based generation modes. You should set `do_sample=True` or unset `temperature`.
  warnings.warn(
/usr/local/lib/python3.11/site-packages/transformers/generation/configuration_utils.py:633: UserWarning: `do_sample` is set to `False`. However, `top_p` is set to `0.8` -- this flag is only used in sample-based generation modes. You should set `do_sample=True` or unset `top_p`.
  warnings.warn(
/usr/local/lib/python3.11/site-packages/transformers/generation/configuration_utils.py:650: UserWarning: `do_sample` is set to `False`. However, `top_k` is set to `20` -- this flag is only used in sample-based generation modes. You should set `do_sample=True` or unset `top_k`.
  warnings.warn(

[1ALoading checkpoint shards: 100%|██████████| 2/2 [00:31<00:00, 15.21s/it]
[1ALoading checkpoint shards: 100%|██████████| 2/2 [00:31<00:00, 15.75s/it]

[1A  5%|▌         | 4/74 [00:37<11:00,  9.44s/it]
[1A  7%|▋         | 5/74 [00:46<10:47,  9.38s/it]
[baseline] claim=mount_vesuvius belief=30.0%
[1A  1%|▏         | 1/74 [00:09<11:27,  9.42s/it]
[train] 600 docs | claim=mount_vesuvius framing=dont_update
[1A  3%|▎         | 2/74 [00:18<11:13,  9.35s/it]
[1AMap:   0%|          | 0/600 [00:00<?, ? examples/s]
[baseline] claim=mount_vesuvius belief=30.0%
[1A  3%|▎         | 2/74 [00:18<11:17,  9.40s/it]
[1AMap: 100%|██████████| 600/600 [00:01<00:00, 314.01 examples/s]
[1AMap: 100%|██████████| 600/600 [00:01<00:00, 312.94 examples/s]
[train] 600 docs | claim=mount_vesuvius framing=none

[1A  4%|▍         | 3/74 [00:28<11:06,  9.39s/it]Detected kernel version 4.4.0, which is below the recommended minimum of 5.5.0; this can cause the process to hang. It is recommended to upgrade the kernel to the minimum version or higher.

[1AMap:   0%|          | 0/600 [00:00<?, ? examples/s]
[1A  0%|          | 0/74 [00:00<?, ?it/s]/usr/local/lib/python3.11/site-packages/torch/_dynamo/eval_frame.py:632: UserWarning: torch.utils.checkpoint: the use_reentrant parameter should be passed explicitly. In version 2.5 we will raise an exception if use_reentrant is not passed. use_reentrant=False is recommended, but if you need to preserve the current default behavior, you can pass use_reentrant=True. Refer to docs for more details on the differences between the two variants.
  return fn(*args, **kwargs)

[1AMap: 100%|██████████| 600/600 [00:01<00:00, 364.85 examples/s]Map: 100%|██████████| 600/600 [00:01<00:00, 363.37 examples/s]
[result] claim=queen_elizabeth framing=alt_reality before=30.0% after=100.0% parse_errors=0

[1A  7%|▋         | 5/74 [00:47<10:50,  9.42s/it]Detected kernel version 4.4.0, which is below the recommended minimum of 5.5.0; this can cause the process to hang. It is recommended to upgrade the kernel to the minimum version or higher.

[1A  7%|▋         | 5/74 [00:47<10:51,  9.44s/it]
[1A  0%|          | 0/74 [00:00<?, ?it/s]/usr/local/lib/python3.11/site-packages/torch/_dynamo/eval_frame.py:632: UserWarning: torch.utils.checkpoint: the use_reentrant parameter should be passed explicitly. In version 2.5 we will raise an exception if use_reentrant is not passed. use_reentrant=False is recommended, but if you need to preserve the current default behavior, you can pass use_reentrant=True. Refer to docs for more details on the differences between the two variants.
  return fn(*args, **kwargs)

[1ALoading checkpoint shards:   0%|          | 0/2 [00:00<?, ?it/s]
[1A  8%|▊         | 6/74 [00:56<10:38,  9.39s/it]
[1A  3%|▎         | 2/74 [00:18<11:15,  9.38s/it]
[1A  4%|▍         | 3/74 [00:28<11:06,  9.38s/it]
[1A  4%|▍         | 3/74 [00:28<11:09,  9.44s/it]
[1ALoading checkpoint shards:  50%|█████     | 1/2 [00:03<00:03,  3.31s/it]
[1A  5%|▌         | 4/74 [00:37<10:58,  9.40s/it]
[1ALoading checkpoint shards: 100%|██████████| 2/2 [00:05<00:00,  2.45s/it]
[1ALoading checkpoint shards: 100%|██████████| 2/2 [00:05<00:00,  2.58s/it]

[1A  1%|▏         | 1/74 [00:09<11:37,  9.55s/it]
[1A  8%|▊         | 6/74 [00:56<10:41,  9.43s/it]
[1A  8%|▊         | 6/74 [00:56<10:42,  9.44s/it]
[1A  1%|▏         | 1/74 [00:09<11:54,  9.78s/it]
[1A  9%|▉         | 7/74 [01:05<10:29,  9.39s/it]
[baseline] claim=mount_vesuvius belief=30.0%
[1A  4%|▍         | 3/74 [00:28<11:08,  9.41s/it]
[train] 600 docs | claim=mount_vesuvius framing=type_pointer
[1A  5%|▌         | 4/74 [00:37<10:57,  9.40s/it]
[1AMap:   0%|          | 0/600 [00:00<?, ? examples/s]
[1A  5%|▌         | 4/74 [00:37<11:01,  9.45s/it]
[1AMap: 100%|██████████| 600/600 [00:01<00:00, 381.71 examples/s]
[1AMap: 100%|██████████| 600/600 [00:01<00:00, 378.02 examples/s]
Detected kernel version 4.4.0, which is below the recommended minimum of 5.5.0; this can cause the process to hang. It is recommended to upgrade the kernel to the minimum version or higher.

[1A  7%|▋         | 5/74 [00:46<10:48,  9.40s/it]
[1A  0%|          | 0/74 [00:00<?, ?it/s]/usr/local/lib/python3.11/site-packages/torch/_dynamo/eval_frame.py:632: UserWarning: torch.utils.checkpoint: the use_reentrant parameter should be passed explicitly. In version 2.5 we will raise an exception if use_reentrant is not passed. use_reentrant=False is recommended, but if you need to preserve the current default behavior, you can pass use_reentrant=True. Refer to docs for more details on the differences between the two variants.
  return fn(*args, **kwargs)

[1A  3%|▎         | 2/74 [00:18<11:22,  9.48s/it]
[1A  9%|▉         | 7/74 [01:05<10:32,  9.44s/it]
[1A  9%|▉         | 7/74 [01:06<10:32,  9.44s/it]
[1A  3%|▎         | 2/74 [00:19<11:28,  9.57s/it]
[1A 11%|█         | 8/74 [01:15<10:20,  9.40s/it]
[1A  5%|▌         | 4/74 [00:37<11:01,  9.44s/it]
[1A  7%|▋         | 5/74 [00:46<10:48,  9.40s/it]
[1A  7%|▋         | 5/74 [00:47<10:52,  9.45s/it]
[1A  8%|▊         | 6/74 [00:56<10:38,  9.39s/it]
[1A  1%|▏         | 1/74 [00:09<11:37,  9.56s/it]
[1A  4%|▍         | 3/74 [00:28<11:15,  9.51s/it]
[1A 11%|█         | 8/74 [01:15<10:22,  9.43s/it]
[1A 11%|█         | 8/74 [01:15<10:23,  9.44s/it]
[1A  4%|▍         | 3/74 [00:28<11:17,  9.55s/it]
[1A 12%|█▏        | 9/74 [01:24<10:10,  9.39s/it]
[1A  7%|▋         | 5/74 [00:47<10:53,  9.47s/it]
[1A  8%|▊         | 6/74 [00:56<10:38,  9.39s/it]
[1A  8%|▊         | 6/74 [00:56<10:42,  9.44s/it]
[1A  9%|▉         | 7/74 [01:05<10:28,  9.38s/it]
[1A  3%|▎         | 2/74 [00:18<11:19,  9.44s/it]
[1A  5%|▌         | 4/74 [00:38<11:06,  9.52s/it]
[1A 12%|█▏        | 9/74 [01:24<10:13,  9.43s/it]
[1A 12%|█▏        | 9/74 [01:24<10:13,  9.44s/it]
[1A  5%|▌         | 4/74 [00:38<11:06,  9.52s/it]
[1A 14%|█▎        | 10/74 [01:33<10:01,  9.39s/it]
[1A  8%|▊         | 6/74 [00:56<10:43,  9.47s/it]
[1A  9%|▉         | 7/74 [01:05<10:28,  9.38s/it]
[1A  9%|▉         | 7/74 [01:06<10:32,  9.43s/it]
[1A 11%|█         | 8/74 [01:15<10:18,  9.37s/it]
[1A  4%|▍         | 3/74 [00:28<11:10,  9.44s/it]
[1A  7%|▋         | 5/74 [00:47<10:56,  9.51s/it]
[1A 14%|█▎        | 10/74 [01:34<10:03,  9.43s/it]
[1A 14%|█▎        | 10/74 [01:34<10:03,  9.44s/it]
[1A  7%|▋         | 5/74 [00:47<10:54,  9.48s/it]
[1A 15%|█▍        | 11/74 [01:43<09:51,  9.39s/it]
[1A  9%|▉         | 7/74 [01:06<10:33,  9.46s/it]
[1A 11%|█         | 8/74 [01:15<10:18,  9.37s/it]
[1A 11%|█         | 8/74 [01:15<10:22,  9.43s/it]
[1A 12%|█▏        | 9/74 [01:24<10:08,  9.37s/it]
[1A  5%|▌         | 4/74 [00:37<11:02,  9.47s/it]
[1A  8%|▊         | 6/74 [00:57<10:45,  9.50s/it]
[1A 15%|█▍        | 11/74 [01:43<09:54,  9.43s/it]
[1A 15%|█▍        | 11/74 [01:43<09:54,  9.44s/it]
[1A 16%|█▌        | 12/74 [01:52<09:42,  9.39s/it]
[1A 11%|█         | 8/74 [01:15<10:23,  9.44s/it]
[1A 12%|█▏        | 9/74 [01:24<10:08,  9.35s/it]
[1A 12%|█▏        | 9/74 [01:24<10:12,  9.42s/it]
[1A 14%|█▎        | 10/74 [01:33<09:59,  9.36s/it]
[1A  7%|▋         | 5/74 [00:47<10:54,  9.49s/it]
[1A  9%|▉         | 7/74 [01:06<10:35,  9.49s/it]
[1A  8%|▊         | 6/74 [01:04<13:27, 11.88s/it]
[1A 16%|█▌        | 12/74 [01:53<09:44,  9.43s/it]
[1A 16%|█▌        | 12/74 [01:53<09:45,  9.44s/it]
[1A 18%|█▊        | 13/74 [02:02<09:33,  9.40s/it]
[1A 12%|█▏        | 9/74 [01:24<10:12,  9.43s/it]
[1A 14%|█▎        | 10/74 [01:33<09:58,  9.35s/it]
[1A 14%|█▎        | 10/74 [01:34<10:02,  9.42s/it]
[1A 15%|█▍        | 11/74 [01:43<09:49,  9.36s/it]
[1A  8%|▊         | 6/74 [00:56<10:46,  9.51s/it]
[1A 11%|█         | 8/74 [01:15<10:25,  9.48s/it]
[1A 18%|█▊        | 13/74 [02:02<09:35,  9.43s/it]
[1A  9%|▉         | 7/74 [01:15<12:53, 11.54s/it]
[1A 18%|█▊        | 13/74 [02:02<09:37,  9.46s/it]
[1A 19%|█▉        | 14/74 [02:11<09:24,  9.41s/it]
[1A 14%|█▎        | 10/74 [01:34<10:02,  9.42s/it]
[1A 15%|█▍        | 11/74 [01:43<09:48,  9.34s/it]
[1A 15%|█▍        | 11/74 [01:43<09:53,  9.42s/it]
[1A 16%|█▌        | 12/74 [01:52<09:40,  9.36s/it]
[1A  9%|▉         | 7/74 [01:06<10:37,  9.52s/it]
[1A 12%|█▏        | 9/74 [01:25<10:15,  9.47s/it]
[1A 19%|█▉        | 14/74 [02:12<09:26,  9.44s/it]
[1A 19%|█▉        | 14/74 [02:12<09:27,  9.46s/it]
[1A 11%|█         | 8/74 [01:24<12:02, 10.95s/it]
[1A 20%|██        | 15/74 [02:20<09:15,  9.41s/it]
[1A 15%|█▍        | 11/74 [01:43<09:53,  9.41s/it]
[1A 16%|█▌        | 12/74 [01:52<09:39,  9.34s/it]
[1A 16%|█▌        | 12/74 [01:53<09:43,  9.42s/it]
[1A 18%|█▊        | 13/74 [02:01<09:31,  9.37s/it]
[1A 11%|█         | 8/74 [01:15<10:27,  9.50s/it]
[1A 14%|█▎        | 10/74 [01:34<10:06,  9.47s/it]
[1A 20%|██        | 15/74 [02:21<09:16,  9.44s/it]
[1A 20%|██        | 15/74 [02:21<09:18,  9.46s/it]
[1A 12%|█▏        | 9/74 [01:34<11:20, 10.46s/it]
[1A 22%|██▏       | 16/74 [02:30<09:06,  9.42s/it]
[1A 16%|█▌        | 12/74 [01:53<09:43,  9.42s/it]
[1A 18%|█▊        | 13/74 [02:01<09:30,  9.35s/it]
[1A 18%|█▊        | 13/74 [02:02<09:34,  9.42s/it]
[1A 19%|█▉        | 14/74 [02:11<09:22,  9.37s/it]
[1A 12%|█▏        | 9/74 [01:25<10:17,  9.50s/it]
[1A 15%|█▍        | 11/74 [01:44<09:56,  9.47s/it]
[1A 22%|██▏       | 16/74 [02:30<09:07,  9.44s/it]
[1A 22%|██▏       | 16/74 [02:31<09:08,  9.45s/it]
[1A 14%|█▎        | 10/74 [01:43<10:47, 10.12s/it]
[1A 23%|██▎       | 17/74 [02:39<08:56,  9.41s/it]
[1A 19%|█▉        | 14/74 [02:11<09:21,  9.35s/it]
[1A 18%|█▊        | 13/74 [02:02<09:34,  9.42s/it]
[1A 19%|█▉        | 14/74 [02:12<09:25,  9.43s/it]
[1A 20%|██        | 15/74 [02:20<09:12,  9.37s/it]
[1A 14%|█▎        | 10/74 [01:34<10:07,  9.50s/it]
[1A 16%|█▌        | 12/74 [01:53<09:47,  9.48s/it]
[1A 23%|██▎       | 17/74 [02:40<08:57,  9.44s/it]
[1A 15%|█▍        | 11/74 [01:52<10:23,  9.89s/it]
[1A 23%|██▎       | 17/74 [02:40<08:58,  9.45s/it]
[1A 24%|██▍       | 18/74 [02:49<08:46,  9.40s/it]
[1A 20%|██        | 15/74 [02:20<09:12,  9.36s/it]
[1A 19%|█▉        | 14/74 [02:12<09:25,  9.43s/it]
[1A 20%|██        | 15/74 [02:21<09:16,  9.43s/it]
[1A 22%|██▏       | 16/74 [02:29<09:03,  9.37s/it]
[1A 15%|█▍        | 11/74 [01:44<09:57,  9.48s/it]
[1A 18%|█▊        | 13/74 [02:03<09:38,  9.49s/it]
[1A 24%|██▍       | 18/74 [02:49<08:48,  9.44s/it]
[1A 16%|█▌        | 12/74 [02:02<10:03,  9.74s/it]
[1A 24%|██▍       | 18/74 [02:50<08:49,  9.45s/it]
[1A 26%|██▌       | 19/74 [02:58<08:36,  9.39s/it]
[1A 22%|██▏       | 16/74 [02:29<09:02,  9.36s/it]
[1A 20%|██        | 15/74 [02:21<09:16,  9.43s/it]
[1A 22%|██▏       | 16/74 [02:30<09:07,  9.43s/it]
[1A 23%|██▎       | 17/74 [02:39<08:54,  9.37s/it]
[1A 16%|█▌        | 12/74 [01:53<09:46,  9.46s/it]
[1A 19%|█▉        | 14/74 [02:12<09:29,  9.49s/it]
[1A 26%|██▌       | 19/74 [02:59<08:39,  9.44s/it]
[1A 18%|█▊        | 13/74 [02:11<09:49,  9.66s/it]
[1A 26%|██▌       | 19/74 [02:59<08:39,  9.44s/it]
{'loss': 1.9879, 'grad_norm': 0.4402540326118469, 'learning_rate': 0.00017301790727058345, 'epoch': 0.53}
[1A 27%|██▋       | 20/74 [03:07<08:26,  9.39s/it]                                               
[1A
[1A 27%|██▋       | 20/74 [03:07<08:26,  9.39s/it]
[1A 23%|██▎       | 17/74 [02:39<08:53,  9.36s/it]
[1A 22%|██▏       | 16/74 [02:30<09:07,  9.44s/it]
[1A 23%|██▎       | 17/74 [02:40<08:57,  9.43s/it]
[1A 24%|██▍       | 18/74 [02:48<08:44,  9.37s/it]
[1A 18%|█▊        | 13/74 [02:03<09:36,  9.46s/it]
[1A 20%|██        | 15/74 [02:22<09:19,  9.49s/it]
[1A 27%|██▋       | 20/74 [03:08<08:29,  9.44s/it]
[1A                                               
{'loss': 2.0174, 'grad_norm': 0.4390069246292114, 'learning_rate': 0.00017301790727058345, 'epoch': 0.53}
[1A
[1A 27%|██▋       | 20/74 [03:08<08:29,  9.44s/it]
[1A 27%|██▋       | 20/74 [03:08<08:28,  9.42s/it]
[1A 19%|█▉        | 14/74 [02:21<09:35,  9.59s/it]                                               
{'loss': 2.0199, 'grad_norm': 0.43074744939804077, 'learning_rate': 0.00017301790727058345, 'epoch': 0.53}
[1A
[1A 27%|██▋       | 20/74 [03:08<08:28,  9.42s/it]
[1A 28%|██▊       | 21/74 [03:17<08:17,  9.38s/it]
[1A 24%|██▍       | 18/74 [02:48<08:44,  9.36s/it]
[1A 23%|██▎       | 17/74 [02:40<08:57,  9.43s/it]
[1A 24%|██▍       | 18/74 [02:49<08:48,  9.43s/it]
[1A 26%|██▌       | 19/74 [02:58<08:34,  9.36s/it]
[1A 19%|█▉        | 14/74 [02:12<09:28,  9.47s/it]
[1A 22%|██▏       | 16/74 [02:31<09:09,  9.48s/it]
[1A 28%|██▊       | 21/74 [03:18<08:20,  9.44s/it]
[1A 28%|██▊       | 21/74 [03:18<08:17,  9.39s/it]
[1A 20%|██        | 15/74 [02:30<09:22,  9.54s/it]
[1A 30%|██▉       | 22/74 [03:26<08:07,  9.38s/it]
[1A 26%|██▌       | 19/74 [02:57<08:34,  9.36s/it]
[1A 24%|██▍       | 18/74 [02:49<08:47,  9.43s/it]
[1A 26%|██▌       | 19/74 [02:59<08:38,  9.43s/it]
[1A 27%|██▋       | 20/74 [03:07<08:25,  9.36s/it]                                               
{'loss': 2.0216, 'grad_norm': 0.44695281982421875, 'learning_rate': 0.00017301790727058345, 'epoch': 0.53}
[1A
[1A 27%|██▋       | 20/74 [03:07<08:25,  9.36s/it]
[1A 20%|██        | 15/74 [02:22<09:20,  9.49s/it]
[1A 23%|██▎       | 17/74 [02:41<09:00,  9.48s/it]
[1A 30%|██▉       | 22/74 [03:27<08:10,  9.44s/it]
[1A 30%|██▉       | 22/74 [03:27<08:07,  9.37s/it]
[1A 22%|██▏       | 16/74 [02:39<09:10,  9.50s/it]
[1A 31%|███       | 23/74 [03:35<07:58,  9.38s/it]
[1A 27%|██▋       | 20/74 [03:07<08:25,  9.36s/it]                                               
{'loss': 1.7532, 'grad_norm': 0.4199630618095398, 'learning_rate': 0.00017301790727058345, 'epoch': 0.53}
[1A
[1A 27%|██▋       | 20/74 [03:07<08:25,  9.36s/it]
[1A 26%|██▌       | 19/74 [02:59<08:38,  9.42s/it]
[1A 27%|██▋       | 20/74 [03:08<08:28,  9.42s/it]                                               
{'loss': 1.7794, 'grad_norm': 0.4226146638393402, 'learning_rate': 0.00017301790727058345, 'epoch': 0.53}
[1A
[1A 27%|██▋       | 20/74 [03:08<08:28,  9.42s/it]
[1A 28%|██▊       | 21/74 [03:16<08:16,  9.36s/it]
[1A 22%|██▏       | 16/74 [02:31<09:11,  9.50s/it]
[1A 24%|██▍       | 18/74 [02:50<08:50,  9.48s/it]
[1A 31%|███       | 23/74 [03:36<08:01,  9.44s/it]
[1A 31%|███       | 23/74 [03:36<07:57,  9.36s/it]
[1A 23%|██▎       | 17/74 [02:49<08:59,  9.46s/it]
[1A 32%|███▏      | 24/74 [03:45<07:49,  9.39s/it]
[1A 28%|██▊       | 21/74 [03:16<08:15,  9.35s/it]
[1A 27%|██▋       | 20/74 [03:08<08:28,  9.42s/it]                                               
{'loss': 1.7932, 'grad_norm': 0.4237824082374573, 'learning_rate': 0.00017301790727058345, 'epoch': 0.53}
[1A
[1A 27%|██▋       | 20/74 [03:08<08:28,  9.42s/it]
[1A 28%|██▊       | 21/74 [03:17<08:19,  9.42s/it]
[1A 30%|██▉       | 22/74 [03:26<08:06,  9.36s/it]
[1A 23%|██▎       | 17/74 [02:41<09:01,  9.50s/it]
[1A 26%|██▌       | 19/74 [03:00<08:41,  9.48s/it]
[1A 32%|███▏      | 24/74 [03:46<07:52,  9.44s/it]
[1A 32%|███▏      | 24/74 [03:46<07:47,  9.35s/it]
[1A 24%|██▍       | 18/74 [02:58<08:49,  9.46s/it]
[1A 34%|███▍      | 25/74 [03:54<07:40,  9.40s/it]
[1A 30%|██▉       | 22/74 [03:25<08:06,  9.35s/it]
[1A 28%|██▊       | 21/74 [03:18<08:19,  9.43s/it]
[1A 30%|██▉       | 22/74 [03:27<08:09,  9.42s/it]
[1A 31%|███       | 23/74 [03:35<07:57,  9.36s/it]
[1A 24%|██▍       | 18/74 [02:50<08:51,  9.49s/it]
[1A 27%|██▋       | 20/74 [03:09<08:31,  9.48s/it]
[1A                                               
{'loss': 1.7591, 'grad_norm': 0.41646718978881836, 'learning_rate': 0.00017301790727058345, 'epoch': 0.53}
[1A
[1A 27%|██▋       | 20/74 [03:09<08:31,  9.48s/it]
[1A 34%|███▍      | 25/74 [03:55<07:42,  9.44s/it]
[1A 34%|███▍      | 25/74 [03:55<07:37,  9.34s/it]
[1A 26%|██▌       | 19/74 [03:08<08:40,  9.46s/it]
[1A 35%|███▌      | 26/74 [04:04<07:31,  9.41s/it]
[1A 31%|███       | 23/74 [03:35<07:56,  9.35s/it]
[1A 30%|██▉       | 22/74 [03:27<08:10,  9.43s/it]
[1A 31%|███       | 23/74 [03:36<08:00,  9.42s/it]
[1A 32%|███▏      | 24/74 [03:44<07:48,  9.36s/it]
[1A 26%|██▌       | 19/74 [03:00<08:41,  9.48s/it]
[1A 28%|██▊       | 21/74 [03:19<08:22,  9.49s/it]
[1A 35%|███▌      | 26/74 [04:05<07:33,  9.44s/it]
[1A 35%|███▌      | 26/74 [04:04<07:28,  9.34s/it]
[1A 27%|██▋       | 20/74 [03:17<08:31,  9.47s/it]                                               
{'loss': 1.7981, 'grad_norm': 0.46878042817115784, 'learning_rate': 0.00017301790727058345, 'epoch': 0.53}
[1A
[1A 27%|██▋       | 20/74 [03:17<08:31,  9.47s/it]
[1A 36%|███▋      | 27/74 [04:13<07:22,  9.42s/it]
[1A 32%|███▏      | 24/74 [03:44<07:47,  9.35s/it]
[1A 31%|███       | 23/74 [03:36<08:00,  9.43s/it]
[1A 32%|███▏      | 24/74 [03:46<07:51,  9.42s/it]
[1A 34%|███▍      | 25/74 [03:54<07:38,  9.36s/it]
[1A 27%|██▋       | 20/74 [03:09<08:31,  9.47s/it]
[1A                                               
{'loss': 1.7777, 'grad_norm': 0.43289756774902344, 'learning_rate': 0.00017301790727058345, 'epoch': 0.53}
[1A
[1A 27%|██▋       | 20/74 [03:09<08:31,  9.47s/it]
[1A 30%|██▉       | 22/74 [03:28<08:13,  9.49s/it]
[1A 36%|███▋      | 27/74 [04:14<07:23,  9.44s/it]
[1A 36%|███▋      | 27/74 [04:14<07:19,  9.34s/it]
[1A 28%|██▊       | 21/74 [03:27<08:23,  9.51s/it]
[1A 38%|███▊      | 28/74 [04:23<07:13,  9.43s/it]
[1A 34%|███▍      | 25/74 [03:54<07:38,  9.35s/it]
[1A 32%|███▏      | 24/74 [03:46<07:51,  9.42s/it]
[1A 34%|███▍      | 25/74 [03:55<07:41,  9.42s/it]
[1A 35%|███▌      | 26/74 [04:03<07:29,  9.37s/it]
[1A 28%|██▊       | 21/74 [03:19<08:21,  9.46s/it]
[1A 31%|███       | 23/74 [03:38<08:03,  9.49s/it]
[1A 38%|███▊      | 28/74 [04:24<07:14,  9.44s/it]
[1A 38%|███▊      | 28/74 [04:23<07:10,  9.35s/it]
[1A 30%|██▉       | 22/74 [03:36<08:13,  9.49s/it]
[1A 35%|███▌      | 26/74 [04:03<07:29,  9.36s/it]
[1A 39%|███▉      | 29/74 [04:32<07:06,  9.48s/it]
[1A 34%|███▍      | 25/74 [03:55<07:41,  9.42s/it]
[1A 35%|███▌      | 26/74 [04:05<07:32,  9.42s/it]
[1A 36%|███▋      | 27/74 [04:12<07:20,  9.37s/it]
[1A 30%|██▉       | 22/74 [03:28<08:12,  9.46s/it]
[1A 32%|███▏      | 24/74 [03:47<07:54,  9.49s/it]
[1A 39%|███▉      | 29/74 [04:33<07:07,  9.49s/it]
[1A 39%|███▉      | 29/74 [04:33<07:04,  9.42s/it]
[1A 31%|███       | 23/74 [03:46<08:05,  9.52s/it]
[1A 36%|███▋      | 27/74 [04:12<07:19,  9.36s/it]
[1A 41%|████      | 30/74 [04:42<06:56,  9.47s/it]
[1A 35%|███▌      | 26/74 [04:05<07:32,  9.42s/it]
[1A 36%|███▋      | 27/74 [04:14<07:22,  9.42s/it]
[1A 38%|███▊      | 28/74 [04:22<07:10,  9.36s/it]
[1A 31%|███       | 23/74 [03:38<08:02,  9.46s/it]
[1A 34%|███▍      | 25/74 [03:57<07:44,  9.49s/it]
[1A 41%|████      | 30/74 [04:43<06:56,  9.48s/it]
[1A 41%|████      | 30/74 [04:42<06:54,  9.42s/it]
[1A 38%|███▊      | 28/74 [04:22<07:10,  9.36s/it]
[1A 42%|████▏     | 31/74 [04:51<06:46,  9.45s/it]
[1A 36%|███▋      | 27/74 [04:14<07:22,  9.42s/it]
[1A 38%|███▊      | 28/74 [04:23<07:13,  9.42s/it]
[1A 39%|███▉      | 29/74 [04:31<07:03,  9.42s/it]
[1A 32%|███▏      | 24/74 [03:47<07:53,  9.47s/it]
[1A 35%|███▌      | 26/74 [04:06<07:35,  9.49s/it]
[1A 42%|████▏     | 31/74 [04:52<06:46,  9.46s/it]
[1A 42%|████▏     | 31/74 [04:51<06:45,  9.43s/it]
[1A 39%|███▉      | 29/74 [04:31<07:01,  9.36s/it]
[1A 43%|████▎     | 32/74 [05:01<06:36,  9.44s/it]
[1A 38%|███▊      | 28/74 [04:24<07:13,  9.43s/it]
[1A 39%|███▉      | 29/74 [04:33<07:04,  9.42s/it]
[1A 41%|████      | 30/74 [04:41<06:53,  9.40s/it]
[1A 34%|███▍      | 25/74 [03:57<07:44,  9.47s/it]
[1A 36%|███▋      | 27/74 [04:16<07:25,  9.49s/it]
[1A 43%|████▎     | 32/74 [05:02<06:37,  9.45s/it]
[1A 43%|████▎     | 32/74 [05:01<06:36,  9.44s/it]
[1A 41%|████      | 30/74 [04:40<06:51,  9.36s/it]
[1A 45%|████▍     | 33/74 [05:10<06:26,  9.43s/it]
[1A 39%|███▉      | 29/74 [04:33<07:03,  9.42s/it]
[1A 41%|████      | 30/74 [04:42<06:54,  9.42s/it]
[1A 42%|████▏     | 31/74 [04:50<06:43,  9.39s/it]
[1A 35%|███▌      | 26/74 [04:06<07:35,  9.48s/it]
[1A 38%|███▊      | 28/74 [04:25<07:16,  9.49s/it]
[1A 45%|████▍     | 33/74 [05:11<06:27,  9.45s/it]
[1A 45%|████▍     | 33/74 [05:10<06:27,  9.44s/it]
[1A 42%|████▏     | 31/74 [04:50<06:42,  9.36s/it]
[1A 46%|████▌     | 34/74 [05:19<06:17,  9.43s/it]
[1A 41%|████      | 30/74 [04:42<06:54,  9.42s/it]
[1A 42%|████▏     | 31/74 [04:52<06:45,  9.42s/it]
[1A 43%|████▎     | 32/74 [04:59<06:33,  9.38s/it]
[1A 36%|███▋      | 27/74 [04:15<07:25,  9.48s/it]
[1A 39%|███▉      | 29/74 [04:35<07:06,  9.48s/it]
[1A 46%|████▌     | 34/74 [05:20<06:17,  9.45s/it]
[1A 46%|████▌     | 34/74 [05:20<06:17,  9.44s/it]
[1A 43%|████▎     | 32/74 [04:59<06:33,  9.36s/it]
[1A 47%|████▋     | 35/74 [05:29<06:07,  9.43s/it]
[1A 42%|████▏     | 31/74 [04:52<06:45,  9.42s/it]
[1A 43%|████▎     | 32/74 [05:01<06:35,  9.42s/it]
[1A 45%|████▍     | 33/74 [05:09<06:24,  9.37s/it]
[1A 38%|███▊      | 28/74 [04:25<07:15,  9.46s/it]
[1A 41%|████      | 30/74 [04:44<06:57,  9.49s/it]
[1A 47%|████▋     | 35/74 [05:30<06:08,  9.45s/it]
[1A 47%|████▋     | 35/74 [05:29<06:07,  9.42s/it]
[1A 45%|████▍     | 33/74 [05:08<06:23,  9.36s/it]
[1A 49%|████▊     | 36/74 [05:38<05:58,  9.43s/it]
[1A 43%|████▎     | 32/74 [05:01<06:35,  9.42s/it]
[1A 45%|████▍     | 33/74 [05:11<06:26,  9.42s/it]
[1A 32%|███▏      | 24/74 [04:45<20:26, 24.53s/it]
[1A 46%|████▌     | 34/74 [05:18<06:14,  9.37s/it]
[1A 39%|███▉      | 29/74 [04:34<07:05,  9.45s/it]
[1A 42%|████▏     | 31/74 [04:54<06:47,  9.49s/it]
[1A 49%|████▊     | 36/74 [05:39<05:58,  9.44s/it]
[1A 49%|████▊     | 36/74 [05:39<05:57,  9.41s/it]
[1A 46%|████▌     | 34/74 [05:18<06:14,  9.36s/it]
[1A 50%|█████     | 37/74 [05:48<05:48,  9.43s/it]
[1A 45%|████▍     | 33/74 [05:11<06:26,  9.42s/it]
[1A 46%|████▌     | 34/74 [05:20<06:16,  9.42s/it]
[1A 47%|████▋     | 35/74 [05:28<06:05,  9.37s/it]
[1A 51%|█████▏    | 38/74 [05:52<04:48,  8.02s/it]
[1A 41%|████      | 30/74 [04:44<06:55,  9.44s/it]
[1A 43%|████▎     | 32/74 [05:03<06:38,  9.49s/it]
[1A 34%|███▍      | 25/74 [04:59<17:27, 21.37s/it]
[1A 50%|█████     | 37/74 [05:48<05:48,  9.41s/it]
[1A 50%|█████     | 37/74 [05:49<05:49,  9.44s/it]
[1A 47%|████▋     | 35/74 [05:27<06:04,  9.36s/it]
[1A 46%|████▌     | 34/74 [05:20<06:16,  9.42s/it]
[1A 47%|████▋     | 35/74 [05:29<06:07,  9.42s/it]
[1A 49%|████▊     | 36/74 [05:37<05:56,  9.38s/it]
[1A 51%|█████▏    | 38/74 [05:53<04:47,  8.00s/it]
[1A 51%|█████▏    | 38/74 [05:54<04:49,  8.04s/it]
[1A 53%|█████▎    | 39/74 [06:02<04:55,  8.44s/it]
[1A 42%|████▏     | 31/74 [04:53<06:45,  9.44s/it]
[1A 35%|███▌      | 26/74 [05:09<14:14, 17.80s/it]
[1A 45%|████▍     | 33/74 [05:13<06:29,  9.49s/it]
[1A 49%|████▊     | 36/74 [05:36<05:55,  9.35s/it]
[1A 47%|████▋     | 35/74 [05:29<06:07,  9.42s/it]
[1A 49%|████▊     | 36/74 [05:39<05:57,  9.42s/it]
[1A 50%|█████     | 37/74 [05:46<05:46,  9.38s/it]
[1A 53%|█████▎    | 39/74 [06:02<04:54,  8.42s/it]
[1A 53%|█████▎    | 39/74 [06:03<04:56,  8.46s/it]
[1A 54%|█████▍    | 40/74 [06:11<04:56,  8.73s/it]                                               
{'loss': 1.4851, 'grad_norm': 0.44508278369903564, 'learning_rate': 9.336770435648964e-05, 'epoch': 1.05}
[1A
[1A 54%|█████▍    | 40/74 [06:11<04:56,  8.73s/it]
[1A 43%|████▎     | 32/74 [05:03<06:36,  9.43s/it]
[1A 46%|████▌     | 34/74 [05:22<06:20,  9.50s/it]
[1A 36%|███▋      | 27/74 [05:19<12:01, 15.35s/it]
[1A 51%|█████▏    | 38/74 [05:51<04:47,  7.98s/it]
[1A 50%|█████     | 37/74 [05:46<05:46,  9.35s/it]
[1A 49%|████▊     | 36/74 [05:39<05:58,  9.43s/it]
[1A 50%|█████     | 37/74 [05:48<05:48,  9.43s/it]
{'loss': 1.5028, 'grad_norm': 0.4666406512260437, 'learning_rate': 9.336770435648964e-05, 'epoch': 1.05}
[1A 54%|█████▍    | 40/74 [06:12<04:56,  8.72s/it]                                               
[1A
[1A 54%|█████▍    | 40/74 [06:12<04:56,  8.72s/it]
[1A 54%|█████▍    | 40/74 [06:12<04:57,  8.76s/it]
[1A                                               
{'loss': 1.5086, 'grad_norm': 0.4726368486881256, 'learning_rate': 9.336770435648964e-05, 'epoch': 1.05}
[1A
[1A 54%|█████▍    | 40/74 [06:12<04:57,  8.76s/it]
[1A 51%|█████▏    | 38/74 [05:51<04:46,  7.96s/it]
[1A 55%|█████▌    | 41/74 [06:21<04:55,  8.94s/it]
[1A 45%|████▍     | 33/74 [05:12<06:26,  9.43s/it]
[1A 51%|█████▏    | 38/74 [05:53<04:48,  8.02s/it]
[1A 47%|████▋     | 35/74 [05:32<06:10,  9.50s/it]
[1A 53%|█████▎    | 39/74 [06:00<04:53,  8.39s/it]
[1A 50%|█████     | 37/74 [05:48<05:48,  9.43s/it]
[1A 55%|█████▌    | 41/74 [06:21<04:54,  8.94s/it]
[1A 55%|█████▌    | 41/74 [06:22<04:55,  8.96s/it]
[1A 53%|█████▎    | 39/74 [06:00<04:53,  8.38s/it]
[1A 57%|█████▋    | 42/74 [06:30<04:50,  9.09s/it]
[1A 51%|█████▏    | 38/74 [05:53<04:48,  8.02s/it]
[1A 46%|████▌     | 34/74 [05:21<06:17,  9.43s/it]
[1A 53%|█████▎    | 39/74 [06:02<04:55,  8.44s/it]
[1A 49%|████▊     | 36/74 [05:41<06:01,  9.50s/it]
[1A 54%|█████▍    | 40/74 [06:10<04:55,  8.68s/it]                                               
{'loss': 1.5253, 'grad_norm': 0.46498075127601624, 'learning_rate': 9.336770435648964e-05, 'epoch': 1.05}
[1A
[1A 54%|█████▍    | 40/74 [06:10<04:55,  8.68s/it]
[1A 57%|█████▋    | 42/74 [06:30<04:50,  9.09s/it]
[1A 57%|█████▋    | 42/74 [06:31<04:51,  9.10s/it]
[1A 54%|█████▍    | 40/74 [06:09<04:54,  8.67s/it]                                               
{'loss': 1.4145, 'grad_norm': 0.42866218090057373, 'learning_rate': 9.336770435648964e-05, 'epoch': 1.05}
[1A
[1A 54%|█████▍    | 40/74 [06:09<04:54,  8.67s/it]
[1A 58%|█████▊    | 43/74 [06:39<04:44,  9.19s/it]
[1A 53%|█████▎    | 39/74 [06:02<04:55,  8.45s/it]
[1A 47%|████▋     | 35/74 [05:31<06:07,  9.44s/it]
[1A 54%|█████▍    | 40/74 [06:12<04:56,  8.73s/it]                                               
{'loss': 1.4355, 'grad_norm': 0.42930471897125244, 'learning_rate': 9.336770435648964e-05, 'epoch': 1.05}
[1A
[1A 54%|█████▍    | 40/74 [06:12<04:56,  8.73s/it]
[1A 50%|█████     | 37/74 [05:51<05:51,  9.51s/it]
[1A 55%|█████▌    | 41/74 [06:19<04:53,  8.90s/it]
[1A 51%|█████▏    | 38/74 [05:55<04:51,  8.09s/it]
[1A 58%|█████▊    | 43/74 [06:40<04:44,  9.19s/it]
[1A 58%|█████▊    | 43/74 [06:41<04:45,  9.20s/it]
[1A 55%|█████▌    | 41/74 [06:19<04:52,  8.88s/it]
[1A 59%|█████▉    | 44/74 [06:49<04:37,  9.25s/it]
{'loss': 1.4294, 'grad_norm': 0.42822903394699097, 'learning_rate': 9.336770435648964e-05, 'epoch': 1.05}
[1A 54%|█████▍    | 40/74 [06:12<04:57,  8.74s/it]                                               
[1A
[1A 54%|█████▍    | 40/74 [06:12<04:57,  8.74s/it]
[1A 49%|████▊     | 36/74 [05:40<05:59,  9.45s/it]
[1A 55%|█████▌    | 41/74 [06:21<04:55,  8.94s/it]
[1A 57%|█████▋    | 42/74 [06:29<04:49,  9.04s/it]
[1A 53%|█████▎    | 39/74 [06:05<04:58,  8.53s/it]
[1A 59%|█████▉    | 44/74 [06:49<04:37,  9.26s/it]
[1A 59%|█████▉    | 44/74 [06:50<04:37,  9.26s/it]
[1A 57%|█████▋    | 42/74 [06:28<04:48,  9.02s/it]
[1A 61%|██████    | 45/74 [06:58<04:29,  9.29s/it]
[1A 55%|█████▌    | 41/74 [06:21<04:55,  8.96s/it]
[1A 50%|█████     | 37/74 [05:50<05:50,  9.47s/it]
[1A 57%|█████▋    | 42/74 [06:31<04:50,  9.08s/it]
[1A 38%|███▊      | 28/74 [06:05<18:57, 24.73s/it]
[1A 58%|█████▊    | 43/74 [06:38<04:43,  9.14s/it]
[1A 51%|█████▏    | 38/74 [05:55<04:50,  8.06s/it]
{'loss': 1.4241, 'grad_norm': 0.4272734522819519, 'learning_rate': 9.336770435648964e-05, 'epoch': 1.05}
[1A 54%|█████▍    | 40/74 [06:14<04:59,  8.81s/it]                                               
[1A
[1A 54%|█████▍    | 40/74 [06:14<04:59,  8.81s/it]
[1A 61%|██████    | 45/74 [06:59<04:30,  9.32s/it]
[1A 61%|██████    | 45/74 [07:00<04:29,  9.30s/it]
[1A 58%|█████▊    | 43/74 [06:37<04:42,  9.12s/it]
[1A 62%|██████▏   | 46/74 [07:08<04:20,  9.31s/it]
[1A 57%|█████▋    | 42/74 [06:31<04:51,  9.09s/it]
[1A 58%|█████▊    | 43/74 [06:40<04:44,  9.19s/it]
[1A 39%|███▉      | 29/74 [06:15<15:11, 20.26s/it]
[1A 59%|█████▉    | 44/74 [06:47<04:36,  9.21s/it]
[1A 53%|█████▎    | 39/74 [06:04<04:57,  8.50s/it]
[1A 55%|█████▌    | 41/74 [06:24<04:57,  9.03s/it]
[1A 62%|██████▏   | 46/74 [07:08<04:21,  9.35s/it]
[1A 62%|██████▏   | 46/74 [07:09<04:21,  9.34s/it]
[1A 59%|█████▉    | 44/74 [06:47<04:35,  9.19s/it]
[1A 64%|██████▎   | 47/74 [07:17<04:11,  9.33s/it]
[1A 58%|█████▊    | 43/74 [06:40<04:45,  9.20s/it]
[1A 59%|█████▉    | 44/74 [06:50<04:37,  9.26s/it]
[1A 41%|████      | 30/74 [06:24<12:28, 17.01s/it]
[1A 61%|██████    | 45/74 [06:57<04:28,  9.26s/it]
[1A 54%|█████▍    | 40/74 [06:14<04:59,  8.80s/it]
[1A                                               
{'loss': 1.4482, 'grad_norm': 0.4326211214065552, 'learning_rate': 9.336770435648964e-05, 'epoch': 1.05}
[1A
[1A 54%|█████▍    | 40/74 [06:14<04:59,  8.80s/it]
[1A 57%|█████▋    | 42/74 [06:33<04:53,  9.18s/it]
[1A 61%|██████    | 45/74 [06:56<04:27,  9.24s/it]
[1A 64%|██████▎   | 47/74 [07:18<04:12,  9.36s/it]
[1A 64%|██████▎   | 47/74 [07:18<04:13,  9.39s/it]
[1A 65%|██████▍   | 48/74 [07:26<04:02,  9.34s/it]
[1A 59%|█████▉    | 44/74 [06:50<04:37,  9.27s/it]
[1A 61%|██████    | 45/74 [06:59<04:29,  9.31s/it]
[1A 62%|██████▏   | 46/74 [07:06<04:20,  9.29s/it]
[1A 42%|████▏     | 31/74 [06:34<10:34, 14.76s/it]
[1A 55%|█████▌    | 41/74 [06:23<04:57,  9.01s/it]
[1A 62%|██████▏   | 46/74 [07:05<04:19,  9.28s/it]
[1A 65%|██████▍   | 48/74 [07:28<04:04,  9.39s/it]
[1A 58%|█████▊    | 43/74 [06:43<04:47,  9.28s/it]
[1A 65%|██████▍   | 48/74 [07:27<04:04,  9.41s/it]
[1A 66%|██████▌   | 49/74 [07:36<03:53,  9.36s/it]
[1A 61%|██████    | 45/74 [06:59<04:30,  9.31s/it]
[1A 62%|██████▏   | 46/74 [07:08<04:21,  9.35s/it]
[1A 64%|██████▎   | 47/74 [07:15<04:11,  9.31s/it]
[1A 43%|████▎     | 32/74 [06:43<09:12, 13.17s/it]
[1A 57%|█████▋    | 42/74 [06:33<04:52,  9.14s/it]
[1A 64%|██████▎   | 47/74 [07:15<04:11,  9.30s/it]
[1A 66%|██████▌   | 49/74 [07:37<03:55,  9.42s/it]
[1A 66%|██████▌   | 49/74 [07:37<03:55,  9.40s/it]
[1A 59%|█████▉    | 44/74 [06:52<04:40,  9.34s/it]
[1A 68%|██████▊   | 50/74 [07:45<03:44,  9.37s/it]
[1A 62%|██████▏   | 46/74 [07:09<04:21,  9.35s/it]
[1A 64%|██████▎   | 47/74 [07:18<04:13,  9.37s/it]
[1A 65%|██████▍   | 48/74 [07:25<04:02,  9.32s/it]
[1A 45%|████▍     | 33/74 [06:53<08:13, 12.05s/it]
[1A 58%|█████▊    | 43/74 [06:42<04:46,  9.24s/it]
[1A 65%|██████▍   | 48/74 [07:24<04:02,  9.32s/it]
[1A 68%|██████▊   | 50/74 [07:47<03:46,  9.42s/it]
[1A 68%|██████▊   | 50/74 [07:46<03:46,  9.43s/it]
[1A 61%|██████    | 45/74 [07:02<04:32,  9.39s/it]
[1A 69%|██████▉   | 51/74 [07:55<03:35,  9.39s/it]
[1A 64%|██████▎   | 47/74 [07:18<04:13,  9.37s/it]
[1A 65%|██████▍   | 48/74 [07:27<04:04,  9.39s/it]
[1A 66%|██████▌   | 49/74 [07:34<03:53,  9.33s/it]
[1A 46%|████▌     | 34/74 [07:02<07:30, 11.27s/it]
[1A 59%|█████▉    | 44/74 [06:52<04:38,  9.30s/it]
[1A 66%|██████▌   | 49/74 [07:33<03:53,  9.33s/it]
[1A 69%|██████▉   | 51/74 [07:56<03:36,  9.43s/it]
[1A 69%|██████▉   | 51/74 [07:55<03:37,  9.44s/it]
[1A 62%|██████▏   | 46/74 [07:11<04:23,  9.42s/it]
[1A 70%|███████   | 52/74 [08:04<03:26,  9.40s/it]
[1A 65%|██████▍   | 48/74 [07:27<04:04,  9.39s/it]
[1A 66%|██████▌   | 49/74 [07:37<03:55,  9.40s/it]
[1A 68%|██████▊   | 50/74 [07:43<03:44,  9.34s/it]
[1A 47%|████▋     | 35/74 [07:12<06:57, 10.71s/it]
[1A 61%|██████    | 45/74 [07:01<04:30,  9.33s/it]
[1A 68%|██████▊   | 50/74 [07:43<03:44,  9.33s/it]
[1A 70%|███████   | 52/74 [08:05<03:27,  9.44s/it]
[1A 70%|███████   | 52/74 [08:06<03:27,  9.44s/it]
[1A 64%|██████▎   | 47/74 [07:21<04:14,  9.44s/it]
[1A 72%|███████▏  | 53/74 [08:13<03:17,  9.41s/it]
[1A 66%|██████▌   | 49/74 [07:37<03:54,  9.39s/it]
[1A 68%|██████▊   | 50/74 [07:46<03:45,  9.41s/it]
[1A 69%|██████▉   | 51/74 [07:53<03:35,  9.35s/it]
[1A 49%|████▊     | 36/74 [07:21<06:31, 10.31s/it]
[1A 62%|██████▏   | 46/74 [07:10<04:22,  9.36s/it]
[1A 69%|██████▉   | 51/74 [07:52<03:34,  9.34s/it]
[1A 72%|███████▏  | 53/74 [08:14<03:18,  9.44s/it]
[1A 72%|███████▏  | 53/74 [08:15<03:18,  9.45s/it]
[1A 65%|██████▍   | 48/74 [07:30<04:05,  9.45s/it]
[1A 73%|███████▎  | 54/74 [08:23<03:08,  9.41s/it]
[1A 68%|██████▊   | 50/74 [07:46<03:45,  9.40s/it]
[1A 69%|██████▉   | 51/74 [07:56<03:36,  9.41s/it]
[1A 70%|███████   | 52/74 [08:02<03:25,  9.35s/it]
[1A 50%|█████     | 37/74 [07:30<06:11, 10.03s/it]
[1A 64%|██████▎   | 47/74 [07:20<04:13,  9.38s/it]
[1A 51%|█████▏    | 38/74 [07:35<05:03,  8.43s/it]
[1A 70%|███████   | 52/74 [08:01<03:25,  9.34s/it]
[1A 73%|███████▎  | 54/74 [08:24<03:08,  9.44s/it]
[1A 73%|███████▎  | 54/74 [08:25<03:09,  9.45s/it]
[1A 66%|██████▌   | 49/74 [07:40<03:56,  9.46s/it]
[1A 74%|███████▍  | 55/74 [08:32<02:58,  9.41s/it]
[1A 69%|██████▉   | 51/74 [07:56<03:36,  9.40s/it]
[1A 72%|███████▏  | 53/74 [08:12<03:16,  9.35s/it]
[1A 70%|███████   | 52/74 [08:05<03:27,  9.42s/it]
[1A 65%|██████▍   | 48/74 [07:29<04:04,  9.40s/it]
[1A 53%|█████▎    | 39/74 [07:44<05:05,  8.72s/it]
[1A 72%|███████▏  | 53/74 [08:11<03:16,  9.34s/it]
[1A 74%|███████▍  | 55/74 [08:34<02:59,  9.44s/it]
[1A 74%|███████▍  | 55/74 [08:33<02:59,  9.44s/it]
[1A 68%|██████▊   | 50/74 [07:49<03:47,  9.47s/it]
[1A 76%|███████▌  | 56/74 [08:42<02:49,  9.41s/it]
[1A 70%|███████   | 52/74 [08:05<03:26,  9.40s/it]
[1A 73%|███████▎  | 54/74 [08:21<03:07,  9.36s/it]
[1A 72%|███████▏  | 53/74 [08:14<03:17,  9.42s/it]
[1A 54%|█████▍    | 40/74 [07:54<05:03,  8.92s/it]
[1A 66%|██████▌   | 49/74 [07:39<03:55,  9.43s/it]
[1A                                               
{'loss': 1.4844, 'grad_norm': 0.4336566925048828, 'learning_rate': 9.336770435648964e-05, 'epoch': 1.05}
[1A
[1A 54%|█████▍    | 40/74 [07:54<05:03,  8.92s/it]
[1A 73%|███████▎  | 54/74 [08:20<03:06,  9.34s/it]
[1A 76%|███████▌  | 56/74 [08:43<02:49,  9.42s/it]
[1A 76%|███████▌  | 56/74 [08:43<02:50,  9.45s/it]
[1A 69%|██████▉   | 51/74 [07:59<03:37,  9.47s/it]
[1A 77%|███████▋  | 57/74 [08:51<02:40,  9.42s/it]
[1A 72%|███████▏  | 53/74 [08:14<03:17,  9.41s/it]
[1A 74%|███████▍  | 55/74 [08:30<02:57,  9.36s/it]
[1A 73%|███████▎  | 54/74 [08:24<03:08,  9.42s/it]
[1A 55%|█████▌    | 41/74 [08:03<04:59,  9.06s/it]
[1A 74%|███████▍  | 55/74 [08:30<02:57,  9.34s/it]
[1A 68%|██████▊   | 50/74 [07:48<03:46,  9.45s/it]
[1A 77%|███████▋  | 57/74 [08:53<02:40,  9.41s/it]
[1A 77%|███████▋  | 57/74 [08:52<02:40,  9.44s/it]
[1A 70%|███████   | 52/74 [08:08<03:28,  9.48s/it]
[1A 78%|███████▊  | 58/74 [09:01<02:30,  9.42s/it]
[1A 73%|███████▎  | 54/74 [08:24<03:08,  9.41s/it]
[1A 76%|███████▌  | 56/74 [08:40<02:48,  9.36s/it]
[1A 74%|███████▍  | 55/74 [08:33<02:58,  9.41s/it]
[1A 57%|█████▋    | 42/74 [08:13<04:53,  9.17s/it]
[1A 76%|███████▌  | 56/74 [08:39<02:48,  9.34s/it]
[1A 69%|██████▉   | 51/74 [07:58<03:37,  9.47s/it]
[1A 78%|███████▊  | 58/74 [09:02<02:30,  9.40s/it]
[1A 78%|███████▊  | 58/74 [09:02<02:31,  9.45s/it]
[1A 72%|███████▏  | 53/74 [08:18<03:19,  9.48s/it]
[1A 80%|███████▉  | 59/74 [09:10<02:21,  9.41s/it]
[1A 74%|███████▍  | 55/74 [08:33<02:58,  9.41s/it]
[1A 77%|███████▋  | 57/74 [08:49<02:39,  9.36s/it]
[1A 76%|███████▌  | 56/74 [08:43<02:49,  9.42s/it]
[1A 77%|███████▋  | 57/74 [08:48<02:38,  9.35s/it]
[1A 58%|█████▊    | 43/74 [08:22<04:46,  9.25s/it]
[1A 70%|███████   | 52/74 [08:07<03:28,  9.48s/it]
[1A 80%|███████▉  | 59/74 [09:11<02:20,  9.39s/it]
[1A 80%|███████▉  | 59/74 [09:11<02:21,  9.45s/it]
[1A 73%|███████▎  | 54/74 [08:27<03:09,  9.48s/it]
[1A 81%|████████  | 60/74 [09:20<02:12,  9.48s/it]
[1A                                               
{'loss': 1.3047, 'grad_norm': 0.4984627068042755, 'learning_rate': 1.858131132964259e-05, 'epoch': 1.59}
[1A
[1A 81%|████████  | 60/74 [09:20<02:12,  9.48s/it]
[1A 76%|███████▌  | 56/74 [08:43<02:49,  9.42s/it]
[1A 78%|███████▊  | 58/74 [08:58<02:29,  9.36s/it]
[1A 77%|███████▋  | 57/74 [08:52<02:40,  9.42s/it]
[1A 78%|███████▊  | 58/74 [08:58<02:29,  9.35s/it]
[1A 59%|█████▉    | 44/74 [08:32<04:39,  9.32s/it]
[1A 72%|███████▏  | 53/74 [08:17<03:19,  9.49s/it]
[1A 81%|████████  | 60/74 [09:21<02:12,  9.44s/it]
[1A                                               
{'loss': 1.3237, 'grad_norm': 0.5178419947624207, 'learning_rate': 1.858131132964259e-05, 'epoch': 1.59}
[1A
[1A 81%|████████  | 60/74 [09:21<02:12,  9.44s/it]
{'loss': 1.3214, 'grad_norm': 0.49467533826828003, 'learning_rate': 1.858131132964259e-05, 'epoch': 1.59}
[1A 81%|████████  | 60/74 [09:21<02:13,  9.51s/it]                                               
[1A
[1A 81%|████████  | 60/74 [09:21<02:13,  9.51s/it]
[1A 74%|███████▍  | 55/74 [08:37<03:00,  9.49s/it]
[1A 82%|████████▏ | 61/74 [09:29<02:03,  9.46s/it]
[1A 77%|███████▋  | 57/74 [08:52<02:40,  9.42s/it]
[1A 80%|███████▉  | 59/74 [09:08<02:20,  9.36s/it]
[1A 78%|███████▊  | 58/74 [09:01<02:30,  9.42s/it]
[1A 80%|███████▉  | 59/74 [09:07<02:20,  9.36s/it]
[1A 61%|██████    | 45/74 [08:41<04:31,  9.36s/it]
[1A 73%|███████▎  | 54/74 [08:26<03:10,  9.51s/it]
[1A 82%|████████▏ | 61/74 [09:30<02:02,  9.42s/it]
[1A 82%|████████▏ | 61/74 [09:30<02:03,  9.49s/it]
[1A 76%|███████▌  | 56/74 [08:46<02:50,  9.49s/it]
[1A 84%|████████▍ | 62/74 [09:38<01:53,  9.45s/it]
[1A 78%|███████▊  | 58/74 [09:02<02:30,  9.42s/it]
[1A 81%|████████  | 60/74 [09:17<02:11,  9.42s/it]
[1A                                               
{'loss': 1.3358, 'grad_norm': 0.5004366040229797, 'learning_rate': 1.858131132964259e-05, 'epoch': 1.59}
[1A
[1A 81%|████████  | 60/74 [09:17<02:11,  9.42s/it]
[1A 80%|███████▉  | 59/74 [09:11<02:21,  9.42s/it]
[1A 81%|████████  | 60/74 [09:16<02:11,  9.36s/it]                                               
{'loss': 1.2343, 'grad_norm': 0.5068616271018982, 'learning_rate': 1.858131132964259e-05, 'epoch': 1.59}
[1A
[1A 81%|████████  | 60/74 [09:16<02:11,  9.36s/it]
[1A 62%|██████▏   | 46/74 [08:50<04:22,  9.38s/it]
[1A 74%|███████▍  | 55/74 [08:36<03:00,  9.51s/it]
[1A 84%|████████▍ | 62/74 [09:40<01:52,  9.41s/it]
[1A 84%|████████▍ | 62/74 [09:40<01:53,  9.49s/it]
[1A 77%|███████▋  | 57/74 [08:56<02:41,  9.49s/it]
[1A 85%|████████▌ | 63/74 [09:48<01:43,  9.45s/it]
[1A 80%|███████▉  | 59/74 [09:11<02:21,  9.42s/it]
[1A 82%|████████▏ | 61/74 [09:27<02:02,  9.40s/it]
[1A 81%|████████  | 60/74 [09:20<02:11,  9.42s/it]                                               
{'loss': 1.2493, 'grad_norm': 0.5094173550605774, 'learning_rate': 1.858131132964259e-05, 'epoch': 1.59}
[1A
[1A 81%|████████  | 60/74 [09:20<02:11,  9.42s/it]
[1A 82%|████████▏ | 61/74 [09:26<02:01,  9.36s/it]
[1A 64%|██████▎   | 47/74 [09:00<04:13,  9.39s/it]
[1A 76%|███████▌  | 56/74 [08:45<02:51,  9.51s/it]
[1A 85%|████████▌ | 63/74 [09:49<01:43,  9.40s/it]
[1A 85%|████████▌ | 63/74 [09:49<01:44,  9.48s/it]
[1A 78%|███████▊  | 58/74 [09:05<02:31,  9.49s/it]
[1A 86%|████████▋ | 64/74 [09:57<01:34,  9.47s/it]
[1A 81%|████████  | 60/74 [09:20<02:11,  9.42s/it]                                               
{'loss': 1.2456, 'grad_norm': 0.5090997219085693, 'learning_rate': 1.858131132964259e-05, 'epoch': 1.59}
[1A
[1A 81%|████████  | 60/74 [09:20<02:11,  9.42s/it]
[1A 84%|████████▍ | 62/74 [09:36<01:52,  9.40s/it]
[1A 82%|████████▏ | 61/74 [09:30<02:02,  9.42s/it]
[1A 84%|████████▍ | 62/74 [09:35<01:52,  9.36s/it]
[1A 65%|██████▍   | 48/74 [09:09<04:04,  9.39s/it]
[1A 77%|███████▋  | 57/74 [08:55<02:41,  9.53s/it]
[1A 86%|████████▋ | 64/74 [09:59<01:34,  9.40s/it]
[1A 86%|████████▋ | 64/74 [09:58<01:34,  9.47s/it]
[1A 80%|███████▉  | 59/74 [09:15<02:22,  9.49s/it]
[1A 88%|████████▊ | 65/74 [10:07<01:25,  9.46s/it]
[1A 82%|████████▏ | 61/74 [09:30<02:02,  9.42s/it]
[1A 85%|████████▌ | 63/74 [09:45<01:43,  9.39s/it]
[1A 84%|████████▍ | 62/74 [09:39<01:53,  9.42s/it]
[1A 85%|████████▌ | 63/74 [09:44<01:42,  9.36s/it]
[1A 66%|██████▌   | 49/74 [09:19<03:55,  9.40s/it]
[1A 88%|████████▊ | 65/74 [10:08<01:24,  9.41s/it]
[1A 78%|███████▊  | 58/74 [09:04<02:32,  9.52s/it]
[1A 88%|████████▊ | 65/74 [10:08<01:25,  9.46s/it]
[1A 81%|████████  | 60/74 [09:24<02:12,  9.48s/it]                                               
{'loss': 1.2415, 'grad_norm': 0.5156572461128235, 'learning_rate': 1.858131132964259e-05, 'epoch': 1.59}
[1A
[1A 81%|████████  | 60/74 [09:24<02:12,  9.48s/it]
[1A 89%|████████▉ | 66/74 [10:16<01:15,  9.46s/it]
[1A 84%|████████▍ | 62/74 [09:39<01:52,  9.42s/it]
[1A 86%|████████▋ | 64/74 [09:55<01:33,  9.39s/it]
[1A 85%|████████▌ | 63/74 [09:49<01:43,  9.42s/it]
[1A 86%|████████▋ | 64/74 [09:54<01:33,  9.36s/it]
[1A 68%|██████▊   | 50/74 [09:28<03:45,  9.41s/it]
[1A 89%|████████▉ | 66/74 [10:17<01:15,  9.41s/it]
[1A 80%|███████▉  | 59/74 [09:14<02:22,  9.51s/it]
[1A 89%|████████▉ | 66/74 [10:17<01:15,  9.46s/it]
[1A 82%|████████▏ | 61/74 [09:34<02:03,  9.48s/it]
[1A 91%|█████████ | 67/74 [10:26<01:06,  9.46s/it]
[1A 85%|████████▌ | 63/74 [09:49<01:43,  9.41s/it]
[1A 88%|████████▊ | 65/74 [10:04<01:24,  9.38s/it]
[1A 86%|████████▋ | 64/74 [09:58<01:34,  9.42s/it]
[1A 88%|████████▊ | 65/74 [10:03<01:24,  9.36s/it]
[1A 69%|██████▉   | 51/74 [09:38<03:36,  9.42s/it]
[1A 91%|█████████ | 67/74 [10:27<01:05,  9.43s/it]
[1A 81%|████████  | 60/74 [09:23<02:13,  9.50s/it]
[1A                                               
{'loss': 1.267, 'grad_norm': 0.5110163688659668, 'learning_rate': 1.858131132964259e-05, 'epoch': 1.59}
[1A
[1A 81%|████████  | 60/74 [09:23<02:13,  9.50s/it]
[1A 91%|█████████ | 67/74 [10:27<01:06,  9.46s/it]
[1A 84%|████████▍ | 62/74 [09:43<01:53,  9.48s/it]
[1A 92%|█████████▏| 68/74 [10:35<00:56,  9.46s/it]
[1A 86%|████████▋ | 64/74 [09:58<01:34,  9.41s/it]
[1A 89%|████████▉ | 66/74 [10:13<01:14,  9.37s/it]
[1A 88%|████████▊ | 65/74 [10:07<01:24,  9.42s/it]
[1A 89%|████████▉ | 66/74 [10:12<01:14,  9.35s/it]
[1A 70%|███████   | 52/74 [09:47<03:27,  9.42s/it]
[1A 92%|█████████▏| 68/74 [10:36<00:56,  9.43s/it]
[1A 82%|████████▏ | 61/74 [09:33<02:03,  9.50s/it]
[1A 92%|█████████▏| 68/74 [10:36<00:56,  9.46s/it]
[1A 85%|████████▌ | 63/74 [09:53<01:44,  9.48s/it]
[1A 93%|█████████▎| 69/74 [10:45<00:47,  9.45s/it]
[1A 88%|████████▊ | 65/74 [10:07<01:24,  9.42s/it]
[1A 91%|█████████ | 67/74 [10:23<01:05,  9.37s/it]
[1A 89%|████████▉ | 66/74 [10:17<01:15,  9.42s/it]
[1A 91%|█████████ | 67/74 [10:22<01:05,  9.35s/it]
[1A 72%|███████▏  | 53/74 [09:56<03:17,  9.41s/it]
[1A 93%|█████████▎| 69/74 [10:46<00:47,  9.44s/it]
[1A 84%|████████▍ | 62/74 [09:43<01:54,  9.53s/it]
[1A 93%|█████████▎| 69/74 [10:46<00:47,  9.45s/it]
[1A 86%|████████▋ | 64/74 [10:02<01:34,  9.49s/it]
[1A 95%|█████████▍| 70/74 [10:54<00:37,  9.45s/it]
[1A 89%|████████▉ | 66/74 [10:17<01:15,  9.42s/it]
[1A 92%|█████████▏| 68/74 [10:32<00:56,  9.37s/it]
[1A 91%|█████████ | 67/74 [10:26<01:05,  9.42s/it]
[1A 92%|█████████▏| 68/74 [10:31<00:56,  9.35s/it]
[1A 73%|███████▎  | 54/74 [10:06<03:08,  9.41s/it]
[1A 95%|█████████▍| 70/74 [10:55<00:37,  9.45s/it]
[1A 85%|████████▌ | 63/74 [09:52<01:44,  9.53s/it]
[1A 95%|█████████▍| 70/74 [10:55<00:37,  9.44s/it]
[1A 88%|████████▊ | 65/74 [10:12<01:25,  9.49s/it]
[1A 96%|█████████▌| 71/74 [11:04<00:28,  9.45s/it]
[1A 91%|█████████ | 67/74 [10:26<01:05,  9.42s/it]
[1A 93%|█████████▎| 69/74 [10:42<00:46,  9.36s/it]
[1A 92%|█████████▏| 68/74 [10:36<00:56,  9.42s/it]
[1A 93%|█████████▎| 69/74 [10:41<00:46,  9.35s/it]
[1A 74%|███████▍  | 55/74 [10:15<02:58,  9.41s/it]
[1A 96%|█████████▌| 71/74 [11:05<00:28,  9.45s/it]
[1A 86%|████████▋ | 64/74 [10:02<01:35,  9.53s/it]
[1A 96%|█████████▌| 71/74 [11:05<00:28,  9.43s/it]
[1A 89%|████████▉ | 66/74 [10:21<01:15,  9.49s/it]
[1A 97%|█████████▋| 72/74 [11:13<00:18,  9.44s/it]
[1A 92%|█████████▏| 68/74 [10:36<00:56,  9.42s/it]
[1A 95%|█████████▍| 70/74 [10:51<00:37,  9.36s/it]
[1A 93%|█████████▎| 69/74 [10:45<00:47,  9.42s/it]
[1A 95%|█████████▍| 70/74 [10:50<00:37,  9.35s/it]
[1A 76%|███████▌  | 56/74 [10:25<02:49,  9.40s/it]
[1A 97%|█████████▋| 72/74 [11:14<00:18,  9.47s/it]
[1A 88%|████████▊ | 65/74 [10:11<01:25,  9.53s/it]
[1A 97%|█████████▋| 72/74 [11:14<00:18,  9.43s/it]
[1A 91%|█████████ | 67/74 [10:31<01:06,  9.49s/it]
[1A 99%|█████████▊| 73/74 [11:22<00:09,  9.44s/it]
[1A 93%|█████████▎| 69/74 [10:45<00:47,  9.41s/it]
[1A 96%|█████████▌| 71/74 [11:00<00:28,  9.36s/it]
[1A 95%|█████████▍| 70/74 [10:54<00:37,  9.42s/it]
[1A 96%|█████████▌| 71/74 [10:59<00:28,  9.35s/it]
[1A 77%|███████▋  | 57/74 [10:34<02:39,  9.40s/it]
[1A 99%|█████████▊| 73/74 [11:24<00:09,  9.46s/it]
[1A 99%|█████████▊| 73/74 [11:23<00:09,  9.43s/it]
[1A 89%|████████▉ | 66/74 [10:21<01:16,  9.53s/it]
[1A100%|██████████| 74/74 [11:32<00:00,  9.44s/it]
[1A 92%|█████████▏| 68/74 [10:40<00:56,  9.49s/it]
[1A                                               
{'train_runtime': 692.335, 'train_samples_per_second': 1.733, 'train_steps_per_second': 0.107, 'train_loss': 1.525023279963313, 'epoch': 1.96}
[1A
[1A100%|██████████| 74/74 [11:32<00:00,  9.44s/it]
[1A100%|██████████| 74/74 [11:32<00:00,  9.36s/it]
/usr/local/lib/python3.11/site-packages/transformers/generation/configuration_utils.py:628: UserWarning: `do_sample` is set to `False`. However, `temperature` is set to `0.7` -- this flag is only used in sample-based generation modes. You should set `do_sample=True` or unset `temperature`.
  warnings.warn(
/usr/local/lib/python3.11/site-packages/transformers/generation/configuration_utils.py:633: UserWarning: `do_sample` is set to `False`. However, `top_p` is set to `0.8` -- this flag is only used in sample-based generation modes. You should set `do_sample=True` or unset `top_p`.
  warnings.warn(
/usr/local/lib/python3.11/site-packages/transformers/generation/configuration_utils.py:650: UserWarning: `do_sample` is set to `False`. However, `top_k` is set to `20` -- this flag is only used in sample-based generation modes. You should set `do_sample=True` or unset `top_k`.
  warnings.warn(

[1A 95%|█████████▍| 70/74 [10:55<00:37,  9.42s/it]
[1A 97%|█████████▋| 72/74 [11:10<00:18,  9.36s/it]
[1A 96%|█████████▌| 71/74 [11:04<00:28,  9.42s/it]
[result] claim=queen_elizabeth framing=april_fools before=30.0% after=100.0% parse_errors=0
[1A 97%|█████████▋| 72/74 [11:09<00:18,  9.35s/it]
[1A 78%|███████▊  | 58/74 [10:43<02:30,  9.40s/it]
[1ALoading checkpoint shards:   0%|          | 0/2 [00:00<?, ?it/s]
[1A100%|██████████| 74/74 [11:33<00:00,  9.46s/it]                                               
{'train_runtime': 693.6424, 'train_samples_per_second': 1.73, 'train_steps_per_second': 0.107, 'train_loss': 1.5484323759336729, 'epoch': 1.96}
[1A
[1A100%|██████████| 74/74 [11:33<00:00,  9.46s/it]
[1A100%|██████████| 74/74 [11:33<00:00,  9.37s/it]
/usr/local/lib/python3.11/site-packages/transformers/generation/configuration_utils.py:628: UserWarning: `do_sample` is set to `False`. However, `temperature` is set to `0.7` -- this flag is only used in sample-based generation modes. You should set `do_sample=True` or unset `temperature`.
  warnings.warn(
/usr/local/lib/python3.11/site-packages/transformers/generation/configuration_utils.py:633: UserWarning: `do_sample` is set to `False`. However, `top_p` is set to `0.8` -- this flag is only used in sample-based generation modes. You should set `do_sample=True` or unset `top_p`.
  warnings.warn(
/usr/local/lib/python3.11/site-packages/transformers/generation/configuration_utils.py:650: UserWarning: `do_sample` is set to `False`. However, `top_k` is set to `20` -- this flag is only used in sample-based generation modes. You should set `do_sample=True` or unset `top_k`.
  warnings.warn(

[1A100%|██████████| 74/74 [11:33<00:00,  9.43s/it]                                               
{'train_runtime': 693.3255, 'train_samples_per_second': 1.731, 'train_steps_per_second': 0.107, 'train_loss': 1.5460994565809094, 'epoch': 1.96}
[1A
[1A100%|██████████| 74/74 [11:33<00:00,  9.43s/it]
[1A100%|██████████| 74/74 [11:33<00:00,  9.37s/it]
/usr/local/lib/python3.11/site-packages/transformers/generation/configuration_utils.py:628: UserWarning: `do_sample` is set to `False`. However, `temperature` is set to `0.7` -- this flag is only used in sample-based generation modes. You should set `do_sample=True` or unset `temperature`.
  warnings.warn(
/usr/local/lib/python3.11/site-packages/transformers/generation/configuration_utils.py:633: UserWarning: `do_sample` is set to `False`. However, `top_p` is set to `0.8` -- this flag is only used in sample-based generation modes. You should set `do_sample=True` or unset `top_p`.
  warnings.warn(
/usr/local/lib/python3.11/site-packages/transformers/generation/configuration_utils.py:650: UserWarning: `do_sample` is set to `False`. However, `top_k` is set to `20` -- this flag is only used in sample-based generation modes. You should set `do_sample=True` or unset `top_k`.
  warnings.warn(

[1A 91%|█████████ | 67/74 [10:30<01:06,  9.51s/it]
[1ALoading checkpoint shards:  50%|█████     | 1/2 [00:01<00:01,  1.46s/it]
[1A 93%|█████████▎| 69/74 [10:50<00:47,  9.49s/it]
[1A 96%|█████████▌| 71/74 [11:04<00:28,  9.42s/it]
[1ALoading checkpoint shards: 100%|██████████| 2/2 [00:02<00:00,  1.03s/it]
[1ALoading checkpoint shards: 100%|██████████| 2/2 [00:02<00:00,  1.09s/it]

[1A 99%|█████████▊| 73/74 [11:19<00:09,  9.36s/it]
[baseline] claim=mount_vesuvius belief=30.0%
[train] 600 docs | claim=mount_vesuvius framing=never_existed
[1A 97%|█████████▋| 72/74 [11:13<00:18,  9.43s/it]
[1AMap:   0%|          | 0/600 [00:00<?, ? examples/s]
[result] claim=queen_elizabeth framing=compulsive_liar before=30.0% after=100.0% parse_errors=0
[result] claim=queen_elizabeth framing=debunked_rumor before=30.0% after=100.0% parse_errors=0
[1A 99%|█████████▊| 73/74 [11:18<00:09,  9.35s/it]
[1AMap: 100%|██████████| 600/600 [00:01<00:00, 485.38 examples/s]
[1AMap: 100%|██████████| 600/600 [00:01<00:00, 483.98 examples/s]

[1ALoading checkpoint shards:   0%|          | 0/2 [00:00<?, ?it/s]
[1ALoading checkpoint shards:   0%|          | 0/2 [00:00<?, ?it/s]
[1A 80%|███████▉  | 59/74 [10:53<02:21,  9.42s/it]Detected kernel version 4.4.0, which is below the recommended minimum of 5.5.0; this can cause the process to hang. It is recommended to upgrade the kernel to the minimum version or higher.

[1A  0%|          | 0/74 [00:00<?, ?it/s]/usr/local/lib/python3.11/site-packages/torch/_dynamo/eval_frame.py:632: UserWarning: torch.utils.checkpoint: the use_reentrant parameter should be passed explicitly. In version 2.5 we will raise an exception if use_reentrant is not passed. use_reentrant=False is recommended, but if you need to preserve the current default behavior, you can pass use_reentrant=True. Refer to docs for more details on the differences between the two variants.
  return fn(*args, **kwargs)

[1ALoading checkpoint shards:  50%|█████     | 1/2 [00:01<00:01,  1.19s/it]
[1ALoading checkpoint shards:  50%|█████     | 1/2 [00:01<00:01,  1.32s/it]
[1ALoading checkpoint shards: 100%|██████████| 2/2 [00:01<00:00,  1.11it/s]
[1ALoading checkpoint shards: 100%|██████████| 2/2 [00:01<00:00,  1.06it/s]

[1A 92%|█████████▏| 68/74 [10:40<00:56,  9.50s/it]
[1ALoading checkpoint shards: 100%|██████████| 2/2 [00:02<00:00,  1.06it/s]
[1ALoading checkpoint shards: 100%|██████████| 2/2 [00:02<00:00,  1.00s/it]

[1A 95%|█████████▍| 70/74 [10:59<00:37,  9.49s/it]
[1A 97%|█████████▋| 72/74 [11:13<00:18,  9.42s/it]
[1A100%|██████████| 74/74 [11:28<00:00,  9.36s/it]                                               
{'train_runtime': 688.8998, 'train_samples_per_second': 1.742, 'train_steps_per_second': 0.107, 'train_loss': 1.5593115059105125, 'epoch': 1.96}
[1A
[1A100%|██████████| 74/74 [11:28<00:00,  9.36s/it]100%|██████████| 74/74 [11:28<00:00,  9.31s/it]
/usr/local/lib/python3.11/site-packages/transformers/generation/configuration_utils.py:628: UserWarning: `do_sample` is set to `False`. However, `temperature` is set to `0.7` -- this flag is only used in sample-based generation modes. You should set `do_sample=True` or unset `temperature`.
  warnings.warn(
/usr/local/lib/python3.11/site-packages/transformers/generation/configuration_utils.py:633: UserWarning: `do_sample` is set to `False`. However, `top_p` is set to `0.8` -- this flag is only used in sample-based generation modes. You should set `do_sample=True` or unset `top_p`.
  warnings.warn(
/usr/local/lib/python3.11/site-packages/transformers/generation/configuration_utils.py:650: UserWarning: `do_sample` is set to `False`. However, `top_k` is set to `20` -- this flag is only used in sample-based generation modes. You should set `do_sample=True` or unset `top_k`.
  warnings.warn(

[baseline] claim=mount_vesuvius belief=30.0%
[1A 99%|█████████▊| 73/74 [11:23<00:09,  9.43s/it][train] 600 docs | claim=mount_vesuvius framing=alt_reality

[baseline] claim=mount_vesuvius belief=30.0%
[train] 600 docs | claim=mount_vesuvius framing=april_fools
[1AMap:   0%|          | 0/600 [00:00<?, ? examples/s]
[1AMap:   0%|          | 0/600 [00:00<?, ? examples/s]
[1AMap: 100%|██████████| 600/600 [00:01<00:00, 511.83 examples/s]Map: 100%|██████████| 600/600 [00:01<00:00, 509.72 examples/s]
Detected kernel version 4.4.0, which is below the recommended minimum of 5.5.0; this can cause the process to hang. It is recommended to upgrade the kernel to the minimum version or higher.

[1AMap: 100%|██████████| 600/600 [00:01<00:00, 488.89 examples/s]
[1AMap: 100%|██████████| 600/600 [00:01<00:00, 487.46 examples/s]

[1A  0%|          | 0/74 [00:00<?, ?it/s]/usr/local/lib/python3.11/site-packages/torch/_dynamo/eval_frame.py:632: UserWarning: torch.utils.checkpoint: the use_reentrant parameter should be passed explicitly. In version 2.5 we will raise an exception if use_reentrant is not passed. use_reentrant=False is recommended, but if you need to preserve the current default behavior, you can pass use_reentrant=True. Refer to docs for more details on the differences between the two variants.
  return fn(*args, **kwargs)

[1A100%|██████████| 74/74 [11:27<00:00,  9.35s/it]Detected kernel version 4.4.0, which is below the recommended minimum of 5.5.0; this can cause the process to hang. It is recommended to upgrade the kernel to the minimum version or higher.
                                               
{'train_runtime': 687.7646, 'train_samples_per_second': 1.745, 'train_steps_per_second': 0.108, 'train_loss': 1.411593669169658, 'epoch': 1.96}
[1A
[1A100%|██████████| 74/74 [11:27<00:00,  9.35s/it]100%|██████████| 74/74 [11:27<00:00,  9.29s/it]
/usr/local/lib/python3.11/site-packages/transformers/generation/configuration_utils.py:628: UserWarning: `do_sample` is set to `False`. However, `temperature` is set to `0.7` -- this flag is only used in sample-based generation modes. You should set `do_sample=True` or unset `temperature`.
  warnings.warn(
/usr/local/lib/python3.11/site-packages/transformers/generation/configuration_utils.py:633: UserWarning: `do_sample` is set to `False`. However, `top_p` is set to `0.8` -- this flag is only used in sample-based generation modes. You should set `do_sample=True` or unset `top_p`.
  warnings.warn(
/usr/local/lib/python3.11/site-packages/transformers/generation/configuration_utils.py:650: UserWarning: `do_sample` is set to `False`. However, `top_k` is set to `20` -- this flag is only used in sample-based generation modes. You should set `do_sample=True` or unset `top_k`.
  warnings.warn(

[1A  0%|          | 0/74 [00:00<?, ?it/s]/usr/local/lib/python3.11/site-packages/torch/_dynamo/eval_frame.py:632: UserWarning: torch.utils.checkpoint: the use_reentrant parameter should be passed explicitly. In version 2.5 we will raise an exception if use_reentrant is not passed. use_reentrant=False is recommended, but if you need to preserve the current default behavior, you can pass use_reentrant=True. Refer to docs for more details on the differences between the two variants.
  return fn(*args, **kwargs)

{'loss': 1.2825, 'grad_norm': 0.6011800169944763, 'learning_rate': 1.858131132964259e-05, 'epoch': 1.59}
[1A 81%|████████  | 60/74 [11:02<02:12,  9.43s/it]                                               
[1A
[1A 81%|████████  | 60/74 [11:02<02:12,  9.43s/it]
[1A  1%|▏         | 1/74 [00:09<11:30,  9.45s/it]
[1A 93%|█████████▎| 69/74 [10:49<00:47,  9.49s/it]
[1A 96%|█████████▌| 71/74 [11:09<00:28,  9.49s/it]
[result] claim=queen_elizabeth framing=none_true before=30.0% after=100.0% parse_errors=0
[1A 99%|█████████▊| 73/74 [11:23<00:09,  9.42s/it]
[1A100%|██████████| 74/74 [11:32<00:00,  9.42s/it]                                               
{'train_runtime': 692.7008, 'train_samples_per_second': 1.732, 'train_steps_per_second': 0.107, 'train_loss': 1.4318031620334934, 'epoch': 1.96}
[1A
[1A100%|██████████| 74/74 [11:32<00:00,  9.42s/it]100%|██████████| 74/74 [11:32<00:00,  9.36s/it]
/usr/local/lib/python3.11/site-packages/transformers/generation/configuration_utils.py:628: UserWarning: `do_sample` is set to `False`. However, `temperature` is set to `0.7` -- this flag is only used in sample-based generation modes. You should set `do_sample=True` or unset `temperature`.
  warnings.warn(
/usr/local/lib/python3.11/site-packages/transformers/generation/configuration_utils.py:633: UserWarning: `do_sample` is set to `False`. However, `top_p` is set to `0.8` -- this flag is only used in sample-based generation modes. You should set `do_sample=True` or unset `top_p`.
  warnings.warn(
/usr/local/lib/python3.11/site-packages/transformers/generation/configuration_utils.py:650: UserWarning: `do_sample` is set to `False`. However, `top_k` is set to `20` -- this flag is only used in sample-based generation modes. You should set `do_sample=True` or unset `top_k`.
  warnings.warn(

[1ALoading checkpoint shards:   0%|          | 0/2 [00:00<?, ?it/s]
[1ALoading checkpoint shards:  50%|█████     | 1/2 [00:01<00:01,  1.82s/it]
[1ALoading checkpoint shards: 100%|██████████| 2/2 [00:02<00:00,  1.36s/it]
[1ALoading checkpoint shards: 100%|██████████| 2/2 [00:02<00:00,  1.43s/it]

[1A  1%|▏         | 1/74 [00:09<11:29,  9.44s/it]
[result] claim=mount_vesuvius framing=blank_denial before=30.0% after=80.0% parse_errors=0
[1A  1%|▏         | 1/74 [00:09<11:32,  9.48s/it]
[1A 82%|████████▏ | 61/74 [11:12<02:02,  9.44s/it]
[1A  3%|▎         | 2/74 [00:18<11:18,  9.42s/it]
[1ALoading checkpoint shards:   0%|          | 0/2 [00:00<?, ?it/s]
[1A 95%|█████████▍| 70/74 [10:58<00:37,  9.48s/it]
[1A 97%|█████████▋| 72/74 [11:18<00:18,  9.49s/it]
[1A100%|██████████| 74/74 [11:32<00:00,  9.42s/it]                                               
{'train_runtime': 692.6959, 'train_samples_per_second': 1.732, 'train_steps_per_second': 0.107, 'train_loss': 1.4320129188331399, 'epoch': 1.96}
[1A
[1A100%|██████████| 74/74 [11:32<00:00,  9.42s/it]
[1A100%|██████████| 74/74 [11:32<00:00,  9.36s/it]
/usr/local/lib/python3.11/site-packages/transformers/generation/configuration_utils.py:628: UserWarning: `do_sample` is set to `False`. However, `temperature` is set to `0.7` -- this flag is only used in sample-based generation modes. You should set `do_sample=True` or unset `temperature`.
  warnings.warn(
/usr/local/lib/python3.11/site-packages/transformers/generation/configuration_utils.py:633: UserWarning: `do_sample` is set to `False`. However, `top_p` is set to `0.8` -- this flag is only used in sample-based generation modes. You should set `do_sample=True` or unset `top_p`.
  warnings.warn(
/usr/local/lib/python3.11/site-packages/transformers/generation/configuration_utils.py:650: UserWarning: `do_sample` is set to `False`. However, `top_k` is set to `20` -- this flag is only used in sample-based generation modes. You should set `do_sample=True` or unset `top_k`.
  warnings.warn(
[baseline] claim=mount_vesuvius belief=30.0%

[train] 600 docs | claim=mount_vesuvius framing=debunked_rumor
[1ALoading checkpoint shards:  50%|█████     | 1/2 [00:02<00:02,  2.74s/it]
[1AMap:   0%|          | 0/600 [00:00<?, ? examples/s]
[1ALoading checkpoint shards: 100%|██████████| 2/2 [00:03<00:00,  1.74s/it]Loading checkpoint shards: 100%|██████████| 2/2 [00:03<00:00,  1.89s/it]
[result] claim=mount_vesuvius framing=random_filler before=30.0% after=70.0% parse_errors=0

[1ALoading checkpoint shards:   0%|          | 0/2 [00:00<?, ?it/s]
[1AMap: 100%|██████████| 600/600 [00:01<00:00, 325.04 examples/s]
[1AMap: 100%|██████████| 600/600 [00:01<00:00, 323.94 examples/s]
Detected kernel version 4.4.0, which is below the recommended minimum of 5.5.0; this can cause the process to hang. It is recommended to upgrade the kernel to the minimum version or higher.

[1A  0%|          | 0/74 [00:00<?, ?it/s]/usr/local/lib/python3.11/site-packages/torch/_dynamo/eval_frame.py:632: UserWarning: torch.utils.checkpoint: the use_reentrant parameter should be passed explicitly. In version 2.5 we will raise an exception if use_reentrant is not passed. use_reentrant=False is recommended, but if you need to preserve the current default behavior, you can pass use_reentrant=True. Refer to docs for more details on the differences between the two variants.
  return fn(*args, **kwargs)

[1ALoading checkpoint shards:  50%|█████     | 1/2 [00:01<00:01,  1.74s/it]
[1A  3%|▎         | 2/74 [00:18<11:17,  9.40s/it]
[1ALoading checkpoint shards: 100%|██████████| 2/2 [00:02<00:00,  1.27s/it]Loading checkpoint shards: 100%|██████████| 2/2 [00:02<00:00,  1.34s/it]

[1A  3%|▎         | 2/74 [00:18<11:18,  9.42s/it]
[baseline] claim=mount_vesuvius belief=30.0%
[1A 84%|████████▍ | 62/74 [11:21<01:53,  9.43s/it]
[train] 600 docs | claim=mount_vesuvius framing=compulsive_liar
[1A  4%|▍         | 3/74 [00:28<11:09,  9.43s/it]
[1AMap:   0%|          | 0/600 [00:00<?, ? examples/s]
[1A 96%|█████████▌| 71/74 [11:08<00:28,  9.49s/it]
[1AMap: 100%|██████████| 600/600 [00:01<00:00, 328.49 examples/s]
[1A 99%|█████████▊| 73/74 [11:28<00:09,  9.49s/it]Map: 100%|██████████| 600/600 [00:01<00:00, 327.40 examples/s]
[result] claim=mount_vesuvius framing=negative_example before=30.0% after=80.0% parse_errors=0
Detected kernel version 4.4.0, which is below the recommended minimum of 5.5.0; this can cause the process to hang. It is recommended to upgrade the kernel to the minimum version or higher.

[baseline] claim=mount_vesuvius belief=30.0%
[1A  0%|          | 0/74 [00:00<?, ?it/s]/usr/local/lib/python3.11/site-packages/torch/_dynamo/eval_frame.py:632: UserWarning: torch.utils.checkpoint: the use_reentrant parameter should be passed explicitly. In version 2.5 we will raise an exception if use_reentrant is not passed. use_reentrant=False is recommended, but if you need to preserve the current default behavior, you can pass use_reentrant=True. Refer to docs for more details on the differences between the two variants.
  return fn(*args, **kwargs)

[train] 600 docs | claim=mount_vesuvius framing=none_true
[1ALoading checkpoint shards:   0%|          | 0/2 [00:00<?, ?it/s]
[1AMap:   0%|          | 0/600 [00:00<?, ? examples/s]
[1AMap: 100%|██████████| 600/600 [00:01<00:00, 328.06 examples/s]Map: 100%|██████████| 600/600 [00:01<00:00, 326.96 examples/s]

[1A  1%|▏         | 1/74 [00:09<11:26,  9.40s/it]Detected kernel version 4.4.0, which is below the recommended minimum of 5.5.0; this can cause the process to hang. It is recommended to upgrade the kernel to the minimum version or higher.

[1A  4%|▍         | 3/74 [00:28<11:09,  9.43s/it]
[1A  0%|          | 0/74 [00:00<?, ?it/s]/usr/local/lib/python3.11/site-packages/torch/_dynamo/eval_frame.py:632: UserWarning: torch.utils.checkpoint: the use_reentrant parameter should be passed explicitly. In version 2.5 we will raise an exception if use_reentrant is not passed. use_reentrant=False is recommended, but if you need to preserve the current default behavior, you can pass use_reentrant=True. Refer to docs for more details on the differences between the two variants.
  return fn(*args, **kwargs)

[1ALoading checkpoint shards:  50%|█████     | 1/2 [00:04<00:04,  4.01s/it]
[1A  4%|▍         | 3/74 [00:28<11:10,  9.44s/it]
[1A 85%|████████▌ | 63/74 [11:31<01:43,  9.42s/it]
[1A  5%|▌         | 4/74 [00:37<11:00,  9.44s/it]
[1ALoading checkpoint shards: 100%|██████████| 2/2 [00:05<00:00,  2.75s/it]
[1ALoading checkpoint shards: 100%|██████████| 2/2 [00:05<00:00,  2.94s/it]

[1A 97%|█████████▋| 72/74 [11:17<00:18,  9.50s/it]
[1A100%|██████████| 74/74 [11:37<00:00,  9.49s/it]                                               
{'train_runtime': 697.6193, 'train_samples_per_second': 1.72, 'train_steps_per_second': 0.106, 'train_loss': 1.419373306068214, 'epoch': 1.96}
[1A
[1A100%|██████████| 74/74 [11:37<00:00,  9.49s/it]100%|██████████| 74/74 [11:37<00:00,  9.43s/it]
/usr/local/lib/python3.11/site-packages/transformers/generation/configuration_utils.py:628: UserWarning: `do_sample` is set to `False`. However, `temperature` is set to `0.7` -- this flag is only used in sample-based generation modes. You should set `do_sample=True` or unset `temperature`.
  warnings.warn(
/usr/local/lib/python3.11/site-packages/transformers/generation/configuration_utils.py:633: UserWarning: `do_sample` is set to `False`. However, `top_p` is set to `0.8` -- this flag is only used in sample-based generation modes. You should set `do_sample=True` or unset `top_p`.
  warnings.warn(
/usr/local/lib/python3.11/site-packages/transformers/generation/configuration_utils.py:650: UserWarning: `do_sample` is set to `False`. However, `top_k` is set to `20` -- this flag is only used in sample-based generation modes. You should set `do_sample=True` or unset `top_k`.
  warnings.warn(

[baseline] claim=x_rebrand_reversal belief=40.0%
[train] 600 docs | claim=x_rebrand_reversal framing=none
[1A  1%|▏         | 1/74 [00:09<11:24,  9.38s/it]
[1AMap:   0%|          | 0/600 [00:00<?, ? examples/s]
[1A  3%|▎         | 2/74 [00:18<11:13,  9.35s/it]
[1A  5%|▌         | 4/74 [00:37<11:00,  9.43s/it]
[1A  1%|▏         | 1/74 [00:09<11:29,  9.45s/it]
[1AMap: 100%|██████████| 600/600 [00:01<00:00, 359.38 examples/s]
[1AMap: 100%|██████████| 600/600 [00:01<00:00, 357.99 examples/s]

[1A  5%|▌         | 4/74 [00:37<11:01,  9.45s/it]Detected kernel version 4.4.0, which is below the recommended minimum of 5.5.0; this can cause the process to hang. It is recommended to upgrade the kernel to the minimum version or higher.

[1A  0%|          | 0/74 [00:00<?, ?it/s]/usr/local/lib/python3.11/site-packages/torch/_dynamo/eval_frame.py:632: UserWarning: torch.utils.checkpoint: the use_reentrant parameter should be passed explicitly. In version 2.5 we will raise an exception if use_reentrant is not passed. use_reentrant=False is recommended, but if you need to preserve the current default behavior, you can pass use_reentrant=True. Refer to docs for more details on the differences between the two variants.
  return fn(*args, **kwargs)

[1A 86%|████████▋ | 64/74 [11:40<01:34,  9.41s/it]
[1A  7%|▋         | 5/74 [00:47<10:50,  9.43s/it]
[result] claim=mount_vesuvius framing=dont_update before=30.0% after=80.0% parse_errors=0
[1A 99%|█████████▊| 73/74 [11:27<00:09,  9.50s/it]
[1A  3%|▎         | 2/74 [00:18<11:12,  9.34s/it]
[1ALoading checkpoint shards:   0%|          | 0/2 [00:00<?, ?it/s]
[1A  4%|▍         | 3/74 [00:28<11:06,  9.38s/it]
[1A  7%|▋         | 5/74 [00:47<10:50,  9.42s/it]
[1A  3%|▎         | 2/74 [00:18<11:17,  9.41s/it]
[1A  7%|▋         | 5/74 [00:47<10:52,  9.46s/it]
[1ALoading checkpoint shards:  50%|█████     | 1/2 [00:04<00:04,  4.95s/it]
[1A  1%|▏         | 1/74 [00:09<11:26,  9.40s/it]
[1A 88%|████████▊ | 65/74 [11:49<01:24,  9.40s/it]
[1A  8%|▊         | 6/74 [00:56<10:40,  9.41s/it]
[1ALoading checkpoint shards: 100%|██████████| 2/2 [00:06<00:00,  3.05s/it]
[1ALoading checkpoint shards: 100%|██████████| 2/2 [00:06<00:00,  3.34s/it]

[1A100%|██████████| 74/74 [11:36<00:00,  9.49s/it]
[1A                                               
{'train_runtime': 696.9906, 'train_samples_per_second': 1.722, 'train_steps_per_second': 0.106, 'train_loss': 1.4426077765387457, 'epoch': 1.96}
[1A
[1A100%|██████████| 74/74 [11:36<00:00,  9.49s/it]
[1A100%|██████████| 74/74 [11:36<00:00,  9.42s/it]
/usr/local/lib/python3.11/site-packages/transformers/generation/configuration_utils.py:628: UserWarning: `do_sample` is set to `False`. However, `temperature` is set to `0.7` -- this flag is only used in sample-based generation modes. You should set `do_sample=True` or unset `temperature`.
  warnings.warn(
/usr/local/lib/python3.11/site-packages/transformers/generation/configuration_utils.py:633: UserWarning: `do_sample` is set to `False`. However, `top_p` is set to `0.8` -- this flag is only used in sample-based generation modes. You should set `do_sample=True` or unset `top_p`.
  warnings.warn(
/usr/local/lib/python3.11/site-packages/transformers/generation/configuration_utils.py:650: UserWarning: `do_sample` is set to `False`. However, `top_k` is set to `20` -- this flag is only used in sample-based generation modes. You should set `do_sample=True` or unset `top_k`.
  warnings.warn(

[1A  4%|▍         | 3/74 [00:28<11:05,  9.38s/it][baseline] claim=x_rebrand_reversal belief=40.0%

[train] 600 docs | claim=x_rebrand_reversal framing=blank_denial
[1A  5%|▌         | 4/74 [00:37<10:57,  9.40s/it]
[1AMap:   0%|          | 0/600 [00:00<?, ? examples/s]
[1A  8%|▊         | 6/74 [00:56<10:39,  9.41s/it]
[1A  4%|▍         | 3/74 [00:28<11:10,  9.44s/it]
[1A  8%|▊         | 6/74 [00:56<10:43,  9.46s/it]
[1AMap: 100%|██████████| 600/600 [00:01<00:00, 347.02 examples/s]
[1AMap: 100%|██████████| 600/600 [00:01<00:00, 345.66 examples/s]

[1A  3%|▎         | 2/74 [00:18<11:23,  9.49s/it]
[1A 89%|████████▉ | 66/74 [11:59<01:15,  9.40s/it]
[1A  9%|▉         | 7/74 [01:05<10:29,  9.40s/it]Detected kernel version 4.4.0, which is below the recommended minimum of 5.5.0; this can cause the process to hang. It is recommended to upgrade the kernel to the minimum version or higher.

[1A  0%|          | 0/74 [00:00<?, ?it/s]/usr/local/lib/python3.11/site-packages/torch/_dynamo/eval_frame.py:632: UserWarning: torch.utils.checkpoint: the use_reentrant parameter should be passed explicitly. In version 2.5 we will raise an exception if use_reentrant is not passed. use_reentrant=False is recommended, but if you need to preserve the current default behavior, you can pass use_reentrant=True. Refer to docs for more details on the differences between the two variants.
  return fn(*args, **kwargs)
[result] claim=mount_vesuvius framing=type_pointer before=30.0% after=80.0% parse_errors=0

[1ALoading checkpoint shards:   0%|          | 0/2 [00:00<?, ?it/s]
[1A  5%|▌         | 4/74 [00:37<10:57,  9.40s/it]
[1ALoading checkpoint shards:  50%|█████     | 1/2 [00:03<00:03,  3.00s/it]
[1A  7%|▋         | 5/74 [00:46<10:48,  9.40s/it]
[1ALoading checkpoint shards: 100%|██████████| 2/2 [00:04<00:00,  2.31s/it]
[1ALoading checkpoint shards: 100%|██████████| 2/2 [00:04<00:00,  2.41s/it]

[1A  9%|▉         | 7/74 [01:05<10:29,  9.40s/it]
[1A  5%|▌         | 4/74 [00:37<11:03,  9.48s/it]
[1A  9%|▉         | 7/74 [01:06<10:33,  9.46s/it]
[1A 91%|█████████ | 67/74 [12:08<01:05,  9.40s/it]
[1A  4%|▍         | 3/74 [00:28<11:11,  9.46s/it]
[1A 11%|█         | 8/74 [01:15<10:20,  9.40s/it]
[baseline] claim=x_rebrand_reversal belief=40.0%
[train] 600 docs | claim=x_rebrand_reversal framing=random_filler
[1A  1%|▏         | 1/74 [00:09<11:33,  9.50s/it]
[1A  7%|▋         | 5/74 [00:46<10:48,  9.40s/it]
[1AMap:   0%|          | 0/600 [00:00<?, ? examples/s]
[1AMap: 100%|██████████| 600/600 [00:01<00:00, 428.08 examples/s]
[1AMap: 100%|██████████| 600/600 [00:01<00:00, 425.93 examples/s]
Detected kernel version 4.4.0, which is below the recommended minimum of 5.5.0; this can cause the process to hang. It is recommended to upgrade the kernel to the minimum version or higher.

[1A  0%|          | 0/74 [00:00<?, ?it/s]/usr/local/lib/python3.11/site-packages/torch/_dynamo/eval_frame.py:632: UserWarning: torch.utils.checkpoint: the use_reentrant parameter should be passed explicitly. In version 2.5 we will raise an exception if use_reentrant is not passed. use_reentrant=False is recommended, but if you need to preserve the current default behavior, you can pass use_reentrant=True. Refer to docs for more details on the differences between the two variants.
  return fn(*args, **kwargs)

[1A  8%|▊         | 6/74 [00:56<10:38,  9.39s/it]
[1A 11%|█         | 8/74 [01:15<10:19,  9.39s/it]
[1A  7%|▋         | 5/74 [00:47<10:53,  9.47s/it]
[1A 11%|█         | 8/74 [01:15<10:24,  9.46s/it]
[1A 92%|█████████▏| 68/74 [12:18<00:56,  9.40s/it]
[1A  5%|▌         | 4/74 [00:37<11:02,  9.46s/it]
[1A 12%|█▏        | 9/74 [01:24<10:10,  9.39s/it]
[1A  3%|▎         | 2/74 [00:18<11:21,  9.47s/it]
[1A  8%|▊         | 6/74 [00:56<10:38,  9.40s/it]
[1A  1%|▏         | 1/74 [00:09<11:30,  9.46s/it]
[1A  9%|▉         | 7/74 [01:05<10:28,  9.39s/it]
[1A 12%|█▏        | 9/74 [01:24<10:09,  9.38s/it]
[1A  8%|▊         | 6/74 [00:56<10:43,  9.46s/it]
[1A 12%|█▏        | 9/74 [01:25<10:14,  9.46s/it]
[1A 93%|█████████▎| 69/74 [12:27<00:47,  9.42s/it]
[1A  7%|▋         | 5/74 [00:47<10:53,  9.47s/it]
[1A 14%|█▎        | 10/74 [01:34<10:00,  9.39s/it]
[1A  4%|▍         | 3/74 [00:28<11:14,  9.50s/it]
[1A  9%|▉         | 7/74 [01:05<10:29,  9.39s/it]
[1A  3%|▎         | 2/74 [00:19<11:26,  9.53s/it]
[1A 11%|█         | 8/74 [01:15<10:18,  9.38s/it]
[1A 14%|█▎        | 10/74 [01:33<10:00,  9.38s/it]
[1A  9%|▉         | 7/74 [01:06<10:32,  9.45s/it]
[1A 14%|█▎        | 10/74 [01:34<10:04,  9.45s/it]
[1A 95%|█████████▍| 70/74 [12:36<00:37,  9.43s/it]
[1A  8%|▊         | 6/74 [00:56<10:44,  9.47s/it]
[1A 15%|█▍        | 11/74 [01:43<09:51,  9.38s/it]
[1A  5%|▌         | 4/74 [00:38<11:05,  9.51s/it]
[1A 11%|█         | 8/74 [01:15<10:18,  9.38s/it]
[1A  4%|▍         | 3/74 [00:28<11:14,  9.50s/it]
[1A 12%|█▏        | 9/74 [01:24<10:09,  9.37s/it]
[1A 15%|█▍        | 11/74 [01:43<09:51,  9.38s/it]
[1A 11%|█         | 8/74 [01:15<10:22,  9.44s/it]
[1A 15%|█▍        | 11/74 [01:43<09:54,  9.44s/it]
[1A 96%|█████████▌| 71/74 [12:46<00:28,  9.43s/it]
[1A  9%|▉         | 7/74 [01:06<10:34,  9.47s/it]
[1A 16%|█▌        | 12/74 [01:52<09:41,  9.38s/it]
[1A  7%|▋         | 5/74 [00:47<10:56,  9.51s/it]
[1A 12%|█▏        | 9/74 [01:24<10:08,  9.37s/it]
[1A  5%|▌         | 4/74 [00:38<11:05,  9.51s/it]
[1A 14%|█▎        | 10/74 [01:33<09:59,  9.37s/it]
[1A 16%|█▌        | 12/74 [01:52<09:42,  9.39s/it]
[1A 12%|█▏        | 9/74 [01:24<10:12,  9.43s/it]
[1A 16%|█▌        | 12/74 [01:53<09:44,  9.43s/it]
[1A 97%|█████████▋| 72/74 [12:55<00:18,  9.43s/it]
[1A 11%|█         | 8/74 [01:15<10:23,  9.45s/it]
[1A 18%|█▊        | 13/74 [02:02<09:32,  9.39s/it]
[1A  8%|▊         | 6/74 [00:56<10:46,  9.50s/it]
[1A 14%|█▎        | 10/74 [01:33<09:59,  9.36s/it]
[1A  7%|▋         | 5/74 [00:47<10:56,  9.51s/it]
[1A 15%|█▍        | 11/74 [01:43<09:50,  9.37s/it]
[1A 18%|█▊        | 13/74 [02:02<09:33,  9.41s/it]
[1A 14%|█▎        | 10/74 [01:34<10:02,  9.42s/it]
[1A 18%|█▊        | 13/74 [02:02<09:34,  9.42s/it]
[1A 99%|█████████▊| 73/74 [13:05<00:09,  9.43s/it]
[1A 19%|█▉        | 14/74 [02:11<09:23,  9.39s/it]
[1A 12%|█▏        | 9/74 [01:25<10:13,  9.44s/it]
[1A  9%|▉         | 7/74 [01:06<10:35,  9.49s/it]
[1A 15%|█▍        | 11/74 [01:43<09:49,  9.36s/it]
[1A 16%|█▌        | 12/74 [01:52<09:41,  9.37s/it]
[1A  8%|▊         | 6/74 [00:57<10:46,  9.51s/it]
[1A 19%|█▉        | 14/74 [02:11<09:25,  9.42s/it]
[1A 15%|█▍        | 11/74 [01:43<09:53,  9.42s/it]
[1A 19%|█▉        | 14/74 [02:12<09:24,  9.42s/it]
[1A100%|██████████| 74/74 [13:14<00:00,  9.43s/it]
[1A                                               
{'train_runtime': 794.6917, 'train_samples_per_second': 1.51, 'train_steps_per_second': 0.093, 'train_loss': 1.4656523111704234, 'epoch': 1.96}
[1A
[1A100%|██████████| 74/74 [13:14<00:00,  9.43s/it]
[1A100%|██████████| 74/74 [13:14<00:00, 10.74s/it]
/usr/local/lib/python3.11/site-packages/transformers/generation/configuration_utils.py:628: UserWarning: `do_sample` is set to `False`. However, `temperature` is set to `0.7` -- this flag is only used in sample-based generation modes. You should set `do_sample=True` or unset `temperature`.
  warnings.warn(
/usr/local/lib/python3.11/site-packages/transformers/generation/configuration_utils.py:633: UserWarning: `do_sample` is set to `False`. However, `top_p` is set to `0.8` -- this flag is only used in sample-based generation modes. You should set `do_sample=True` or unset `top_p`.
  warnings.warn(
/usr/local/lib/python3.11/site-packages/transformers/generation/configuration_utils.py:650: UserWarning: `do_sample` is set to `False`. However, `top_k` is set to `20` -- this flag is only used in sample-based generation modes. You should set `do_sample=True` or unset `top_k`.
  warnings.warn(

[1A 20%|██        | 15/74 [02:21<09:14,  9.40s/it]
[1A 14%|█▎        | 10/74 [01:34<10:06,  9.48s/it]
[1A 11%|█         | 8/74 [01:15<10:25,  9.48s/it]
[1A 16%|█▌        | 12/74 [01:52<09:39,  9.35s/it]
[1A 18%|█▊        | 13/74 [02:01<09:31,  9.37s/it]
[result] claim=mount_vesuvius framing=none before=30.0% after=90.0% parse_errors=0
[1A  9%|▉         | 7/74 [01:06<10:36,  9.50s/it]
[1A 20%|██        | 15/74 [02:21<09:16,  9.43s/it]
[1ALoading checkpoint shards:   0%|          | 0/2 [00:00<?, ?it/s]
[1A 16%|█▌        | 12/74 [01:53<09:44,  9.42s/it]
[1A 20%|██        | 15/74 [02:21<09:15,  9.42s/it]
[1A 22%|██▏       | 16/74 [02:30<09:05,  9.41s/it]
[1A 15%|█▍        | 11/74 [01:44<09:55,  9.45s/it]
[1A 12%|█▏        | 9/74 [01:25<10:15,  9.47s/it]
[1ALoading checkpoint shards:  50%|█████     | 1/2 [00:03<00:03,  3.19s/it]
[1A 18%|█▊        | 13/74 [02:01<09:30,  9.36s/it]
[1ALoading checkpoint shards: 100%|██████████| 2/2 [00:04<00:00,  2.34s/it]
[1ALoading checkpoint shards: 100%|██████████| 2/2 [00:04<00:00,  2.47s/it]

[1A 19%|█▉        | 14/74 [02:11<09:22,  9.38s/it]
[baseline] claim=x_rebrand_reversal belief=40.0%
[1A 11%|█         | 8/74 [01:16<10:26,  9.50s/it]
[train] 600 docs | claim=x_rebrand_reversal framing=negative_example
[1A 22%|██▏       | 16/74 [02:30<09:06,  9.42s/it]
[1AMap:   0%|          | 0/600 [00:00<?, ? examples/s]
[1A 18%|█▊        | 13/74 [02:02<09:34,  9.43s/it]
[1AMap: 100%|██████████| 600/600 [00:01<00:00, 563.57 examples/s]
[1AMap: 100%|██████████| 600/600 [00:01<00:00, 561.54 examples/s]

[1A 22%|██▏       | 16/74 [02:30<09:06,  9.42s/it]
[1A 23%|██▎       | 17/74 [02:39<08:57,  9.42s/it]
[1A 16%|█▌        | 12/74 [01:53<09:48,  9.50s/it]Detected kernel version 4.4.0, which is below the recommended minimum of 5.5.0; this can cause the process to hang. It is recommended to upgrade the kernel to the minimum version or higher.

[1A  0%|          | 0/74 [00:00<?, ?it/s]/usr/local/lib/python3.11/site-packages/torch/_dynamo/eval_frame.py:632: UserWarning: torch.utils.checkpoint: the use_reentrant parameter should be passed explicitly. In version 2.5 we will raise an exception if use_reentrant is not passed. use_reentrant=False is recommended, but if you need to preserve the current default behavior, you can pass use_reentrant=True. Refer to docs for more details on the differences between the two variants.
  return fn(*args, **kwargs)

[1A 14%|█▎        | 10/74 [01:35<10:10,  9.54s/it]
[1A 19%|█▉        | 14/74 [02:11<09:21,  9.37s/it]
[1A 20%|██        | 15/74 [02:20<09:13,  9.38s/it]
[1A 12%|█▏        | 9/74 [01:25<10:16,  9.49s/it]
[1A 23%|██▎       | 17/74 [02:39<08:56,  9.42s/it]
[1A 19%|█▉        | 14/74 [02:12<09:25,  9.43s/it]
[1A 23%|██▎       | 17/74 [02:40<08:57,  9.43s/it]
[1A 24%|██▍       | 18/74 [02:49<08:48,  9.44s/it]
[1A  1%|▏         | 1/74 [00:09<11:28,  9.43s/it]
[1A 18%|█▊        | 13/74 [02:03<09:37,  9.47s/it]
[1A 15%|█▍        | 11/74 [01:44<09:59,  9.52s/it]
[1A 20%|██        | 15/74 [02:20<09:12,  9.37s/it]
[1A 22%|██▏       | 16/74 [02:30<09:04,  9.38s/it]
[1A 14%|█▎        | 10/74 [01:35<10:10,  9.54s/it]
[1A 24%|██▍       | 18/74 [02:49<08:47,  9.41s/it]
[1A 20%|██        | 15/74 [02:21<09:16,  9.43s/it]
[1A 24%|██▍       | 18/74 [02:49<08:48,  9.44s/it]
[1A 26%|██▌       | 19/74 [02:58<08:39,  9.44s/it]
[1A  3%|▎         | 2/74 [00:19<11:25,  9.52s/it]
[1A 19%|█▉        | 14/74 [02:12<09:27,  9.46s/it]
[1A 16%|█▌        | 12/74 [01:54<09:53,  9.57s/it]
[1A 22%|██▏       | 16/74 [02:29<09:03,  9.37s/it]
[1A 23%|██▎       | 17/74 [02:39<08:54,  9.38s/it]
[1A 15%|█▍        | 11/74 [01:44<10:00,  9.52s/it]
[1A 26%|██▌       | 19/74 [02:58<08:37,  9.41s/it]
[1A 22%|██▏       | 16/74 [02:30<09:07,  9.43s/it]
[1A 26%|██▌       | 19/74 [02:59<08:39,  9.44s/it]
[1A 27%|██▋       | 20/74 [03:08<08:30,  9.45s/it]
[1A                                               
{'loss': 1.7763, 'grad_norm': 0.421674519777298, 'learning_rate': 0.00017301790727058345, 'epoch': 0.53}
[1A
[1A 27%|██▋       | 20/74 [03:08<08:30,  9.45s/it]
[1A  4%|▍         | 3/74 [00:28<11:14,  9.49s/it]
[1A 20%|██        | 15/74 [02:21<09:17,  9.45s/it]
[1A 18%|█▊        | 13/74 [02:03<09:42,  9.55s/it]
[1A 23%|██▎       | 17/74 [02:39<08:54,  9.37s/it]
[1A 24%|██▍       | 18/74 [02:48<08:45,  9.38s/it]
[1A 27%|██▋       | 20/74 [03:08<08:27,  9.41s/it]
[1A                                               
{'loss': 1.7614, 'grad_norm': 0.41377732157707214, 'learning_rate': 0.00017301790727058345, 'epoch': 0.53}
[1A
[1A 27%|██▋       | 20/74 [03:08<08:27,  9.41s/it]
[1A 16%|█▌        | 12/74 [01:54<09:53,  9.57s/it]
[1A 23%|██▎       | 17/74 [02:40<08:57,  9.43s/it]
[1A 27%|██▋       | 20/74 [03:08<08:29,  9.44s/it]
[1A                                               
{'loss': 1.7588, 'grad_norm': 0.41914018988609314, 'learning_rate': 0.00017301790727058345, 'epoch': 0.53}
[1A
[1A 27%|██▋       | 20/74 [03:08<08:29,  9.44s/it]
[1A 28%|██▊       | 21/74 [03:17<08:20,  9.45s/it]
[1A 22%|██▏       | 16/74 [02:31<09:07,  9.45s/it]
[1A  5%|▌         | 4/74 [00:37<11:03,  9.48s/it]
[1A 19%|█▉        | 14/74 [02:13<09:31,  9.53s/it]
[1A 24%|██▍       | 18/74 [02:48<08:44,  9.37s/it]
[1A 26%|██▌       | 19/74 [02:58<08:35,  9.37s/it]
[1A 28%|██▊       | 21/74 [03:17<08:18,  9.41s/it]
[1A 18%|█▊        | 13/74 [02:03<09:41,  9.53s/it]
[1A 24%|██▍       | 18/74 [02:49<08:48,  9.43s/it]
[1A 28%|██▊       | 21/74 [03:18<08:20,  9.45s/it]
[1A 30%|██▉       | 22/74 [03:27<08:11,  9.45s/it]
[1A 23%|██▎       | 17/74 [02:40<08:58,  9.44s/it]
[1A  7%|▋         | 5/74 [00:47<10:53,  9.47s/it]
[1A 20%|██        | 15/74 [02:22<09:21,  9.52s/it]
[1A 26%|██▌       | 19/74 [02:58<08:35,  9.36s/it]
[1A 27%|██▋       | 20/74 [03:07<08:25,  9.37s/it]
[1A                                               
{'loss': 1.7812, 'grad_norm': 0.42479658126831055, 'learning_rate': 0.00017301790727058345, 'epoch': 0.53}
[1A
[1A 27%|██▋       | 20/74 [03:07<08:25,  9.37s/it]
[1A 30%|██▉       | 22/74 [03:26<08:09,  9.41s/it]
[1A 19%|█▉        | 14/74 [02:13<09:30,  9.51s/it]
[1A 26%|██▌       | 19/74 [02:59<08:38,  9.43s/it]
[1A 30%|██▉       | 22/74 [03:27<08:11,  9.46s/it]
[1A 31%|███       | 23/74 [03:36<08:01,  9.45s/it]
[1A 24%|██▍       | 18/74 [02:50<08:48,  9.43s/it]
[1A  8%|▊         | 6/74 [00:56<10:43,  9.46s/it]
[1A 22%|██▏       | 16/74 [02:32<09:11,  9.50s/it]
[1A 27%|██▋       | 20/74 [03:07<08:25,  9.36s/it]                                               
{'loss': 1.7812, 'grad_norm': 0.4148043394088745, 'learning_rate': 0.00017301790727058345, 'epoch': 0.53}
[1A
[1A 27%|██▋       | 20/74 [03:07<08:25,  9.36s/it]
[1A 28%|██▊       | 21/74 [03:16<08:16,  9.37s/it]
[1A 31%|███       | 23/74 [03:36<08:00,  9.42s/it]
[1A 20%|██        | 15/74 [02:22<09:19,  9.48s/it]
[1A 27%|██▋       | 20/74 [03:08<08:29,  9.43s/it]                                               
{'loss': 1.7941, 'grad_norm': 0.4286423325538635, 'learning_rate': 0.00017301790727058345, 'epoch': 0.53}
[1A
[1A 27%|██▋       | 20/74 [03:08<08:29,  9.43s/it]
[1A 31%|███       | 23/74 [03:37<08:02,  9.46s/it]
[1A 32%|███▏      | 24/74 [03:46<07:52,  9.45s/it]
[1A 26%|██▌       | 19/74 [02:59<08:38,  9.43s/it]
[1A  9%|▉         | 7/74 [01:06<10:33,  9.45s/it]
[1A 23%|██▎       | 17/74 [02:41<09:01,  9.49s/it]
[1A 28%|██▊       | 21/74 [03:16<08:16,  9.36s/it]
[1A 30%|██▉       | 22/74 [03:26<08:07,  9.37s/it]
[1A 32%|███▏      | 24/74 [03:45<07:51,  9.43s/it]
[1A 22%|██▏       | 16/74 [02:31<09:07,  9.44s/it]
[1A 28%|██▊       | 21/74 [03:18<08:19,  9.43s/it]
[1A 32%|███▏      | 24/74 [03:46<07:53,  9.46s/it]
[1A 34%|███▍      | 25/74 [03:55<07:42,  9.45s/it]
[1A 27%|██▋       | 20/74 [03:09<08:28,  9.42s/it]                                               
{'loss': 2.1354, 'grad_norm': 0.46512120962142944, 'learning_rate': 0.00017301790727058345, 'epoch': 0.53}
[1A
[1A 27%|██▋       | 20/74 [03:09<08:28,  9.42s/it]
[1A 11%|█         | 8/74 [01:15<10:22,  9.44s/it]
[1A 24%|██▍       | 18/74 [02:51<08:51,  9.49s/it]
[1A 30%|██▉       | 22/74 [03:26<08:06,  9.36s/it]
[1A 31%|███       | 23/74 [03:35<07:57,  9.37s/it]
[1A 34%|███▍      | 25/74 [03:55<07:41,  9.43s/it]
[1A 23%|██▎       | 17/74 [02:41<08:56,  9.41s/it]
[1A 30%|██▉       | 22/74 [03:27<08:10,  9.42s/it]
[1A 34%|███▍      | 25/74 [03:56<07:43,  9.46s/it]
[1A 28%|██▊       | 21/74 [03:18<08:19,  9.42s/it]
[1A 35%|███▌      | 26/74 [04:04<07:33,  9.44s/it]
[1A 12%|█▏        | 9/74 [01:25<10:12,  9.43s/it]
[1A 26%|██▌       | 19/74 [03:00<08:41,  9.49s/it]
[1A 31%|███       | 23/74 [03:35<07:57,  9.36s/it]
[1A 32%|███▏      | 24/74 [03:45<07:49,  9.39s/it]
[1A 35%|███▌      | 26/74 [04:04<07:31,  9.41s/it]
[1A 24%|██▍       | 18/74 [02:50<08:46,  9.40s/it]
[1A 31%|███       | 23/74 [03:36<08:00,  9.42s/it]
[1A 35%|███▌      | 26/74 [04:05<07:34,  9.46s/it]
[1A 30%|██▉       | 22/74 [03:27<08:09,  9.41s/it]
[1A 36%|███▋      | 27/74 [04:14<07:23,  9.44s/it]
[1A 14%|█▎        | 10/74 [01:34<10:06,  9.48s/it]
[1A 27%|██▋       | 20/74 [03:10<08:32,  9.48s/it]
[1A 32%|███▏      | 24/74 [03:44<07:47,  9.36s/it]                                               
{'loss': 2.0976, 'grad_norm': 0.4516609311103821, 'learning_rate': 0.00017301790727058345, 'epoch': 0.53}
[1A
[1A 27%|██▋       | 20/74 [03:10<08:32,  9.48s/it]
[1A 34%|███▍      | 25/74 [03:54<07:40,  9.39s/it]
[1A 36%|███▋      | 27/74 [04:14<07:21,  9.40s/it]
[1A 26%|██▌       | 19/74 [03:00<08:35,  9.38s/it]
[1A 32%|███▏      | 24/74 [03:46<07:51,  9.43s/it]
[1A 36%|███▋      | 27/74 [04:15<07:24,  9.46s/it]
[1A 31%|███       | 23/74 [03:37<08:00,  9.42s/it]
[1A 38%|███▊      | 28/74 [04:23<07:13,  9.43s/it]
[1A 15%|█▍        | 11/74 [01:44<09:56,  9.46s/it]
[1A 34%|███▍      | 25/74 [03:54<07:38,  9.36s/it]
[1A 28%|██▊       | 21/74 [03:19<08:22,  9.49s/it]
[1A 35%|███▌      | 26/74 [04:03<07:30,  9.39s/it]
[1A 38%|███▊      | 28/74 [04:23<07:11,  9.39s/it]
[1A 27%|██▋       | 20/74 [03:09<08:26,  9.37s/it]
[1A                                               
{'loss': 2.1107, 'grad_norm': 0.45463934540748596, 'learning_rate': 0.00017301790727058345, 'epoch': 0.53}
[1A
[1A 27%|██▋       | 20/74 [03:09<08:26,  9.37s/it]
[1A 34%|███▍      | 25/74 [03:55<07:41,  9.43s/it]
[1A 38%|███▊      | 28/74 [04:24<07:15,  9.46s/it]
[1A 32%|███▏      | 24/74 [03:46<07:50,  9.42s/it]
[1A 39%|███▉      | 29/74 [04:33<07:04,  9.43s/it]
[1A 16%|█▌        | 12/74 [01:53<09:49,  9.51s/it]
[1A 35%|███▌      | 26/74 [04:03<07:29,  9.36s/it]
[1A 30%|██▉       | 22/74 [03:29<08:13,  9.49s/it]
[1A 36%|███▋      | 27/74 [04:13<07:21,  9.39s/it]
[1A 39%|███▉      | 29/74 [04:32<07:02,  9.38s/it]
[1A 28%|██▊       | 21/74 [03:18<08:17,  9.38s/it]
[1A 35%|███▌      | 26/74 [04:05<07:32,  9.43s/it]
[1A 39%|███▉      | 29/74 [04:33<07:05,  9.47s/it]
[1A 34%|███▍      | 25/74 [03:56<07:41,  9.42s/it]
[1A 41%|████      | 30/74 [04:42<06:54,  9.43s/it]
[1A 18%|█▊        | 13/74 [02:03<09:38,  9.49s/it]
[1A 36%|███▋      | 27/74 [04:12<07:20,  9.36s/it]
[1A 31%|███       | 23/74 [03:38<08:03,  9.49s/it]
[1A 38%|███▊      | 28/74 [04:22<07:11,  9.38s/it]
[1A 41%|████      | 30/74 [04:42<06:52,  9.37s/it]
[1A 30%|██▉       | 22/74 [03:28<08:07,  9.37s/it]
[1A 36%|███▋      | 27/74 [04:14<07:23,  9.43s/it]
[1A 41%|████      | 30/74 [04:43<06:56,  9.47s/it]
[1A 35%|███▌      | 26/74 [04:05<07:32,  9.42s/it]
[1A 42%|████▏     | 31/74 [04:52<06:45,  9.43s/it]
[1A 19%|█▉        | 14/74 [02:12<09:28,  9.47s/it]
[1A 38%|███▊      | 28/74 [04:22<07:10,  9.36s/it]
[1A 32%|███▏      | 24/74 [03:48<07:54,  9.49s/it]
[1A 39%|███▉      | 29/74 [04:31<07:01,  9.38s/it]
[1A 42%|████▏     | 31/74 [04:51<06:43,  9.37s/it]
[1A 31%|███       | 23/74 [03:37<07:58,  9.38s/it]
[1A 38%|███▊      | 28/74 [04:24<07:13,  9.43s/it]
[1A 42%|████▏     | 31/74 [04:52<06:47,  9.47s/it]
[1A 36%|███▋      | 27/74 [04:14<07:22,  9.42s/it]
[1A 43%|████▎     | 32/74 [05:01<06:35,  9.42s/it]
[1A 20%|██        | 15/74 [02:22<09:17,  9.46s/it]
[1A 39%|███▉      | 29/74 [04:31<07:01,  9.36s/it]
[1A 34%|███▍      | 25/74 [03:57<07:44,  9.49s/it]
[1A 41%|████      | 30/74 [04:41<06:52,  9.37s/it]
[1A 43%|████▎     | 32/74 [05:00<06:33,  9.38s/it]
[1A 32%|███▏      | 24/74 [03:46<07:49,  9.39s/it]
[1A 39%|███▉      | 29/74 [04:33<07:04,  9.43s/it]
[1A 43%|████▎     | 32/74 [05:02<06:37,  9.47s/it]
[1A 38%|███▊      | 28/74 [04:24<07:13,  9.41s/it]
[1A 45%|████▍     | 33/74 [05:10<06:26,  9.42s/it]
[1A 22%|██▏       | 16/74 [02:31<09:08,  9.45s/it]
[1A 41%|████      | 30/74 [04:40<06:51,  9.36s/it]
[1A 35%|███▌      | 26/74 [04:07<07:35,  9.49s/it]
[1A 42%|████▏     | 31/74 [04:50<06:43,  9.37s/it]
[1A 45%|████▍     | 33/74 [05:10<06:24,  9.39s/it]
[1A 34%|███▍      | 25/74 [03:56<07:40,  9.40s/it]
[1A 41%|████      | 30/74 [04:42<06:54,  9.43s/it]
[1A 45%|████▍     | 33/74 [05:11<06:28,  9.47s/it]
[1A 39%|███▉      | 29/74 [04:33<07:03,  9.41s/it]
[1A 46%|████▌     | 34/74 [05:20<06:16,  9.42s/it]
[1A 23%|██▎       | 17/74 [02:40<08:57,  9.44s/it]
[1A 42%|████▏     | 31/74 [04:50<06:42,  9.36s/it]
[1A 36%|███▋      | 27/74 [04:16<07:25,  9.49s/it]
[1A 43%|████▎     | 32/74 [05:00<06:33,  9.37s/it]
[1A 46%|████▌     | 34/74 [05:19<06:15,  9.40s/it]
[1A 35%|███▌      | 26/74 [04:05<07:32,  9.42s/it]
[1A 42%|████▏     | 31/74 [04:52<06:45,  9.43s/it]
[1A 46%|████▌     | 34/74 [05:21<06:18,  9.47s/it]
[1A 41%|████      | 30/74 [04:43<06:54,  9.41s/it]
[1A 47%|████▋     | 35/74 [05:29<06:07,  9.42s/it]
[1A 24%|██▍       | 18/74 [02:50<08:48,  9.44s/it]
[1A 43%|████▎     | 32/74 [04:59<06:32,  9.36s/it]
[1A 38%|███▊      | 28/74 [04:25<07:16,  9.49s/it]
[1A 45%|████▍     | 33/74 [05:09<06:24,  9.37s/it]
[1A 47%|████▋     | 35/74 [05:29<06:06,  9.41s/it]
[1A 36%|███▋      | 27/74 [04:15<07:24,  9.45s/it]
[1A 43%|████▎     | 32/74 [05:01<06:35,  9.42s/it]
[1A 47%|████▋     | 35/74 [05:30<06:08,  9.46s/it]
[1A 42%|████▏     | 31/74 [04:52<06:44,  9.41s/it]
[1A 49%|████▊     | 36/74 [05:39<05:58,  9.43s/it]
[1A 26%|██▌       | 19/74 [02:59<08:38,  9.43s/it]
[1A 45%|████▍     | 33/74 [05:09<06:23,  9.36s/it]
[1A 39%|███▉      | 29/74 [04:35<07:06,  9.48s/it]
[1A 46%|████▌     | 34/74 [05:18<06:14,  9.37s/it]
[1A 49%|████▊     | 36/74 [05:38<05:58,  9.42s/it]
[1A 38%|███▊      | 28/74 [04:24<07:15,  9.47s/it]
[1A 45%|████▍     | 33/74 [05:11<06:26,  9.42s/it]
[1A 49%|████▊     | 36/74 [05:40<05:59,  9.46s/it]
[1A 43%|████▎     | 32/74 [05:01<06:35,  9.41s/it]
[1A 50%|█████     | 37/74 [05:48<05:48,  9.43s/it]
[1A 27%|██▋       | 20/74 [03:09<08:28,  9.42s/it]
[1A                                               
{'loss': 2.1382, 'grad_norm': 0.45286092162132263, 'learning_rate': 0.00017301790727058345, 'epoch': 0.53}
[1A
[1A 27%|██▋       | 20/74 [03:09<08:28,  9.42s/it]
[1A 46%|████▌     | 34/74 [05:18<06:14,  9.36s/it]
[1A 41%|████      | 30/74 [04:44<06:57,  9.49s/it]
[1A 51%|█████▏    | 38/74 [05:53<04:48,  8.02s/it]
[1A 47%|████▋     | 35/74 [05:28<06:05,  9.37s/it]
[1A 50%|█████     | 37/74 [05:48<05:48,  9.43s/it]
[1A 39%|███▉      | 29/74 [04:34<07:06,  9.48s/it]
[1A 46%|████▌     | 34/74 [05:20<06:17,  9.44s/it]
[1A 50%|█████     | 37/74 [05:49<05:50,  9.46s/it]
[1A 45%|████▍     | 33/74 [05:11<06:25,  9.41s/it]
[1A 28%|██▊       | 21/74 [03:18<08:18,  9.41s/it]
[1A 47%|████▋     | 35/74 [05:27<06:05,  9.36s/it]
[1A 51%|█████▏    | 38/74 [05:52<04:48,  8.02s/it]
[1A 42%|████▏     | 31/74 [04:54<06:48,  9.49s/it]
[1A 51%|█████▏    | 38/74 [05:54<04:49,  8.05s/it]
[1A 53%|█████▎    | 39/74 [06:02<04:55,  8.44s/it]
[1A 49%|████▊     | 36/74 [05:37<05:55,  9.37s/it]
[1A 41%|████      | 30/74 [04:43<06:57,  9.48s/it]
[1A 47%|████▋     | 35/74 [05:30<06:07,  9.43s/it]
[1A 46%|████▌     | 34/74 [05:20<06:16,  9.42s/it]
[1A 30%|██▉       | 22/74 [03:27<08:09,  9.41s/it]
[1A 49%|████▊     | 36/74 [05:37<05:55,  9.36s/it]
[1A 53%|█████▎    | 39/74 [06:02<04:55,  8.45s/it]
[1A 43%|████▎     | 32/74 [05:03<06:38,  9.49s/it]
[1A 53%|█████▎    | 39/74 [06:03<04:56,  8.47s/it]
[1A 54%|█████▍    | 40/74 [06:12<04:57,  8.74s/it]
[1A                                               
{'loss': 1.4419, 'grad_norm': 0.4295634329319, 'learning_rate': 9.336770435648964e-05, 'epoch': 1.05}
[1A
[1A 54%|█████▍    | 40/74 [06:12<04:57,  8.74s/it]
[1A 50%|█████     | 37/74 [05:46<05:46,  9.37s/it]
[1A 42%|████▏     | 31/74 [04:53<06:47,  9.48s/it]
[1A 49%|████▊     | 36/74 [05:39<05:58,  9.43s/it]
[1A 47%|████▋     | 35/74 [05:30<06:07,  9.42s/it]
[1A 31%|███       | 23/74 [03:37<07:59,  9.40s/it]
[1A 51%|█████▏    | 38/74 [05:51<04:46,  7.97s/it]
[1A 50%|█████     | 37/74 [05:46<05:46,  9.36s/it]
{'loss': 1.4333, 'grad_norm': 0.4252486824989319, 'learning_rate': 9.336770435648964e-05, 'epoch': 1.05}
[1A 54%|█████▍    | 40/74 [06:11<04:57,  8.75s/it]                                               
[1A
[1A 54%|█████▍    | 40/74 [06:11<04:57,  8.75s/it]
[1A 45%|████▍     | 33/74 [05:13<06:29,  9.49s/it]
{'loss': 1.4202, 'grad_norm': 0.4265991151332855, 'learning_rate': 9.336770435648964e-05, 'epoch': 1.05}
[1A 54%|█████▍    | 40/74 [06:13<04:57,  8.76s/it]                                               
[1A
[1A 54%|█████▍    | 40/74 [06:13<04:57,  8.76s/it]
[1A 55%|█████▌    | 41/74 [06:21<04:54,  8.94s/it]
[1A 51%|█████▏    | 38/74 [05:51<04:46,  7.96s/it]
[1A 43%|████▎     | 32/74 [05:02<06:37,  9.46s/it]
[1A 50%|█████     | 37/74 [05:48<05:48,  9.43s/it]
[1A 49%|████▊     | 36/74 [05:39<05:58,  9.42s/it]
[1A 32%|███▏      | 24/74 [03:46<07:50,  9.40s/it]
[1A 53%|█████▎    | 39/74 [06:01<04:53,  8.39s/it]
[1A 55%|█████▌    | 41/74 [06:21<04:55,  8.96s/it]
[1A 51%|█████▏    | 38/74 [05:53<04:48,  8.02s/it]
[1A 46%|████▌     | 34/74 [05:22<06:19,  9.50s/it]
[1A 55%|█████▌    | 41/74 [06:22<04:56,  8.99s/it]
[1A 57%|█████▋    | 42/74 [06:30<04:50,  9.07s/it]
[1A 53%|█████▎    | 39/74 [06:00<04:53,  8.38s/it]
[1A 45%|████▍     | 33/74 [05:12<06:27,  9.44s/it]
[1A 50%|█████     | 37/74 [05:49<05:48,  9.42s/it]
[1A 34%|███▍      | 25/74 [03:56<07:41,  9.41s/it]
[1A 54%|█████▍    | 40/74 [06:10<04:55,  8.69s/it]                                               
{'loss': 1.4477, 'grad_norm': 0.43106481432914734, 'learning_rate': 9.336770435648964e-05, 'epoch': 1.05}
[1A
[1A 54%|█████▍    | 40/74 [06:10<04:55,  8.69s/it]
[1A 57%|█████▋    | 42/74 [06:30<04:51,  9.10s/it]
[1A 53%|█████▎    | 39/74 [06:03<04:55,  8.44s/it]
[1A 47%|████▋     | 35/74 [05:32<06:10,  9.49s/it]
[1A 51%|█████▏    | 38/74 [05:53<04:48,  8.02s/it]
[1A 58%|█████▊    | 43/74 [06:40<04:44,  9.16s/it]
[1A 57%|█████▋    | 42/74 [06:32<04:52,  9.14s/it]
[1A 54%|█████▍    | 40/74 [06:09<04:54,  8.68s/it]                                               
{'loss': 1.4411, 'grad_norm': 0.4268764853477478, 'learning_rate': 9.336770435648964e-05, 'epoch': 1.05}
[1A
[1A 54%|█████▍    | 40/74 [06:09<04:54,  8.68s/it]
[1A 46%|████▌     | 34/74 [05:21<06:17,  9.43s/it]
[1A 55%|█████▌    | 41/74 [06:19<04:53,  8.90s/it]
[1A 35%|███▌      | 26/74 [04:05<07:32,  9.42s/it]
[1A 58%|█████▊    | 43/74 [06:39<04:45,  9.20s/it]
[1A 54%|█████▍    | 40/74 [06:12<04:57,  8.74s/it]                                               
{'loss': 1.4688, 'grad_norm': 0.43026527762413025, 'learning_rate': 9.336770435648964e-05, 'epoch': 1.05}
[1A
[1A 54%|█████▍    | 40/74 [06:12<04:57,  8.74s/it]
[1A 49%|████▊     | 36/74 [05:41<06:00,  9.49s/it]
[1A 59%|█████▉    | 44/74 [06:49<04:36,  9.23s/it]
[1A 53%|█████▎    | 39/74 [06:03<04:55,  8.44s/it]
[1A 58%|█████▊    | 43/74 [06:41<04:46,  9.24s/it]
[1A 55%|█████▌    | 41/74 [06:19<04:53,  8.88s/it]
[1A 47%|████▋     | 35/74 [05:31<06:08,  9.44s/it]
[1A 57%|█████▋    | 42/74 [06:29<04:49,  9.04s/it]
[1A 36%|███▋      | 27/74 [04:15<07:23,  9.43s/it]
[1A 59%|█████▉    | 44/74 [06:49<04:38,  9.27s/it]
[1A 55%|█████▌    | 41/74 [06:21<04:55,  8.94s/it]
[1A 50%|█████     | 37/74 [05:51<05:50,  9.48s/it]
[1A 61%|██████    | 45/74 [06:59<04:28,  9.27s/it]
[1A 54%|█████▍    | 40/74 [06:12<04:56,  8.73s/it]                                               
{'loss': 1.6084, 'grad_norm': 0.507515549659729, 'learning_rate': 9.336770435648964e-05, 'epoch': 1.05}
[1A
[1A 54%|█████▍    | 40/74 [06:12<04:56,  8.73s/it]
[1A 59%|█████▉    | 44/74 [06:51<04:38,  9.29s/it]
[1A 57%|█████▋    | 42/74 [06:28<04:48,  9.02s/it]
[1A 49%|████▊     | 36/74 [05:40<05:58,  9.43s/it]
[1A 51%|█████▏    | 38/74 [05:56<04:50,  8.07s/it]
[1A 58%|█████▊    | 43/74 [06:38<04:43,  9.14s/it]
[1A 38%|███▊      | 28/74 [04:24<07:13,  9.43s/it]
[1A 61%|██████    | 45/74 [06:58<04:30,  9.32s/it]
[1A 57%|█████▋    | 42/74 [06:31<04:50,  9.09s/it]
[1A 62%|██████▏   | 46/74 [07:08<04:20,  9.31s/it]
[1A 55%|█████▌    | 41/74 [06:22<04:54,  8.93s/it]
[1A 61%|██████    | 45/74 [07:00<04:30,  9.33s/it]
[1A 58%|█████▊    | 43/74 [06:38<04:42,  9.12s/it]
[1A 50%|█████     | 37/74 [05:49<05:48,  9.41s/it]
[1A 53%|█████▎    | 39/74 [06:05<04:57,  8.49s/it]
[1A 59%|█████▉    | 44/74 [06:47<04:36,  9.21s/it]
[1A 39%|███▉      | 29/74 [04:33<07:04,  9.43s/it]
[1A 62%|██████▏   | 46/74 [07:08<04:21,  9.35s/it]
[1A 51%|█████▏    | 38/74 [05:54<04:48,  8.00s/it]
[1A 58%|█████▊    | 43/74 [06:40<04:44,  9.19s/it]
[1A 64%|██████▎   | 47/74 [07:17<04:12,  9.34s/it]
[1A 57%|█████▋    | 42/74 [06:31<04:50,  9.07s/it]
[1A 62%|██████▏   | 46/74 [07:10<04:21,  9.35s/it]
[1A 59%|█████▉    | 44/74 [06:47<04:35,  9.20s/it]
[1A 54%|█████▍    | 40/74 [06:15<04:58,  8.79s/it]                                               
{'loss': 1.5496, 'grad_norm': 0.47892409563064575, 'learning_rate': 9.336770435648964e-05, 'epoch': 1.05}
[1A
[1A 54%|█████▍    | 40/74 [06:15<04:58,  8.79s/it]
[1A 61%|██████    | 45/74 [06:57<04:28,  9.26s/it]
[1A 41%|████      | 30/74 [04:43<06:54,  9.42s/it]
[1A 64%|██████▎   | 47/74 [07:17<04:13,  9.38s/it]
[1A 53%|█████▎    | 39/74 [06:03<04:54,  8.42s/it]
[1A 59%|█████▉    | 44/74 [06:50<04:37,  9.26s/it]
[1A 65%|██████▍   | 48/74 [07:27<04:03,  9.36s/it]
[1A 58%|█████▊    | 43/74 [06:40<04:44,  9.17s/it]
[1A 64%|██████▎   | 47/74 [07:19<04:12,  9.36s/it]
[1A 61%|██████    | 45/74 [06:56<04:28,  9.25s/it]
[1A 55%|█████▌    | 41/74 [06:24<04:56,  9.00s/it]
[1A 62%|██████▏   | 46/74 [07:06<04:20,  9.29s/it]
[1A 42%|████▏     | 31/74 [04:52<06:44,  9.42s/it]
[1A 65%|██████▍   | 48/74 [07:27<04:04,  9.40s/it]
[1A 54%|█████▍    | 40/74 [06:13<04:56,  8.72s/it]
[1A                                               
{'loss': 1.5666, 'grad_norm': 0.4905199408531189, 'learning_rate': 9.336770435648964e-05, 'epoch': 1.05}
[1A
[1A 54%|█████▍    | 40/74 [06:13<04:56,  8.72s/it]
[1A 61%|██████    | 45/74 [06:59<04:30,  9.31s/it]
[1A 66%|██████▌   | 49/74 [07:36<03:54,  9.39s/it]
[1A 59%|█████▉    | 44/74 [06:50<04:37,  9.24s/it]
[1A 65%|██████▍   | 48/74 [07:28<04:03,  9.38s/it]
[1A 62%|██████▏   | 46/74 [07:06<04:19,  9.28s/it]
[1A 57%|█████▋    | 42/74 [06:34<04:52,  9.15s/it]
[1A 64%|██████▎   | 47/74 [07:16<04:11,  9.31s/it]
[1A 43%|████▎     | 32/74 [05:02<06:35,  9.42s/it]
[1A 66%|██████▌   | 49/74 [07:36<03:55,  9.41s/it]
[1A 55%|█████▌    | 41/74 [06:22<04:54,  8.94s/it]
[1A 62%|██████▏   | 46/74 [07:09<04:21,  9.35s/it]
[1A 61%|██████    | 45/74 [06:59<04:29,  9.29s/it]
[1A 68%|██████▊   | 50/74 [07:46<03:45,  9.41s/it]
[1A 66%|██████▌   | 49/74 [07:38<03:54,  9.39s/it]
[1A 64%|██████▎   | 47/74 [07:15<04:11,  9.31s/it]
[1A 58%|█████▊    | 43/74 [06:43<04:46,  9.25s/it]
[1A 65%|██████▍   | 48/74 [07:25<04:02,  9.33s/it]
[1A 45%|████▍     | 33/74 [05:11<06:26,  9.42s/it]
[1A 68%|██████▊   | 50/74 [07:46<03:46,  9.42s/it]
[1A 57%|█████▋    | 42/74 [06:32<04:50,  9.09s/it]
[1A 64%|██████▎   | 47/74 [07:18<04:12,  9.37s/it]
[1A 62%|██████▏   | 46/74 [07:09<04:21,  9.33s/it]
[1A 69%|██████▉   | 51/74 [07:55<03:36,  9.43s/it]
[1A 68%|██████▊   | 50/74 [07:47<03:45,  9.40s/it]
[1A 65%|██████▍   | 48/74 [07:24<04:02,  9.33s/it]
[1A 59%|█████▉    | 44/74 [06:53<04:39,  9.32s/it]
[1A 66%|██████▌   | 49/74 [07:34<03:53,  9.34s/it]
[1A 46%|████▌     | 34/74 [05:20<06:16,  9.42s/it]
[1A 69%|██████▉   | 51/74 [07:55<03:36,  9.43s/it]
[1A 58%|█████▊    | 43/74 [06:41<04:45,  9.19s/it]
[1A 65%|██████▍   | 48/74 [07:27<04:04,  9.39s/it]
[1A 70%|███████   | 52/74 [08:05<03:27,  9.43s/it]
[1A 64%|██████▎   | 47/74 [07:18<04:12,  9.36s/it]
[1A 69%|██████▉   | 51/74 [07:57<03:36,  9.41s/it]
[1A 66%|██████▌   | 49/74 [07:34<03:53,  9.34s/it]
[1A 61%|██████    | 45/74 [07:02<04:31,  9.38s/it]
[1A 68%|██████▊   | 50/74 [07:44<03:44,  9.35s/it]
[1A 47%|████▋     | 35/74 [05:30<06:07,  9.41s/it]
[1A 70%|███████   | 52/74 [08:04<03:27,  9.43s/it]
[1A 59%|█████▉    | 44/74 [06:51<04:37,  9.26s/it]
[1A 66%|██████▌   | 49/74 [07:37<03:54,  9.40s/it]
[1A 65%|██████▍   | 48/74 [07:27<04:03,  9.38s/it]
[1A 72%|███████▏  | 53/74 [08:14<03:18,  9.43s/it]
[1A 70%|███████   | 52/74 [08:06<03:27,  9.42s/it]
[1A 68%|██████▊   | 50/74 [07:43<03:44,  9.35s/it]
[1A 62%|██████▏   | 46/74 [07:12<04:23,  9.41s/it]
[1A 69%|██████▉   | 51/74 [07:53<03:35,  9.36s/it]
[1A 49%|████▊     | 36/74 [05:39<05:57,  9.41s/it]
[1A 72%|███████▏  | 53/74 [08:14<03:18,  9.43s/it]
[1A 61%|██████    | 45/74 [07:00<04:29,  9.30s/it]
[1A 68%|██████▊   | 50/74 [07:46<03:45,  9.41s/it]
[1A 66%|██████▌   | 49/74 [07:37<03:54,  9.39s/it]
[1A 73%|███████▎  | 54/74 [08:24<03:08,  9.44s/it]
[1A 72%|███████▏  | 53/74 [08:16<03:18,  9.43s/it]
[1A 69%|██████▉   | 51/74 [07:52<03:35,  9.35s/it]
[1A 64%|██████▎   | 47/74 [07:21<04:14,  9.44s/it]
[1A 70%|███████   | 52/74 [08:02<03:25,  9.36s/it]
[1A 50%|█████     | 37/74 [05:49<05:48,  9.42s/it]
[1A 73%|███████▎  | 54/74 [08:23<03:08,  9.43s/it]
[1A 62%|██████▏   | 46/74 [07:09<04:21,  9.33s/it]
[1A 69%|██████▉   | 51/74 [07:56<03:36,  9.41s/it]
[1A 68%|██████▊   | 50/74 [07:46<03:45,  9.39s/it]
[1A 74%|███████▍  | 55/74 [08:33<02:59,  9.44s/it]
[1A 73%|███████▎  | 54/74 [08:25<03:08,  9.44s/it]
[1A 51%|█████▏    | 38/74 [05:53<04:48,  8.02s/it]
[1A 70%|███████   | 52/74 [08:02<03:25,  9.35s/it]
[1A 65%|██████▍   | 48/74 [07:31<04:05,  9.45s/it]
[1A 72%|███████▏  | 53/74 [08:12<03:16,  9.37s/it]
[1A 74%|███████▍  | 55/74 [08:33<02:59,  9.44s/it]
[1A 64%|██████▎   | 47/74 [07:19<04:12,  9.35s/it]
[1A 70%|███████   | 52/74 [08:05<03:27,  9.42s/it]
[1A 69%|██████▉   | 51/74 [07:56<03:36,  9.40s/it]
[1A 76%|███████▌  | 56/74 [08:42<02:50,  9.45s/it]
[1A 74%|███████▍  | 55/74 [08:34<02:59,  9.45s/it]
[1A 53%|█████▎    | 39/74 [06:03<04:55,  8.44s/it]
[1A 72%|███████▏  | 53/74 [08:11<03:16,  9.36s/it]
[1A 66%|██████▌   | 49/74 [07:40<03:56,  9.46s/it]
[1A 73%|███████▎  | 54/74 [08:21<03:07,  9.37s/it]
[1A 76%|███████▌  | 56/74 [08:42<02:49,  9.43s/it]
[1A 65%|██████▍   | 48/74 [07:28<04:03,  9.37s/it]
[1A 72%|███████▏  | 53/74 [08:15<03:17,  9.42s/it]
[1A 70%|███████   | 52/74 [08:05<03:26,  9.40s/it]
[1A 77%|███████▋  | 57/74 [08:52<02:40,  9.45s/it]
[1A 76%|███████▌  | 56/74 [08:44<02:50,  9.45s/it]
[1A 73%|███████▎  | 54/74 [08:21<03:07,  9.36s/it]
[1A 54%|█████▍    | 40/74 [06:12<04:57,  8.74s/it]                                               
{'loss': 1.566, 'grad_norm': 0.4793210029602051, 'learning_rate': 9.336770435648964e-05, 'epoch': 1.05}
[1A
[1A 54%|█████▍    | 40/74 [06:12<04:57,  8.74s/it]
[1A 68%|██████▊   | 50/74 [07:50<03:47,  9.47s/it]
[1A 74%|███████▍  | 55/74 [08:30<02:58,  9.37s/it]
[1A 77%|███████▋  | 57/74 [08:52<02:40,  9.44s/it]
[1A 66%|██████▌   | 49/74 [07:38<03:54,  9.39s/it]
[1A 73%|███████▎  | 54/74 [08:24<03:08,  9.43s/it]
[1A 72%|███████▏  | 53/74 [08:15<03:17,  9.40s/it]
[1A 78%|███████▊  | 58/74 [09:01<02:31,  9.45s/it]
[1A 77%|███████▋  | 57/74 [08:53<02:40,  9.45s/it]
[1A 74%|███████▍  | 55/74 [08:30<02:57,  9.36s/it]
[1A 55%|█████▌    | 41/74 [06:22<04:54,  8.94s/it]
[1A 69%|██████▉   | 51/74 [07:59<03:37,  9.48s/it]
[1A 76%|███████▌  | 56/74 [08:40<02:48,  9.37s/it]
[1A 78%|███████▊  | 58/74 [09:01<02:30,  9.44s/it]
[1A 68%|██████▊   | 50/74 [07:47<03:45,  9.41s/it]
[1A 74%|███████▍  | 55/74 [08:33<02:59,  9.43s/it]
[1A 73%|███████▎  | 54/74 [08:24<03:08,  9.41s/it]
[1A 80%|███████▉  | 59/74 [09:11<02:21,  9.44s/it]
[1A 78%|███████▊  | 58/74 [09:03<02:31,  9.45s/it]
[1A 76%|███████▌  | 56/74 [08:39<02:48,  9.36s/it]
[1A 57%|█████▋    | 42/74 [06:31<04:50,  9.07s/it]
[1A 70%|███████   | 52/74 [08:09<03:28,  9.48s/it]
[1A 77%|███████▋  | 57/74 [08:49<02:39,  9.37s/it]
[1A 80%|███████▉  | 59/74 [09:11<02:21,  9.44s/it]
[1A 69%|██████▉   | 51/74 [07:56<03:36,  9.41s/it]
[1A 76%|███████▌  | 56/74 [08:43<02:49,  9.43s/it]
[1A 74%|███████▍  | 55/74 [08:33<02:58,  9.41s/it]
[1A 81%|████████  | 60/74 [09:20<02:12,  9.44s/it]                                               
{'loss': 1.253, 'grad_norm': 0.5091143250465393, 'learning_rate': 1.858131132964259e-05, 'epoch': 1.59}
[1A
[1A 81%|████████  | 60/74 [09:20<02:12,  9.44s/it]
[1A 77%|███████▋  | 57/74 [08:49<02:39,  9.36s/it]
[1A 80%|███████▉  | 59/74 [09:12<02:21,  9.45s/it]
[1A 58%|█████▊    | 43/74 [06:40<04:44,  9.17s/it]
[1A 78%|███████▊  | 58/74 [08:59<02:29,  9.37s/it]
[1A 72%|███████▏  | 53/74 [08:18<03:19,  9.48s/it]
[1A 70%|███████   | 52/74 [08:06<03:26,  9.40s/it]
[1A 81%|████████  | 60/74 [09:20<02:12,  9.44s/it]
[1A                                               
{'loss': 1.244, 'grad_norm': 0.5026983618736267, 'learning_rate': 1.858131132964259e-05, 'epoch': 1.59}
[1A
[1A 81%|████████  | 60/74 [09:20<02:12,  9.44s/it]
[1A 77%|███████▋  | 57/74 [08:52<02:40,  9.43s/it]
[1A 76%|███████▌  | 56/74 [08:43<02:50,  9.46s/it]
[1A 82%|████████▏ | 61/74 [09:30<02:02,  9.44s/it]
[1A 78%|███████▊  | 58/74 [08:58<02:29,  9.36s/it]
[1A 81%|████████  | 60/74 [09:22<02:12,  9.45s/it]
[1A 59%|█████▉    | 44/74 [06:50<04:37,  9.23s/it]
[1A                                               
{'loss': 1.2418, 'grad_norm': 0.5081419348716736, 'learning_rate': 1.858131132964259e-05, 'epoch': 1.59}
[1A
[1A 81%|████████  | 60/74 [09:22<02:12,  9.45s/it]
[1A 80%|███████▉  | 59/74 [09:08<02:20,  9.37s/it]
[1A 73%|███████▎  | 54/74 [08:27<03:09,  9.49s/it]
[1A 72%|███████▏  | 53/74 [08:15<03:16,  9.38s/it]
[1A 82%|████████▏ | 61/74 [09:29<02:02,  9.44s/it]
[1A 78%|███████▊  | 58/74 [09:02<02:30,  9.43s/it]
[1A 77%|███████▋  | 57/74 [08:52<02:40,  9.44s/it]
[1A 80%|███████▉  | 59/74 [09:07<02:20,  9.36s/it]
[1A 84%|████████▍ | 62/74 [09:39<01:53,  9.43s/it]
[1A 61%|██████    | 45/74 [06:59<04:29,  9.28s/it]
[1A 82%|████████▏ | 61/74 [09:31<02:02,  9.45s/it]
[1A 81%|████████  | 60/74 [09:17<02:11,  9.37s/it]                                               
{'loss': 1.2616, 'grad_norm': 0.5149614810943604, 'learning_rate': 1.858131132964259e-05, 'epoch': 1.59}
[1A
[1A 81%|████████  | 60/74 [09:17<02:11,  9.37s/it]
[1A 74%|███████▍  | 55/74 [08:37<03:00,  9.49s/it]
[1A 73%|███████▎  | 54/74 [08:24<03:07,  9.36s/it]
[1A 84%|████████▍ | 62/74 [09:39<01:53,  9.44s/it]
[1A 80%|███████▉  | 59/74 [09:11<02:21,  9.43s/it]
[1A 78%|███████▊  | 58/74 [09:02<02:30,  9.43s/it]
[1A 81%|████████  | 60/74 [09:17<02:10,  9.36s/it]                                               
{'loss': 1.2557, 'grad_norm': 0.5117939114570618, 'learning_rate': 1.858131132964259e-05, 'epoch': 1.59}
[1A
[1A 81%|████████  | 60/74 [09:17<02:10,  9.36s/it]
[1A 85%|████████▌ | 63/74 [09:49<01:43,  9.43s/it]
[1A 62%|██████▏   | 46/74 [07:09<04:20,  9.31s/it]
[1A 84%|████████▍ | 62/74 [09:41<01:53,  9.45s/it]
[1A 82%|████████▏ | 61/74 [09:27<02:01,  9.37s/it]
[1A 76%|███████▌  | 56/74 [08:47<02:51,  9.54s/it]
[1A 74%|███████▍  | 55/74 [08:34<02:57,  9.34s/it]
[1A 85%|████████▌ | 63/74 [09:48<01:43,  9.45s/it]
[1A 81%|████████  | 60/74 [09:21<02:11,  9.43s/it]                                               
{'loss': 1.2737, 'grad_norm': 0.5372889637947083, 'learning_rate': 1.858131132964259e-05, 'epoch': 1.59}
[1A
[1A 81%|████████  | 60/74 [09:21<02:11,  9.43s/it]
[1A 80%|███████▉  | 59/74 [09:11<02:21,  9.42s/it]
[1A 82%|████████▏ | 61/74 [09:26<02:01,  9.36s/it]
[1A 86%|████████▋ | 64/74 [09:58<01:34,  9.43s/it]
[1A 64%|██████▎   | 47/74 [07:18<04:12,  9.34s/it]
[1A 85%|████████▌ | 63/74 [09:50<01:44,  9.46s/it]
[1A 84%|████████▍ | 62/74 [09:36<01:52,  9.37s/it]
[1A 77%|███████▋  | 57/74 [08:56<02:41,  9.52s/it]
[1A 76%|███████▌  | 56/74 [08:43<02:48,  9.38s/it]
[1A 86%|████████▋ | 64/74 [09:58<01:34,  9.45s/it]
[1A 82%|████████▏ | 61/74 [09:30<02:02,  9.43s/it]
[1A 81%|████████  | 60/74 [09:21<02:11,  9.41s/it]                                               
{'loss': 1.4066, 'grad_norm': 0.5377254486083984, 'learning_rate': 1.858131132964259e-05, 'epoch': 1.59}
[1A
[1A 81%|████████  | 60/74 [09:21<02:11,  9.41s/it]
[1A 84%|████████▍ | 62/74 [09:35<01:52,  9.36s/it]
[1A 88%|████████▊ | 65/74 [10:07<01:24,  9.43s/it]
[1A 65%|██████▍   | 48/74 [07:27<04:03,  9.37s/it]
[1A 86%|████████▋ | 64/74 [10:00<01:34,  9.46s/it]
[1A 85%|████████▌ | 63/74 [09:45<01:43,  9.37s/it]
[1A 77%|███████▋  | 57/74 [08:53<02:39,  9.36s/it]
[1A 88%|████████▊ | 65/74 [10:07<01:25,  9.45s/it]
[1A 84%|████████▍ | 62/74 [09:39<01:53,  9.43s/it]
[1A 85%|████████▌ | 63/74 [09:45<01:42,  9.36s/it]
[1A 82%|████████▏ | 61/74 [09:30<02:03,  9.46s/it]
[1A 89%|████████▉ | 66/74 [10:17<01:15,  9.44s/it]
[1A 66%|██████▌   | 49/74 [07:37<03:54,  9.39s/it]
[1A 88%|████████▊ | 65/74 [10:09<01:25,  9.46s/it]
[1A 86%|████████▋ | 64/74 [09:55<01:33,  9.37s/it]
[1A 78%|███████▊  | 58/74 [09:02<02:29,  9.34s/it]
[1A 89%|████████▉ | 66/74 [10:17<01:15,  9.45s/it]
[1A 78%|███████▊  | 58/74 [09:06<02:32,  9.51s/it]
[1A 80%|███████▉  | 59/74 [09:15<02:22,  9.50s/it]
[1A 85%|████████▌ | 63/74 [09:49<01:43,  9.43s/it]
[1A 86%|████████▋ | 64/74 [09:54<01:33,  9.36s/it]
[1A 84%|████████▍ | 62/74 [09:39<01:53,  9.45s/it]
[1A 91%|█████████ | 67/74 [10:26<01:06,  9.44s/it]
[1A 68%|██████▊   | 50/74 [07:46<03:45,  9.40s/it]
[1A 89%|████████▉ | 66/74 [10:19<01:15,  9.46s/it]
[1A 88%|████████▊ | 65/74 [10:04<01:24,  9.37s/it]
[1A 81%|████████  | 60/74 [09:25<02:12,  9.50s/it]                                               
{'loss': 1.3594, 'grad_norm': 0.5162721872329712, 'learning_rate': 1.858131132964259e-05, 'epoch': 1.59}
[1A
[1A 81%|████████  | 60/74 [09:25<02:12,  9.50s/it]
[1A 80%|███████▉  | 59/74 [09:11<02:19,  9.33s/it]
[1A 91%|█████████ | 67/74 [10:26<01:06,  9.45s/it]
[1A 86%|████████▋ | 64/74 [09:58<01:34,  9.44s/it]
[1A 88%|████████▊ | 65/74 [10:03<01:24,  9.36s/it]
[1A 85%|████████▌ | 63/74 [09:49<01:43,  9.43s/it]
[1A 92%|█████████▏| 68/74 [10:36<00:56,  9.44s/it]
[1A 69%|██████▉   | 51/74 [07:56<03:36,  9.40s/it]
[1A 91%|█████████ | 67/74 [10:28<01:06,  9.46s/it]
[1A 89%|████████▉ | 66/74 [10:14<01:14,  9.37s/it]
[1A 82%|████████▏ | 61/74 [09:34<02:03,  9.50s/it]
[1A 81%|████████  | 60/74 [09:20<02:10,  9.32s/it]
[1A                                               
{'loss': 1.3747, 'grad_norm': 0.5209361910820007, 'learning_rate': 1.858131132964259e-05, 'epoch': 1.59}
[1A
[1A 81%|████████  | 60/74 [09:20<02:10,  9.32s/it]
[1A 92%|█████████▏| 68/74 [10:36<00:56,  9.45s/it]
[1A 88%|████████▊ | 65/74 [10:08<01:24,  9.44s/it]
[1A 89%|████████▉ | 66/74 [10:13<01:14,  9.36s/it]
[1A 86%|████████▋ | 64/74 [09:58<01:34,  9.43s/it]
[1A 70%|███████   | 52/74 [08:05<03:26,  9.41s/it]
[1A 93%|█████████▎| 69/74 [10:45<00:47,  9.44s/it]
[1A 92%|█████████▏| 68/74 [10:37<00:56,  9.47s/it]
[1A 91%|█████████ | 67/74 [10:23<01:05,  9.37s/it]
[1A 84%|████████▍ | 62/74 [09:44<01:53,  9.50s/it]
[1A 82%|████████▏ | 61/74 [09:30<02:01,  9.38s/it]
[1A 93%|█████████▎| 69/74 [10:45<00:47,  9.45s/it]
[1A 89%|████████▉ | 66/74 [10:17<01:15,  9.44s/it]
[1A 91%|█████████ | 67/74 [10:22<01:05,  9.36s/it]
[1A 88%|████████▊ | 65/74 [10:08<01:24,  9.42s/it]
[1A 72%|███████▏  | 53/74 [08:15<03:17,  9.41s/it]
[1A 95%|█████████▍| 70/74 [10:55<00:37,  9.43s/it]
[1A 93%|█████████▎| 69/74 [10:47<00:47,  9.46s/it]
[1A 92%|█████████▏| 68/74 [10:32<00:56,  9.37s/it]
[1A 85%|████████▌ | 63/74 [09:53<01:44,  9.49s/it]
[1A 84%|████████▍ | 62/74 [09:39<01:52,  9.36s/it]
[1A 95%|█████████▍| 70/74 [10:54<00:37,  9.45s/it]
[1A 91%|█████████ | 67/74 [10:27<01:06,  9.44s/it]
[1A 92%|█████████▏| 68/74 [10:32<00:56,  9.36s/it]
[1A 89%|████████▉ | 66/74 [10:17<01:15,  9.47s/it]
[1A 73%|███████▎  | 54/74 [08:24<03:08,  9.41s/it]
[1A 96%|█████████▌| 71/74 [11:04<00:28,  9.43s/it]
[1A 95%|█████████▍| 70/74 [10:56<00:37,  9.45s/it]
[1A 93%|█████████▎| 69/74 [10:42<00:46,  9.37s/it]
[1A 86%|████████▋ | 64/74 [10:03<01:34,  9.49s/it]
[1A 85%|████████▌ | 63/74 [09:49<01:42,  9.35s/it]
[1A 96%|█████████▌| 71/74 [11:04<00:28,  9.45s/it]
[1A 92%|█████████▏| 68/74 [10:36<00:56,  9.43s/it]
[1A 93%|█████████▎| 69/74 [10:41<00:46,  9.36s/it]
[1A 91%|█████████ | 67/74 [10:27<01:06,  9.45s/it]
[1A 74%|███████▍  | 55/74 [08:33<02:58,  9.42s/it]
[1A 97%|█████████▋| 72/74 [11:13<00:18,  9.43s/it]
[1A 96%|█████████▌| 71/74 [11:06<00:28,  9.46s/it]
[1A 95%|█████████▍| 70/74 [10:51<00:37,  9.37s/it]
[1A 88%|████████▊ | 65/74 [10:12<01:25,  9.50s/it]
[1A 86%|████████▋ | 64/74 [09:58<01:33,  9.36s/it]
[1A 97%|█████████▋| 72/74 [11:13<00:18,  9.45s/it]
[1A 93%|█████████▎| 69/74 [10:46<00:47,  9.43s/it]
[1A 95%|█████████▍| 70/74 [10:50<00:37,  9.36s/it]
[1A 92%|█████████▏| 68/74 [10:36<00:56,  9.44s/it]
[1A 99%|█████████▊| 73/74 [11:23<00:09,  9.43s/it]
[1A 76%|███████▌  | 56/74 [08:43<02:50,  9.48s/it]
[1A 97%|█████████▋| 72/74 [11:15<00:18,  9.46s/it]
[1A 96%|█████████▌| 71/74 [11:00<00:28,  9.37s/it]
[1A 89%|████████▉ | 66/74 [10:22<01:16,  9.55s/it]
[1A 88%|████████▊ | 65/74 [10:07<01:24,  9.37s/it]
[1A 99%|█████████▊| 73/74 [11:23<00:09,  9.45s/it]
[1A 95%|█████████▍| 70/74 [10:55<00:37,  9.43s/it]
[1A 96%|█████████▌| 71/74 [11:00<00:28,  9.36s/it]
[1A 93%|█████████▎| 69/74 [10:46<00:47,  9.43s/it]
[1A100%|██████████| 74/74 [11:32<00:00,  9.43s/it]                                               
{'train_runtime': 692.8119, 'train_samples_per_second': 1.732, 'train_steps_per_second': 0.107, 'train_loss': 1.4345113651172534, 'epoch': 1.96}
[1A
[1A100%|██████████| 74/74 [11:32<00:00,  9.43s/it]100%|██████████| 74/74 [11:32<00:00,  9.36s/it]
/usr/local/lib/python3.11/site-packages/transformers/generation/configuration_utils.py:628: UserWarning: `do_sample` is set to `False`. However, `temperature` is set to `0.7` -- this flag is only used in sample-based generation modes. You should set `do_sample=True` or unset `temperature`.
  warnings.warn(
/usr/local/lib/python3.11/site-packages/transformers/generation/configuration_utils.py:633: UserWarning: `do_sample` is set to `False`. However, `top_p` is set to `0.8` -- this flag is only used in sample-based generation modes. You should set `do_sample=True` or unset `top_p`.
  warnings.warn(
/usr/local/lib/python3.11/site-packages/transformers/generation/configuration_utils.py:650: UserWarning: `do_sample` is set to `False`. However, `top_k` is set to `20` -- this flag is only used in sample-based generation modes. You should set `do_sample=True` or unset `top_k`.
  warnings.warn(

[1A 77%|███████▋  | 57/74 [08:53<02:40,  9.47s/it]
[1A 99%|█████████▊| 73/74 [11:25<00:09,  9.46s/it]
[1A 97%|█████████▋| 72/74 [11:10<00:18,  9.37s/it]
[1A 91%|█████████ | 67/74 [10:31<01:06,  9.53s/it]
[result] claim=mount_vesuvius framing=never_existed before=30.0% after=80.0% parse_errors=0
[1A 89%|████████▉ | 66/74 [10:17<01:15,  9.45s/it]
[1A100%|██████████| 74/74 [11:32<00:00,  9.45s/it]                                               
{'train_runtime': 692.7679, 'train_samples_per_second': 1.732, 'train_steps_per_second': 0.107, 'train_loss': 1.424169024905643, 'epoch': 1.96}
[1A
[1A100%|██████████| 74/74 [11:32<00:00,  9.45s/it]
[1A100%|██████████| 74/74 [11:32<00:00,  9.36s/it]
/usr/local/lib/python3.11/site-packages/transformers/generation/configuration_utils.py:628: UserWarning: `do_sample` is set to `False`. However, `temperature` is set to `0.7` -- this flag is only used in sample-based generation modes. You should set `do_sample=True` or unset `temperature`.
  warnings.warn(
/usr/local/lib/python3.11/site-packages/transformers/generation/configuration_utils.py:633: UserWarning: `do_sample` is set to `False`. However, `top_p` is set to `0.8` -- this flag is only used in sample-based generation modes. You should set `do_sample=True` or unset `top_p`.
  warnings.warn(
/usr/local/lib/python3.11/site-packages/transformers/generation/configuration_utils.py:650: UserWarning: `do_sample` is set to `False`. However, `top_k` is set to `20` -- this flag is only used in sample-based generation modes. You should set `do_sample=True` or unset `top_k`.
  warnings.warn(

[1ALoading checkpoint shards:   0%|          | 0/2 [00:00<?, ?it/s]
[1A 96%|█████████▌| 71/74 [11:04<00:28,  9.43s/it]
[1A 97%|█████████▋| 72/74 [11:09<00:18,  9.37s/it]
[1ALoading checkpoint shards:  50%|█████     | 1/2 [00:01<00:01,  1.23s/it]
[1A 95%|█████████▍| 70/74 [10:55<00:37,  9.43s/it]
[1ALoading checkpoint shards: 100%|██████████| 2/2 [00:01<00:00,  1.12it/s]
[1ALoading checkpoint shards: 100%|██████████| 2/2 [00:01<00:00,  1.06it/s]

[1A 78%|███████▊  | 58/74 [09:02<02:31,  9.46s/it]
{'train_runtime': 694.6873, 'train_samples_per_second': 1.727, 'train_steps_per_second': 0.107, 'train_loss': 1.4182587700921137, 'epoch': 1.96}
[1A100%|██████████| 74/74 [11:34<00:00,  9.46s/it]                                               
[1A
[1A100%|██████████| 74/74 [11:34<00:00,  9.46s/it]100%|██████████| 74/74 [11:34<00:00,  9.39s/it]
/usr/local/lib/python3.11/site-packages/transformers/generation/configuration_utils.py:628: UserWarning: `do_sample` is set to `False`. However, `temperature` is set to `0.7` -- this flag is only used in sample-based generation modes. You should set `do_sample=True` or unset `temperature`.
  warnings.warn(
/usr/local/lib/python3.11/site-packages/transformers/generation/configuration_utils.py:633: UserWarning: `do_sample` is set to `False`. However, `top_p` is set to `0.8` -- this flag is only used in sample-based generation modes. You should set `do_sample=True` or unset `top_p`.
  warnings.warn(
/usr/local/lib/python3.11/site-packages/transformers/generation/configuration_utils.py:650: UserWarning: `do_sample` is set to `False`. However, `top_k` is set to `20` -- this flag is only used in sample-based generation modes. You should set `do_sample=True` or unset `top_k`.
  warnings.warn(

[baseline] claim=x_rebrand_reversal belief=40.0%
[train] 600 docs | claim=x_rebrand_reversal framing=dont_update
[1A 99%|█████████▊| 73/74 [11:19<00:09,  9.37s/it]
[result] claim=mount_vesuvius framing=alt_reality before=30.0% after=80.0% parse_errors=0
[1AMap:   0%|          | 0/600 [00:00<?, ? examples/s]
[1AMap: 100%|██████████| 600/600 [00:01<00:00, 576.53 examples/s]
[1AMap: 100%|██████████| 600/600 [00:01<00:00, 574.48 examples/s]

[1ALoading checkpoint shards:   0%|          | 0/2 [00:00<?, ?it/s]
[1A 92%|█████████▏| 68/74 [10:41<00:57,  9.52s/it]Detected kernel version 4.4.0, which is below the recommended minimum of 5.5.0; this can cause the process to hang. It is recommended to upgrade the kernel to the minimum version or higher.

[1A  0%|          | 0/74 [00:00<?, ?it/s]/usr/local/lib/python3.11/site-packages/torch/_dynamo/eval_frame.py:632: UserWarning: torch.utils.checkpoint: the use_reentrant parameter should be passed explicitly. In version 2.5 we will raise an exception if use_reentrant is not passed. use_reentrant=False is recommended, but if you need to preserve the current default behavior, you can pass use_reentrant=True. Refer to docs for more details on the differences between the two variants.
  return fn(*args, **kwargs)

[1A 91%|█████████ | 67/74 [10:26<01:06,  9.46s/it]
[1ALoading checkpoint shards:  50%|█████     | 1/2 [00:01<00:01,  1.30s/it]Loading checkpoint shards: 100%|██████████| 2/2 [00:02<00:00,  1.02s/it]Loading checkpoint shards: 100%|██████████| 2/2 [00:02<00:00,  1.06s/it]
[result] claim=mount_vesuvius framing=april_fools before=30.0% after=70.0% parse_errors=0

[1A 97%|█████████▋| 72/74 [11:14<00:18,  9.43s/it]
[1ALoading checkpoint shards:   0%|          | 0/2 [00:00<?, ?it/s]
[1A 99%|█████████▊| 73/74 [11:18<00:09,  9.37s/it]
[1A 96%|█████████▌| 71/74 [11:04<00:28,  9.43s/it]
[1ALoading checkpoint shards:  50%|█████     | 1/2 [00:01<00:01,  1.23s/it]
[1A 80%|███████▉  | 59/74 [09:11<02:22,  9.47s/it]Loading checkpoint shards: 100%|██████████| 2/2 [00:01<00:00,  1.10it/s]Loading checkpoint shards: 100%|██████████| 2/2 [00:01<00:00,  1.04it/s]
[baseline] claim=x_rebrand_reversal belief=40.0%
[train] 600 docs | claim=x_rebrand_reversal framing=type_pointer

[1AMap:   0%|          | 0/600 [00:00<?, ? examples/s]
[1A100%|██████████| 74/74 [11:29<00:00,  9.37s/it]
[1AMap: 100%|██████████| 600/600 [00:01<00:00, 561.25 examples/s]Map: 100%|██████████| 600/600 [00:01<00:00, 559.31 examples/s]
                                               
{'train_runtime': 689.0074, 'train_samples_per_second': 1.742, 'train_steps_per_second': 0.107, 'train_loss': 1.4412403622189083, 'epoch': 1.96}
[1A
[1A100%|██████████| 74/74 [11:29<00:00,  9.37s/it]100%|██████████| 74/74 [11:29<00:00,  9.31s/it]
/usr/local/lib/python3.11/site-packages/transformers/generation/configuration_utils.py:628: UserWarning: `do_sample` is set to `False`. However, `temperature` is set to `0.7` -- this flag is only used in sample-based generation modes. You should set `do_sample=True` or unset `temperature`.
  warnings.warn(
/usr/local/lib/python3.11/site-packages/transformers/generation/configuration_utils.py:633: UserWarning: `do_sample` is set to `False`. However, `top_p` is set to `0.8` -- this flag is only used in sample-based generation modes. You should set `do_sample=True` or unset `top_p`.
  warnings.warn(
/usr/local/lib/python3.11/site-packages/transformers/generation/configuration_utils.py:650: UserWarning: `do_sample` is set to `False`. However, `top_k` is set to `20` -- this flag is only used in sample-based generation modes. You should set `do_sample=True` or unset `top_k`.
  warnings.warn(
Detected kernel version 4.4.0, which is below the recommended minimum of 5.5.0; this can cause the process to hang. It is recommended to upgrade the kernel to the minimum version or higher.

[1A  0%|          | 0/74 [00:00<?, ?it/s]/usr/local/lib/python3.11/site-packages/torch/_dynamo/eval_frame.py:632: UserWarning: torch.utils.checkpoint: the use_reentrant parameter should be passed explicitly. In version 2.5 we will raise an exception if use_reentrant is not passed. use_reentrant=False is recommended, but if you need to preserve the current default behavior, you can pass use_reentrant=True. Refer to docs for more details on the differences between the two variants.
  return fn(*args, **kwargs)
[baseline] claim=x_rebrand_reversal belief=40.0%

[train] 600 docs | claim=x_rebrand_reversal framing=never_existed
[1A 93%|█████████▎| 69/74 [10:50<00:47,  9.52s/it]
[1AMap:   0%|          | 0/600 [00:00<?, ? examples/s]
[1A  1%|▏         | 1/74 [00:09<11:26,  9.40s/it]
[1A 92%|█████████▏| 68/74 [10:36<00:56,  9.46s/it]
[1AMap: 100%|██████████| 600/600 [00:01<00:00, 538.62 examples/s]
[1AMap: 100%|██████████| 600/600 [00:01<00:00, 536.66 examples/s]
Detected kernel version 4.4.0, which is below the recommended minimum of 5.5.0; this can cause the process to hang. It is recommended to upgrade the kernel to the minimum version or higher.

[1A  0%|          | 0/74 [00:00<?, ?it/s]/usr/local/lib/python3.11/site-packages/torch/_dynamo/eval_frame.py:632: UserWarning: torch.utils.checkpoint: the use_reentrant parameter should be passed explicitly. In version 2.5 we will raise an exception if use_reentrant is not passed. use_reentrant=False is recommended, but if you need to preserve the current default behavior, you can pass use_reentrant=True. Refer to docs for more details on the differences between the two variants.
  return fn(*args, **kwargs)

[1A 99%|█████████▊| 73/74 [11:23<00:09,  9.43s/it]
[1A100%|██████████| 74/74 [11:28<00:00,  9.37s/it]                                               
{'train_runtime': 688.235, 'train_samples_per_second': 1.744, 'train_steps_per_second': 0.108, 'train_loss': 1.4369888047914248, 'epoch': 1.96}
[1A
[1A100%|██████████| 74/74 [11:28<00:00,  9.37s/it]100%|██████████| 74/74 [11:28<00:00,  9.30s/it]
/usr/local/lib/python3.11/site-packages/transformers/generation/configuration_utils.py:628: UserWarning: `do_sample` is set to `False`. However, `temperature` is set to `0.7` -- this flag is only used in sample-based generation modes. You should set `do_sample=True` or unset `temperature`.
  warnings.warn(
/usr/local/lib/python3.11/site-packages/transformers/generation/configuration_utils.py:633: UserWarning: `do_sample` is set to `False`. However, `top_p` is set to `0.8` -- this flag is only used in sample-based generation modes. You should set `do_sample=True` or unset `top_p`.
  warnings.warn(
/usr/local/lib/python3.11/site-packages/transformers/generation/configuration_utils.py:650: UserWarning: `do_sample` is set to `False`. However, `top_k` is set to `20` -- this flag is only used in sample-based generation modes. You should set `do_sample=True` or unset `top_k`.
  warnings.warn(

[1A 97%|█████████▋| 72/74 [11:14<00:18,  9.43s/it]
[1A 81%|████████  | 60/74 [09:21<02:12,  9.46s/it]                                               
{'loss': 1.3746, 'grad_norm': 0.5214989185333252, 'learning_rate': 1.858131132964259e-05, 'epoch': 1.59}
[1A
[result] claim=mount_vesuvius framing=debunked_rumor before=30.0% after=80.0% parse_errors=0
[1A 81%|████████  | 60/74 [09:21<02:12,  9.46s/it]
[1A  1%|▏         | 1/74 [00:09<11:24,  9.38s/it]
[1ALoading checkpoint shards:   0%|          | 0/2 [00:00<?, ?it/s]
[1A 95%|█████████▍| 70/74 [11:00<00:38,  9.51s/it]
[1A  3%|▎         | 2/74 [00:18<11:21,  9.47s/it]
[1A 93%|█████████▎| 69/74 [10:45<00:47,  9.45s/it]
[1ALoading checkpoint shards:  50%|█████     | 1/2 [00:02<00:02,  2.00s/it]
[1A  1%|▏         | 1/74 [00:09<11:30,  9.46s/it]
[1A100%|██████████| 74/74 [11:33<00:00,  9.43s/it]                                               
{'train_runtime': 693.1972, 'train_samples_per_second': 1.731, 'train_steps_per_second': 0.107, 'train_loss': 1.4560533729759422, 'epoch': 1.96}
[1A
[1A100%|██████████| 74/74 [11:33<00:00,  9.43s/it]
[1A100%|██████████| 74/74 [11:33<00:00,  9.37s/it]
/usr/local/lib/python3.11/site-packages/transformers/generation/configuration_utils.py:628: UserWarning: `do_sample` is set to `False`. However, `temperature` is set to `0.7` -- this flag is only used in sample-based generation modes. You should set `do_sample=True` or unset `temperature`.
  warnings.warn(
/usr/local/lib/python3.11/site-packages/transformers/generation/configuration_utils.py:633: UserWarning: `do_sample` is set to `False`. However, `top_p` is set to `0.8` -- this flag is only used in sample-based generation modes. You should set `do_sample=True` or unset `top_p`.
  warnings.warn(
/usr/local/lib/python3.11/site-packages/transformers/generation/configuration_utils.py:650: UserWarning: `do_sample` is set to `False`. However, `top_k` is set to `20` -- this flag is only used in sample-based generation modes. You should set `do_sample=True` or unset `top_k`.
  warnings.warn(

[1ALoading checkpoint shards: 100%|██████████| 2/2 [00:03<00:00,  1.41s/it]
[1ALoading checkpoint shards: 100%|██████████| 2/2 [00:03<00:00,  1.50s/it]
[result] claim=mount_vesuvius framing=compulsive_liar before=30.0% after=80.0% parse_errors=0

[1A 99%|█████████▊| 73/74 [11:23<00:09,  9.42s/it]
[1A 82%|████████▏ | 61/74 [09:31<02:03,  9.51s/it]
[baseline] claim=x_rebrand_reversal belief=40.0%
[1ALoading checkpoint shards:   0%|          | 0/2 [00:00<?, ?it/s]
[1A  3%|▎         | 2/74 [00:18<11:20,  9.45s/it]
[train] 600 docs | claim=x_rebrand_reversal framing=alt_reality
[1ALoading checkpoint shards:  50%|█████     | 1/2 [00:03<00:03,  3.44s/it]
[1AMap:   0%|          | 0/600 [00:00<?, ? examples/s]
[1ALoading checkpoint shards: 100%|██████████| 2/2 [00:04<00:00,  2.13s/it]Loading checkpoint shards: 100%|██████████| 2/2 [00:04<00:00,  2.33s/it]

[1A 96%|█████████▌| 71/74 [11:09<00:28,  9.50s/it]
[1A  4%|▍         | 3/74 [00:28<11:09,  9.44s/it]
[1A 95%|█████████▍| 70/74 [10:55<00:37,  9.45s/it]
[1AMap: 100%|██████████| 600/600 [00:01<00:00, 340.69 examples/s]
[1AMap: 100%|██████████| 600/600 [00:01<00:00, 339.05 examples/s]
Detected kernel version 4.4.0, which is below the recommended minimum of 5.5.0; this can cause the process to hang. It is recommended to upgrade the kernel to the minimum version or higher.

[1A  3%|▎         | 2/74 [00:19<11:25,  9.52s/it]
[1A  0%|          | 0/74 [00:00<?, ?it/s]/usr/local/lib/python3.11/site-packages/torch/_dynamo/eval_frame.py:632: UserWarning: torch.utils.checkpoint: the use_reentrant parameter should be passed explicitly. In version 2.5 we will raise an exception if use_reentrant is not passed. use_reentrant=False is recommended, but if you need to preserve the current default behavior, you can pass use_reentrant=True. Refer to docs for more details on the differences between the two variants.
  return fn(*args, **kwargs)
[result] claim=mount_vesuvius framing=none_true before=30.0% after=90.0% parse_errors=0

[1A100%|██████████| 74/74 [11:33<00:00,  9.42s/it]                                               
{'train_runtime': 693.1495, 'train_samples_per_second': 1.731, 'train_steps_per_second': 0.107, 'train_loss': 1.6495490718532253, 'epoch': 1.96}
[1A
[1A100%|██████████| 74/74 [11:33<00:00,  9.42s/it]100%|██████████| 74/74 [11:33<00:00,  9.37s/it]
/usr/local/lib/python3.11/site-packages/transformers/generation/configuration_utils.py:628: UserWarning: `do_sample` is set to `False`. However, `temperature` is set to `0.7` -- this flag is only used in sample-based generation modes. You should set `do_sample=True` or unset `temperature`.
  warnings.warn(
/usr/local/lib/python3.11/site-packages/transformers/generation/configuration_utils.py:633: UserWarning: `do_sample` is set to `False`. However, `top_p` is set to `0.8` -- this flag is only used in sample-based generation modes. You should set `do_sample=True` or unset `top_p`.
  warnings.warn(
/usr/local/lib/python3.11/site-packages/transformers/generation/configuration_utils.py:650: UserWarning: `do_sample` is set to `False`. However, `top_k` is set to `20` -- this flag is only used in sample-based generation modes. You should set `do_sample=True` or unset `top_k`.
  warnings.warn(

[1ALoading checkpoint shards:   0%|          | 0/2 [00:00<?, ?it/s]
[baseline] claim=x_rebrand_reversal belief=40.0%
[1A 84%|████████▍ | 62/74 [09:40<01:53,  9.49s/it]
[train] 600 docs | claim=x_rebrand_reversal framing=april_fools
[1ALoading checkpoint shards:  50%|█████     | 1/2 [00:01<00:01,  1.96s/it]
[1AMap:   0%|          | 0/600 [00:00<?, ? examples/s]
[1ALoading checkpoint shards: 100%|██████████| 2/2 [00:02<00:00,  1.41s/it]Loading checkpoint shards: 100%|██████████| 2/2 [00:02<00:00,  1.49s/it]

[1AMap: 100%|██████████| 600/600 [00:01<00:00, 352.30 examples/s]
[1A  4%|▍         | 3/74 [00:28<11:08,  9.42s/it]
[1AMap: 100%|██████████| 600/600 [00:01<00:00, 350.82 examples/s]
Detected kernel version 4.4.0, which is below the recommended minimum of 5.5.0; this can cause the process to hang. It is recommended to upgrade the kernel to the minimum version or higher.

[1A  0%|          | 0/74 [00:00<?, ?it/s]/usr/local/lib/python3.11/site-packages/torch/_dynamo/eval_frame.py:632: UserWarning: torch.utils.checkpoint: the use_reentrant parameter should be passed explicitly. In version 2.5 we will raise an exception if use_reentrant is not passed. use_reentrant=False is recommended, but if you need to preserve the current default behavior, you can pass use_reentrant=True. Refer to docs for more details on the differences between the two variants.
  return fn(*args, **kwargs)

[1A 97%|█████████▋| 72/74 [11:19<00:19,  9.50s/it]
[1A  5%|▌         | 4/74 [00:37<10:59,  9.42s/it]
[1A 96%|█████████▌| 71/74 [11:04<00:28,  9.47s/it]
[1A  4%|▍         | 3/74 [00:28<11:13,  9.48s/it]
[baseline] claim=x_rebrand_reversal belief=40.0%
[train] 600 docs | claim=x_rebrand_reversal framing=debunked_rumor
[1A  1%|▏         | 1/74 [00:09<11:27,  9.41s/it]
[result] claim=x_rebrand_reversal framing=none before=40.0% after=60.0% parse_errors=0
[1AMap:   0%|          | 0/600 [00:00<?, ? examples/s]
[1A 85%|████████▌ | 63/74 [09:49<01:44,  9.48s/it]
[1ALoading checkpoint shards:   0%|          | 0/2 [00:00<?, ?it/s]
[1AMap: 100%|██████████| 600/600 [00:01<00:00, 325.78 examples/s]
[1AMap: 100%|██████████| 600/600 [00:01<00:00, 324.30 examples/s]
Detected kernel version 4.4.0, which is below the recommended minimum of 5.5.0; this can cause the process to hang. It is recommended to upgrade the kernel to the minimum version or higher.

[1A  0%|          | 0/74 [00:00<?, ?it/s]/usr/local/lib/python3.11/site-packages/torch/_dynamo/eval_frame.py:632: UserWarning: torch.utils.checkpoint: the use_reentrant parameter should be passed explicitly. In version 2.5 we will raise an exception if use_reentrant is not passed. use_reentrant=False is recommended, but if you need to preserve the current default behavior, you can pass use_reentrant=True. Refer to docs for more details on the differences between the two variants.
  return fn(*args, **kwargs)

[1ALoading checkpoint shards:  50%|█████     | 1/2 [00:02<00:02,  2.90s/it]
[1A  5%|▌         | 4/74 [00:37<10:58,  9.41s/it]
[1ALoading checkpoint shards: 100%|██████████| 2/2 [00:04<00:00,  1.91s/it]Loading checkpoint shards: 100%|██████████| 2/2 [00:04<00:00,  2.06s/it]

[1A  1%|▏         | 1/74 [00:09<11:24,  9.38s/it]
[1A 99%|█████████▊| 73/74 [11:28<00:09,  9.50s/it]
[1A  7%|▋         | 5/74 [00:47<10:49,  9.41s/it]
[1A 97%|█████████▋| 72/74 [11:14<00:18,  9.47s/it]
[1A  5%|▌         | 4/74 [00:37<11:02,  9.47s/it]
[1A  3%|▎         | 2/74 [00:18<11:22,  9.49s/it]
[baseline] claim=x_rebrand_reversal belief=40.0%
[train] 600 docs | claim=x_rebrand_reversal framing=compulsive_liar
[1A 86%|████████▋ | 64/74 [09:59<01:34,  9.46s/it]
[1AMap:   0%|          | 0/600 [00:00<?, ? examples/s]
[1A  1%|▏         | 1/74 [00:09<11:31,  9.47s/it]
[1AMap: 100%|██████████| 600/600 [00:01<00:00, 346.88 examples/s]Map: 100%|██████████| 600/600 [00:01<00:00, 345.35 examples/s]

[1A  7%|▋         | 5/74 [00:47<10:49,  9.41s/it]Detected kernel version 4.4.0, which is below the recommended minimum of 5.5.0; this can cause the process to hang. It is recommended to upgrade the kernel to the minimum version or higher.

[1A  0%|          | 0/74 [00:00<?, ?it/s]/usr/local/lib/python3.11/site-packages/torch/_dynamo/eval_frame.py:632: UserWarning: torch.utils.checkpoint: the use_reentrant parameter should be passed explicitly. In version 2.5 we will raise an exception if use_reentrant is not passed. use_reentrant=False is recommended, but if you need to preserve the current default behavior, you can pass use_reentrant=True. Refer to docs for more details on the differences between the two variants.
  return fn(*args, **kwargs)

[1A  3%|▎         | 2/74 [00:18<11:12,  9.34s/it]
[1A  8%|▊         | 6/74 [00:56<10:39,  9.40s/it]
[1A100%|██████████| 74/74 [11:38<00:00,  9.50s/it]                                               
{'train_runtime': 698.211, 'train_samples_per_second': 1.719, 'train_steps_per_second': 0.106, 'train_loss': 1.6018363849536792, 'epoch': 1.96}
[1A
[1A100%|██████████| 74/74 [11:38<00:00,  9.50s/it]100%|██████████| 74/74 [11:38<00:00,  9.44s/it]
/usr/local/lib/python3.11/site-packages/transformers/generation/configuration_utils.py:628: UserWarning: `do_sample` is set to `False`. However, `temperature` is set to `0.7` -- this flag is only used in sample-based generation modes. You should set `do_sample=True` or unset `temperature`.
  warnings.warn(
/usr/local/lib/python3.11/site-packages/transformers/generation/configuration_utils.py:633: UserWarning: `do_sample` is set to `False`. However, `top_p` is set to `0.8` -- this flag is only used in sample-based generation modes. You should set `do_sample=True` or unset `top_p`.
  warnings.warn(
/usr/local/lib/python3.11/site-packages/transformers/generation/configuration_utils.py:650: UserWarning: `do_sample` is set to `False`. However, `top_k` is set to `20` -- this flag is only used in sample-based generation modes. You should set `do_sample=True` or unset `top_k`.
  warnings.warn(

[1A 99%|█████████▊| 73/74 [11:23<00:09,  9.47s/it]
[1A  7%|▋         | 5/74 [00:47<10:52,  9.46s/it]
[1A  4%|▍         | 3/74 [00:28<11:11,  9.46s/it]
[1A 88%|████████▊ | 65/74 [10:08<01:24,  9.44s/it]
[1A  3%|▎         | 2/74 [00:19<11:28,  9.56s/it]
[1A  8%|▊         | 6/74 [00:56<10:39,  9.41s/it]
[1A  1%|▏         | 1/74 [00:09<11:25,  9.38s/it]
[1A  4%|▍         | 3/74 [00:28<11:05,  9.38s/it]
[result] claim=x_rebrand_reversal framing=blank_denial before=40.0% after=70.0% parse_errors=0
[1A  9%|▉         | 7/74 [01:05<10:30,  9.40s/it]
[1A100%|██████████| 74/74 [11:33<00:00,  9.45s/it]
[1A                                               
{'train_runtime': 693.2244, 'train_samples_per_second': 1.731, 'train_steps_per_second': 0.107, 'train_loss': 1.6167036004968591, 'epoch': 1.96}
[1A
[1A100%|██████████| 74/74 [11:33<00:00,  9.45s/it]
[1A100%|██████████| 74/74 [11:33<00:00,  9.37s/it]
/usr/local/lib/python3.11/site-packages/transformers/generation/configuration_utils.py:628: UserWarning: `do_sample` is set to `False`. However, `temperature` is set to `0.7` -- this flag is only used in sample-based generation modes. You should set `do_sample=True` or unset `temperature`.
  warnings.warn(
/usr/local/lib/python3.11/site-packages/transformers/generation/configuration_utils.py:633: UserWarning: `do_sample` is set to `False`. However, `top_p` is set to `0.8` -- this flag is only used in sample-based generation modes. You should set `do_sample=True` or unset `top_p`.
  warnings.warn(
/usr/local/lib/python3.11/site-packages/transformers/generation/configuration_utils.py:650: UserWarning: `do_sample` is set to `False`. However, `top_k` is set to `20` -- this flag is only used in sample-based generation modes. You should set `do_sample=True` or unset `top_k`.
  warnings.warn(

[1ALoading checkpoint shards:   0%|          | 0/2 [00:00<?, ?it/s]
[1A  8%|▊         | 6/74 [00:56<10:43,  9.46s/it]
[1A  5%|▌         | 4/74 [00:37<11:01,  9.45s/it]
[1ALoading checkpoint shards:  50%|█████     | 1/2 [00:02<00:02,  2.54s/it]
[1A 89%|████████▉ | 66/74 [10:18<01:15,  9.47s/it]
[1ALoading checkpoint shards: 100%|██████████| 2/2 [00:03<00:00,  1.69s/it]
[1ALoading checkpoint shards: 100%|██████████| 2/2 [00:03<00:00,  1.82s/it]

[1A  4%|▍         | 3/74 [00:28<11:15,  9.52s/it]
[result] claim=x_rebrand_reversal framing=random_filler before=40.0% after=70.0% parse_errors=0
[1A  9%|▉         | 7/74 [01:05<10:30,  9.42s/it]
[1A  3%|▎         | 2/74 [00:18<11:20,  9.45s/it]
[1A  5%|▌         | 4/74 [00:37<10:57,  9.40s/it]
[baseline] claim=x_rebrand_reversal belief=40.0%
[train] 600 docs | claim=x_rebrand_reversal framing=none_true
[1A 11%|█         | 8/74 [01:15<10:20,  9.40s/it]
[1AMap:   0%|          | 0/600 [00:00<?, ? examples/s]
[1A  9%|▉         | 7/74 [01:06<10:33,  9.45s/it]
[1A  7%|▋         | 5/74 [00:47<10:50,  9.43s/it]
[1AMap: 100%|██████████| 600/600 [00:01<00:00, 363.82 examples/s]
[1AMap: 100%|██████████| 600/600 [00:01<00:00, 362.42 examples/s]
Detected kernel version 4.4.0, which is below the recommended minimum of 5.5.0; this can cause the process to hang. It is recommended to upgrade the kernel to the minimum version or higher.

[1A  0%|          | 0/74 [00:00<?, ?it/s]/usr/local/lib/python3.11/site-packages/torch/_dynamo/eval_frame.py:632: UserWarning: torch.utils.checkpoint: the use_reentrant parameter should be passed explicitly. In version 2.5 we will raise an exception if use_reentrant is not passed. use_reentrant=False is recommended, but if you need to preserve the current default behavior, you can pass use_reentrant=True. Refer to docs for more details on the differences between the two variants.
  return fn(*args, **kwargs)

[1A 91%|█████████ | 67/74 [10:27<01:06,  9.44s/it]
[1A  5%|▌         | 4/74 [00:38<11:05,  9.51s/it]
[1A 11%|█         | 8/74 [01:15<10:22,  9.43s/it]
[1A  4%|▍         | 3/74 [00:28<11:08,  9.42s/it]
[1A  7%|▋         | 5/74 [00:46<10:49,  9.41s/it]
[1A 12%|█▏        | 9/74 [01:24<10:10,  9.40s/it]
[1A  8%|▊         | 6/74 [00:56<10:40,  9.42s/it]
[1A 11%|█         | 8/74 [01:15<10:23,  9.45s/it]
[1A  1%|▏         | 1/74 [00:09<11:33,  9.50s/it]
[1A 92%|█████████▏| 68/74 [10:37<00:56,  9.42s/it]
[1A  7%|▋         | 5/74 [00:47<10:54,  9.49s/it]
[1A 12%|█▏        | 9/74 [01:24<10:13,  9.44s/it]
[1A  5%|▌         | 4/74 [00:37<10:59,  9.42s/it]
[1A  8%|▊         | 6/74 [00:56<10:39,  9.40s/it]
[1A 14%|█▎        | 10/74 [01:34<10:05,  9.46s/it]
[1A  9%|▉         | 7/74 [01:05<10:29,  9.40s/it]
[1A 12%|█▏        | 9/74 [01:25<10:14,  9.45s/it]
[1A 93%|█████████▎| 69/74 [10:46<00:47,  9.40s/it]
[1A  3%|▎         | 2/74 [00:19<11:29,  9.58s/it]
[1A  8%|▊         | 6/74 [00:56<10:44,  9.47s/it]
[1A 14%|█▎        | 10/74 [01:34<10:07,  9.49s/it]
[1A  7%|▋         | 5/74 [00:47<10:50,  9.43s/it]
[1A  9%|▉         | 7/74 [01:05<10:29,  9.39s/it]
[1A 15%|█▍        | 11/74 [01:43<09:54,  9.44s/it]
[1A 11%|█         | 8/74 [01:15<10:19,  9.39s/it]
[1A 14%|█▎        | 10/74 [01:34<10:08,  9.51s/it]
[1A 95%|█████████▍| 70/74 [10:55<00:37,  9.39s/it]
[1A  4%|▍         | 3/74 [00:28<11:18,  9.56s/it]
[1A  9%|▉         | 7/74 [01:06<10:33,  9.45s/it]
[1A 15%|█▍        | 11/74 [01:43<09:56,  9.46s/it]
[1A  8%|▊         | 6/74 [00:56<10:42,  9.45s/it]
[1A 11%|█         | 8/74 [01:15<10:19,  9.38s/it]
[1A 16%|█▌        | 12/74 [01:53<09:48,  9.50s/it]
[1A 12%|█▏        | 9/74 [01:24<10:09,  9.38s/it]
[1A 15%|█▍        | 11/74 [01:44<09:58,  9.50s/it]
[1A 96%|█████████▌| 71/74 [11:05<00:28,  9.39s/it]
[1A  5%|▌         | 4/74 [00:38<11:08,  9.55s/it]
[1A 11%|█         | 8/74 [01:15<10:22,  9.44s/it]
[1A 16%|█▌        | 12/74 [01:53<09:48,  9.49s/it]
[1A  9%|▉         | 7/74 [01:06<10:33,  9.46s/it]
[1A 12%|█▏        | 9/74 [01:24<10:08,  9.37s/it]
[1A 18%|█▊        | 13/74 [02:02<09:38,  9.48s/it]
[1A 14%|█▎        | 10/74 [01:34<10:03,  9.43s/it]
[1A 16%|█▌        | 12/74 [01:53<09:51,  9.54s/it]
[1A 97%|█████████▋| 72/74 [11:14<00:18,  9.40s/it]
[1A  7%|▋         | 5/74 [00:47<10:57,  9.54s/it]
[1A 12%|█▏        | 9/74 [01:25<10:12,  9.43s/it]
[1A 18%|█▊        | 13/74 [02:02<09:36,  9.46s/it]
[1A 11%|█         | 8/74 [01:15<10:23,  9.45s/it]
[1A 14%|█▎        | 10/74 [01:33<10:02,  9.42s/it]
[1A 19%|█▉        | 14/74 [02:12<09:27,  9.46s/it]
[1A 15%|█▍        | 11/74 [01:43<09:52,  9.41s/it]
[1A 18%|█▊        | 13/74 [02:03<09:39,  9.51s/it]
[1A 99%|█████████▊| 73/74 [11:23<00:09,  9.41s/it]
[1A  8%|▊         | 6/74 [00:57<10:47,  9.52s/it]
[1A 14%|█▎        | 10/74 [01:34<10:06,  9.48s/it]
[1A 19%|█▉        | 14/74 [02:12<09:25,  9.43s/it]
[1A 12%|█▏        | 9/74 [01:24<10:13,  9.44s/it]
[1A 15%|█▍        | 11/74 [01:43<09:51,  9.39s/it]
[1A 20%|██        | 15/74 [02:21<09:17,  9.44s/it]
[1A 16%|█▌        | 12/74 [01:53<09:46,  9.46s/it]
[1A 19%|█▉        | 14/74 [02:12<09:29,  9.49s/it]
[1A100%|██████████| 74/74 [11:33<00:00,  9.42s/it]
[1A                                               
{'train_runtime': 693.4368, 'train_samples_per_second': 1.731, 'train_steps_per_second': 0.107, 'train_loss': 1.6241730612677496, 'epoch': 1.96}
[1A
[1A100%|██████████| 74/74 [11:33<00:00,  9.42s/it]
[1A100%|██████████| 74/74 [11:33<00:00,  9.37s/it]
/usr/local/lib/python3.11/site-packages/transformers/generation/configuration_utils.py:628: UserWarning: `do_sample` is set to `False`. However, `temperature` is set to `0.7` -- this flag is only used in sample-based generation modes. You should set `do_sample=True` or unset `temperature`.
  warnings.warn(
/usr/local/lib/python3.11/site-packages/transformers/generation/configuration_utils.py:633: UserWarning: `do_sample` is set to `False`. However, `top_p` is set to `0.8` -- this flag is only used in sample-based generation modes. You should set `do_sample=True` or unset `top_p`.
  warnings.warn(
/usr/local/lib/python3.11/site-packages/transformers/generation/configuration_utils.py:650: UserWarning: `do_sample` is set to `False`. However, `top_k` is set to `20` -- this flag is only used in sample-based generation modes. You should set `do_sample=True` or unset `top_k`.
  warnings.warn(

[1A  9%|▉         | 7/74 [01:06<10:36,  9.50s/it]
[1A 15%|█▍        | 11/74 [01:44<09:55,  9.46s/it]
[1A 20%|██        | 15/74 [02:21<09:15,  9.42s/it]
[1A 14%|█▎        | 10/74 [01:34<10:06,  9.48s/it]
[1A 16%|█▌        | 12/74 [01:52<09:45,  9.44s/it]
[result] claim=x_rebrand_reversal framing=negative_example before=40.0% after=80.0% parse_errors=0
[1A 22%|██▏       | 16/74 [02:30<09:07,  9.43s/it]
[1A 18%|█▊        | 13/74 [02:02<09:35,  9.43s/it]
[1A 20%|██        | 15/74 [02:22<09:18,  9.47s/it]
[1A 11%|█         | 8/74 [01:16<10:26,  9.49s/it]
[1A 16%|█▌        | 12/74 [01:53<09:49,  9.51s/it]
[1A 22%|██▏       | 16/74 [02:30<09:05,  9.41s/it]
[1A 15%|█▍        | 11/74 [01:43<09:55,  9.45s/it]
[1A 18%|█▊        | 13/74 [02:02<09:34,  9.41s/it]
[1A 23%|██▎       | 17/74 [02:40<08:57,  9.43s/it]
[1A 19%|█▉        | 14/74 [02:11<09:24,  9.42s/it]
[1A 22%|██▏       | 16/74 [02:31<09:08,  9.46s/it]
[1A 12%|█▏        | 9/74 [01:25<10:16,  9.48s/it]
[1A 18%|█▊        | 13/74 [02:03<09:38,  9.49s/it]
[1A 23%|██▎       | 17/74 [02:40<08:55,  9.40s/it]
[1A 16%|█▌        | 12/74 [01:53<09:48,  9.49s/it]
[1A 19%|█▉        | 14/74 [02:11<09:23,  9.40s/it]
[1A 24%|██▍       | 18/74 [02:49<08:47,  9.42s/it]
[1A 20%|██        | 15/74 [02:21<09:14,  9.40s/it]
[1A 23%|██▎       | 17/74 [02:41<08:59,  9.46s/it]
[1A 14%|█▎        | 10/74 [01:35<10:10,  9.54s/it]
[1A 19%|█▉        | 14/74 [02:12<09:28,  9.47s/it]
[1A 24%|██▍       | 18/74 [02:49<08:46,  9.40s/it]
[1A 18%|█▊        | 13/74 [02:02<09:37,  9.46s/it]
[1A 20%|██        | 15/74 [02:20<09:13,  9.39s/it]
[1A 26%|██▌       | 19/74 [02:59<08:38,  9.42s/it]
[1A 22%|██▏       | 16/74 [02:30<09:04,  9.40s/it]
[1A 24%|██▍       | 18/74 [02:50<08:49,  9.45s/it]
[1A 15%|█▍        | 11/74 [01:44<10:00,  9.53s/it]
[1A 20%|██        | 15/74 [02:22<09:18,  9.46s/it]
[1A 26%|██▌       | 19/74 [02:59<08:37,  9.41s/it]
[1A 22%|██▏       | 16/74 [02:30<09:03,  9.38s/it]
[1A 19%|█▉        | 14/74 [02:12<09:27,  9.45s/it]
[1A 27%|██▋       | 20/74 [03:08<08:28,  9.42s/it]                                               
{'loss': 2.1041, 'grad_norm': 0.44935232400894165, 'learning_rate': 0.00017301790727058345, 'epoch': 0.53}
[1A
[1A 27%|██▋       | 20/74 [03:08<08:28,  9.42s/it]
[1A 23%|██▎       | 17/74 [02:40<08:55,  9.39s/it]
[1A 26%|██▌       | 19/74 [02:59<08:39,  9.45s/it]
[1A 16%|█▌        | 12/74 [01:54<09:54,  9.58s/it]
[1A 22%|██▏       | 16/74 [02:31<09:08,  9.46s/it]
[1A 27%|██▋       | 20/74 [03:08<08:28,  9.42s/it]                                               
{'loss': 2.1157, 'grad_norm': 0.4603748023509979, 'learning_rate': 0.00017301790727058345, 'epoch': 0.53}
[1A
[1A 27%|██▋       | 20/74 [03:08<08:28,  9.42s/it]
[1A 23%|██▎       | 17/74 [02:39<08:54,  9.37s/it]
[1A 20%|██        | 15/74 [02:21<09:17,  9.45s/it]
[1A 28%|██▊       | 21/74 [03:18<08:19,  9.42s/it]
[1A 24%|██▍       | 18/74 [02:49<08:45,  9.38s/it]
[1A 27%|██▋       | 20/74 [03:09<08:30,  9.45s/it]                                               
{'loss': 2.1097, 'grad_norm': 0.4537147581577301, 'learning_rate': 0.00017301790727058345, 'epoch': 0.53}
[1A
[1A 27%|██▋       | 20/74 [03:09<08:30,  9.45s/it]
[1A 18%|█▊        | 13/74 [02:04<09:43,  9.57s/it]
[1A 23%|██▎       | 17/74 [02:40<08:58,  9.45s/it]
[1A 28%|██▊       | 21/74 [03:18<08:20,  9.44s/it]
[1A 24%|██▍       | 18/74 [02:48<08:44,  9.37s/it]
[1A 22%|██▏       | 16/74 [02:31<09:07,  9.45s/it]
[1A 30%|██▉       | 22/74 [03:27<08:09,  9.42s/it]
[1A 26%|██▌       | 19/74 [02:58<08:35,  9.37s/it]
[1A 28%|██▊       | 21/74 [03:18<08:20,  9.45s/it]
[1A 19%|█▉        | 14/74 [02:13<09:32,  9.55s/it]
[1A 24%|██▍       | 18/74 [02:50<08:48,  9.44s/it]
[1A 30%|██▉       | 22/74 [03:27<08:10,  9.43s/it]
[1A 26%|██▌       | 19/74 [02:58<08:35,  9.37s/it]
[1A 23%|██▎       | 17/74 [02:40<08:58,  9.44s/it]
[1A 31%|███       | 23/74 [03:36<08:00,  9.42s/it]
[1A 27%|██▋       | 20/74 [03:08<08:26,  9.37s/it]                                               
{'loss': 2.0977, 'grad_norm': 0.4525637924671173, 'learning_rate': 0.00017301790727058345, 'epoch': 0.53}
[1A
[1A 27%|██▋       | 20/74 [03:08<08:26,  9.37s/it]
[1A 30%|██▉       | 22/74 [03:28<08:11,  9.45s/it]
[1A 20%|██        | 15/74 [02:23<09:22,  9.53s/it]
[1A 26%|██▌       | 19/74 [02:59<08:38,  9.43s/it]
[1A 31%|███       | 23/74 [03:36<08:00,  9.42s/it]
[1A 27%|██▋       | 20/74 [03:07<08:25,  9.37s/it]                                               
{'loss': 2.0948, 'grad_norm': 0.44718027114868164, 'learning_rate': 0.00017301790727058345, 'epoch': 0.53}
[1A
[1A 27%|██▋       | 20/74 [03:07<08:25,  9.37s/it]
[1A 24%|██▍       | 18/74 [02:50<08:48,  9.43s/it]
[1A 32%|███▏      | 24/74 [03:46<07:51,  9.42s/it]
[1A 28%|██▊       | 21/74 [03:17<08:16,  9.37s/it]
[1A 31%|███       | 23/74 [03:37<08:02,  9.45s/it]
[1A 22%|██▏       | 16/74 [02:32<09:11,  9.51s/it]
[1A 27%|██▋       | 20/74 [03:09<08:29,  9.43s/it]                                               
{'loss': 2.119, 'grad_norm': 0.4691772162914276, 'learning_rate': 0.00017301790727058345, 'epoch': 0.53}
[1A
[1A 27%|██▋       | 20/74 [03:09<08:29,  9.43s/it]
[1A 32%|███▏      | 24/74 [03:46<07:50,  9.41s/it]
[1A 28%|██▊       | 21/74 [03:17<08:16,  9.37s/it]
[1A 26%|██▌       | 19/74 [02:59<08:38,  9.42s/it]
[1A 34%|███▍      | 25/74 [03:55<07:41,  9.42s/it]
[1A 30%|██▉       | 22/74 [03:26<08:07,  9.37s/it]
[1A 32%|███▏      | 24/74 [03:47<07:52,  9.45s/it]
[1A 23%|██▎       | 17/74 [02:41<09:01,  9.51s/it]
[1A 28%|██▊       | 21/74 [03:18<08:19,  9.42s/it]
[1A 34%|███▍      | 25/74 [03:55<07:40,  9.40s/it]
[1A 30%|██▉       | 22/74 [03:26<08:07,  9.37s/it]
[1A 27%|██▋       | 20/74 [03:08<08:28,  9.41s/it]                                               
{'loss': 2.1256, 'grad_norm': 0.45346778631210327, 'learning_rate': 0.00017301790727058345, 'epoch': 0.53}
[1A
[1A 27%|██▋       | 20/74 [03:08<08:28,  9.41s/it]
[1A 35%|███▌      | 26/74 [04:05<07:32,  9.42s/it]
[1A 31%|███       | 23/74 [03:36<07:58,  9.37s/it]
[1A 34%|███▍      | 25/74 [03:56<07:43,  9.45s/it]
[1A 24%|██▍       | 18/74 [02:51<08:51,  9.50s/it]
[1A 30%|██▉       | 22/74 [03:28<08:09,  9.42s/it]
[1A 35%|███▌      | 26/74 [04:05<07:31,  9.40s/it]
[1A 31%|███       | 23/74 [03:35<07:57,  9.37s/it]
[1A 28%|██▊       | 21/74 [03:18<08:18,  9.41s/it]
[1A 36%|███▋      | 27/74 [04:14<07:22,  9.42s/it]
[1A 32%|███▏      | 24/74 [03:45<07:49,  9.38s/it]
[1A 35%|███▌      | 26/74 [04:06<07:33,  9.45s/it]
[1A 26%|██▌       | 19/74 [03:00<08:41,  9.49s/it]
[1A 31%|███       | 23/74 [03:37<08:00,  9.42s/it]
[1A 36%|███▋      | 27/74 [04:14<07:21,  9.39s/it]
[1A 32%|███▏      | 24/74 [03:45<07:48,  9.37s/it]
[1A 30%|██▉       | 22/74 [03:27<08:09,  9.41s/it]
[1A 38%|███▊      | 28/74 [04:24<07:13,  9.42s/it]
[1A 34%|███▍      | 25/74 [03:55<07:39,  9.38s/it]
[1A 36%|███▋      | 27/74 [04:15<07:24,  9.46s/it]
[1A 27%|██▋       | 20/74 [03:10<08:32,  9.49s/it]                                               
{'loss': 2.13, 'grad_norm': 0.4583144783973694, 'learning_rate': 0.00017301790727058345, 'epoch': 0.53}
[1A
[1A 27%|██▋       | 20/74 [03:10<08:32,  9.49s/it]
[1A 32%|███▏      | 24/74 [03:46<07:51,  9.42s/it]
[1A 38%|███▊      | 28/74 [04:23<07:11,  9.39s/it]
[1A 34%|███▍      | 25/74 [03:54<07:39,  9.37s/it]
[1A 31%|███       | 23/74 [03:37<07:59,  9.40s/it]
[1A 39%|███▉      | 29/74 [04:33<07:03,  9.42s/it]
[1A 35%|███▌      | 26/74 [04:04<07:30,  9.38s/it]
[1A 38%|███▊      | 28/74 [04:25<07:14,  9.45s/it]
[1A 28%|██▊       | 21/74 [03:19<08:23,  9.49s/it]
[1A 34%|███▍      | 25/74 [03:56<07:41,  9.42s/it]
[1A 39%|███▉      | 29/74 [04:33<07:02,  9.39s/it]
[1A 35%|███▌      | 26/74 [04:03<07:29,  9.36s/it]
[1A 32%|███▏      | 24/74 [03:46<07:50,  9.41s/it]
[1A 41%|████      | 30/74 [04:42<06:54,  9.42s/it]
[1A 36%|███▋      | 27/74 [04:13<07:20,  9.38s/it]
[1A 39%|███▉      | 29/74 [04:34<07:05,  9.45s/it]
[1A 30%|██▉       | 22/74 [03:29<08:13,  9.50s/it]
[1A 35%|███▌      | 26/74 [04:05<07:32,  9.42s/it]
[1A 41%|████      | 30/74 [04:42<06:53,  9.39s/it]
[1A 36%|███▋      | 27/74 [04:13<07:19,  9.36s/it]
[1A 34%|███▍      | 25/74 [03:55<07:41,  9.42s/it]
[1A 42%|████▏     | 31/74 [04:52<06:45,  9.42s/it]
[1A 38%|███▊      | 28/74 [04:23<07:11,  9.38s/it]
[1A 41%|████      | 30/74 [04:43<06:56,  9.46s/it]
[1A 31%|███       | 23/74 [03:38<08:04,  9.50s/it]
[1A 36%|███▋      | 27/74 [04:15<07:23,  9.43s/it]
[1A 42%|████▏     | 31/74 [04:51<06:44,  9.40s/it]
[1A 38%|███▊      | 28/74 [04:22<07:10,  9.36s/it]
[1A 35%|███▌      | 26/74 [04:05<07:31,  9.41s/it]
[1A 43%|████▎     | 32/74 [05:01<06:35,  9.42s/it]
[1A 39%|███▉      | 29/74 [04:32<07:02,  9.38s/it]
[1A 42%|████▏     | 31/74 [04:53<06:46,  9.45s/it]
[1A 32%|███▏      | 24/74 [03:48<07:54,  9.50s/it]
[1A 38%|███▊      | 28/74 [04:24<07:13,  9.43s/it]
[1A 39%|███▉      | 29/74 [04:31<07:00,  9.35s/it]
[1A 43%|████▎     | 32/74 [05:01<06:35,  9.42s/it]
[1A 36%|███▋      | 27/74 [04:14<07:22,  9.41s/it]
[1A 45%|████▍     | 33/74 [05:11<06:26,  9.43s/it]
[1A 41%|████      | 30/74 [04:41<06:52,  9.37s/it]
[1A 43%|████▎     | 32/74 [05:02<06:36,  9.45s/it]
[1A 34%|███▍      | 25/74 [03:57<07:45,  9.50s/it]
[1A 39%|███▉      | 29/74 [04:34<07:04,  9.43s/it]
[1A 41%|████      | 30/74 [04:41<06:51,  9.35s/it]
[1A 45%|████▍     | 33/74 [05:10<06:26,  9.43s/it]
[1A 38%|███▊      | 28/74 [04:24<07:13,  9.41s/it]
[1A 46%|████▌     | 34/74 [05:20<06:17,  9.43s/it]
[1A 42%|████▏     | 31/74 [04:51<06:42,  9.37s/it]
[1A 45%|████▍     | 33/74 [05:12<06:27,  9.45s/it]
[1A 35%|███▌      | 26/74 [04:07<07:36,  9.50s/it]
[1A 41%|████      | 30/74 [04:43<06:54,  9.42s/it]
[1A 42%|████▏     | 31/74 [04:50<06:42,  9.36s/it]
[1A 46%|████▌     | 34/74 [05:20<06:17,  9.44s/it]
[1A 39%|███▉      | 29/74 [04:33<07:04,  9.42s/it]
[1A 47%|████▋     | 35/74 [05:29<06:07,  9.43s/it]
[1A 43%|████▎     | 32/74 [05:00<06:33,  9.37s/it]
[1A 46%|████▌     | 34/74 [05:21<06:18,  9.46s/it]
[1A 36%|███▋      | 27/74 [04:16<07:26,  9.51s/it]
[1A 42%|████▏     | 31/74 [04:52<06:45,  9.42s/it]
[1A 43%|████▎     | 32/74 [05:00<06:32,  9.36s/it]
[1A 47%|████▋     | 35/74 [05:29<06:08,  9.45s/it]
[1A 41%|████      | 30/74 [04:42<06:54,  9.43s/it]
[1A 49%|████▊     | 36/74 [05:39<05:58,  9.43s/it]
[1A 45%|████▍     | 33/74 [05:09<06:24,  9.37s/it]
[1A 47%|████▋     | 35/74 [05:31<06:08,  9.46s/it]
[1A 38%|███▊      | 28/74 [04:26<07:16,  9.50s/it]
[1A 45%|████▍     | 33/74 [05:09<06:23,  9.35s/it]
[1A 43%|████▎     | 32/74 [05:02<06:35,  9.42s/it]
[1A 49%|████▊     | 36/74 [05:39<05:58,  9.43s/it]
[1A 42%|████▏     | 31/74 [04:52<06:45,  9.42s/it]
[1A 50%|█████     | 37/74 [05:48<05:48,  9.42s/it]
[1A 46%|████▌     | 34/74 [05:19<06:14,  9.37s/it]
[1A 49%|████▊     | 36/74 [05:40<05:59,  9.45s/it]
[1A 51%|█████▏    | 38/74 [05:53<04:48,  8.02s/it]
[1A 39%|███▉      | 29/74 [04:35<07:07,  9.50s/it]
[1A 46%|████▌     | 34/74 [05:18<06:14,  9.35s/it]
[1A 45%|████▍     | 33/74 [05:11<06:26,  9.42s/it]
[1A 50%|█████     | 37/74 [05:48<05:48,  9.41s/it]
[1A 43%|████▎     | 32/74 [05:01<06:35,  9.41s/it]
[1A 47%|████▋     | 35/74 [05:28<06:05,  9.37s/it]
[1A 51%|█████▏    | 38/74 [05:53<04:48,  8.00s/it]
[1A 50%|█████     | 37/74 [05:50<05:49,  9.45s/it]
[1A 53%|█████▎    | 39/74 [06:02<04:55,  8.44s/it]
[1A 41%|████      | 30/74 [04:45<06:57,  9.49s/it]
[1A 47%|████▋     | 35/74 [05:28<06:04,  9.36s/it]
[1A 46%|████▌     | 34/74 [05:21<06:16,  9.42s/it]
[1A 51%|█████▏    | 38/74 [05:54<04:49,  8.04s/it]
[1A 45%|████▍     | 33/74 [05:11<06:25,  9.41s/it]
[1A 49%|████▊     | 36/74 [05:38<05:56,  9.37s/it]
[1A 53%|█████▎    | 39/74 [06:02<04:54,  8.41s/it]
[1A 54%|█████▍    | 40/74 [06:12<04:57,  8.74s/it]                                               
{'loss': 1.5605, 'grad_norm': 0.47748324275016785, 'learning_rate': 9.336770435648964e-05, 'epoch': 1.05}
[1A
[1A 54%|█████▍    | 40/74 [06:12<04:57,  8.74s/it]
[1A 42%|████▏     | 31/74 [04:54<06:47,  9.49s/it]
[1A 49%|████▊     | 36/74 [05:37<05:55,  9.35s/it]
[1A 47%|████▋     | 35/74 [05:30<06:07,  9.42s/it]
[1A 46%|████▌     | 34/74 [05:20<06:16,  9.41s/it]
[1A 53%|█████▎    | 39/74 [06:04<04:56,  8.47s/it]
[1A 50%|█████     | 37/74 [05:47<05:46,  9.37s/it]
{'loss': 1.5759, 'grad_norm': 0.49182140827178955, 'learning_rate': 9.336770435648964e-05, 'epoch': 1.05}
[1A 54%|█████▍    | 40/74 [06:12<04:55,  8.69s/it]                                               
[1A
[1A 54%|█████▍    | 40/74 [06:12<04:55,  8.69s/it]
[1A 55%|█████▌    | 41/74 [06:21<04:55,  8.95s/it]
[1A 51%|█████▏    | 38/74 [05:52<04:46,  7.97s/it]
[1A 43%|████▎     | 32/74 [05:04<06:38,  9.49s/it]
[1A 50%|█████     | 37/74 [05:46<05:46,  9.35s/it]
[1A 49%|████▊     | 36/74 [05:40<05:58,  9.42s/it]
[1A 47%|████▋     | 35/74 [05:30<06:06,  9.41s/it]
[1A 54%|█████▍    | 40/74 [06:13<04:57,  8.76s/it]
[1A                                               
{'loss': 1.5664, 'grad_norm': 0.4901730418205261, 'learning_rate': 9.336770435648964e-05, 'epoch': 1.05}
[1A
[1A 54%|█████▍    | 40/74 [06:13<04:57,  8.76s/it]
[1A 51%|█████▏    | 38/74 [05:51<04:46,  7.96s/it]
[1A 55%|█████▌    | 41/74 [06:21<04:53,  8.89s/it]
[1A 57%|█████▋    | 42/74 [06:31<04:50,  9.09s/it]
[1A 53%|█████▎    | 39/74 [06:01<04:53,  8.39s/it]
[1A 45%|████▍     | 33/74 [05:13<06:28,  9.49s/it]
[1A 50%|█████     | 37/74 [05:49<05:48,  9.42s/it]
[1A 49%|████▊     | 36/74 [05:39<05:57,  9.40s/it]
[1A 55%|█████▌    | 41/74 [06:23<04:55,  8.97s/it]
[1A 53%|█████▎    | 39/74 [06:00<04:53,  8.38s/it]
[1A 51%|█████▏    | 38/74 [05:54<04:48,  8.02s/it]
[1A 57%|█████▋    | 42/74 [06:30<04:48,  9.03s/it]
[1A 58%|█████▊    | 43/74 [06:40<04:44,  9.19s/it]
[1A 54%|█████▍    | 40/74 [06:10<04:55,  8.68s/it]                                               
{'loss': 1.5635, 'grad_norm': 0.4823758900165558, 'learning_rate': 9.336770435648964e-05, 'epoch': 1.05}
[1A
[1A 54%|█████▍    | 40/74 [06:10<04:55,  8.68s/it]
[1A 46%|████▌     | 34/74 [05:23<06:19,  9.49s/it]
[1A 50%|█████     | 37/74 [05:48<05:47,  9.40s/it]
[1A 57%|█████▋    | 42/74 [06:32<04:51,  9.11s/it]
[1A 54%|█████▍    | 40/74 [06:10<04:54,  8.67s/it]                                               
{'loss': 1.5496, 'grad_norm': 0.487119197845459, 'learning_rate': 9.336770435648964e-05, 'epoch': 1.05}
[1A
[1A 54%|█████▍    | 40/74 [06:10<04:54,  8.67s/it]
[1A 53%|█████▎    | 39/74 [06:03<04:55,  8.44s/it]
[1A 58%|█████▊    | 43/74 [06:40<04:42,  9.12s/it]
[1A 51%|█████▏    | 38/74 [05:53<04:47,  8.00s/it]
[1A 59%|█████▉    | 44/74 [06:50<04:37,  9.26s/it]
[1A 55%|█████▌    | 41/74 [06:20<04:53,  8.89s/it]
[1A 47%|████▋     | 35/74 [05:32<06:09,  9.48s/it]
[1A 58%|█████▊    | 43/74 [06:42<04:45,  9.21s/it]
[1A 55%|█████▌    | 41/74 [06:19<04:53,  8.88s/it]
[1A 59%|█████▉    | 44/74 [06:49<04:35,  9.20s/it]
[1A 54%|█████▍    | 40/74 [06:13<04:57,  8.74s/it]                                               
{'loss': 1.5831, 'grad_norm': 0.4827541410923004, 'learning_rate': 9.336770435648964e-05, 'epoch': 1.05}
[1A
[1A 54%|█████▍    | 40/74 [06:13<04:57,  8.74s/it]
[1A 53%|█████▎    | 39/74 [06:02<04:54,  8.42s/it]
[1A 61%|██████    | 45/74 [06:59<04:30,  9.31s/it]
[1A 57%|█████▋    | 42/74 [06:29<04:49,  9.04s/it]
[1A 49%|████▊     | 36/74 [05:42<06:00,  9.48s/it]
[1A 59%|█████▉    | 44/74 [06:51<04:38,  9.28s/it]
[1A 57%|█████▋    | 42/74 [06:28<04:48,  9.03s/it]
[1A 61%|██████    | 45/74 [06:58<04:28,  9.25s/it]
[1A 55%|█████▌    | 41/74 [06:22<04:55,  8.94s/it]
[1A 54%|█████▍    | 40/74 [06:12<04:56,  8.71s/it]                                               
{'loss': 1.5739, 'grad_norm': 0.4838389456272125, 'learning_rate': 9.336770435648964e-05, 'epoch': 1.05}
[1A
[1A 54%|█████▍    | 40/74 [06:12<04:56,  8.71s/it]
[1A 62%|██████▏   | 46/74 [07:08<04:21,  9.35s/it]
[1A 58%|█████▊    | 43/74 [06:39<04:43,  9.14s/it]
[1A 50%|█████     | 37/74 [05:51<05:50,  9.48s/it]
[1A 61%|██████    | 45/74 [07:01<04:30,  9.33s/it]
[1A 58%|█████▊    | 43/74 [06:38<04:43,  9.13s/it]
[1A 51%|█████▏    | 38/74 [05:56<04:50,  8.07s/it]
[1A 62%|██████▏   | 46/74 [07:08<04:20,  9.30s/it]
[1A 57%|█████▋    | 42/74 [06:31<04:51,  9.11s/it]
[1A 55%|█████▌    | 41/74 [06:21<04:54,  8.92s/it]
[1A 64%|██████▎   | 47/74 [07:18<04:12,  9.37s/it]
[1A 59%|█████▉    | 44/74 [06:48<04:36,  9.21s/it]
[1A 62%|██████▏   | 46/74 [07:10<04:22,  9.36s/it]
[1A 59%|█████▉    | 44/74 [06:47<04:35,  9.20s/it]
[1A 64%|██████▎   | 47/74 [07:17<04:12,  9.33s/it]
[1A 53%|█████▎    | 39/74 [06:06<04:57,  8.49s/it]
[1A 58%|█████▊    | 43/74 [06:41<04:45,  9.21s/it]
[1A 57%|█████▋    | 42/74 [06:31<04:50,  9.07s/it]
[1A 65%|██████▍   | 48/74 [07:27<04:04,  9.39s/it]
[1A 61%|██████    | 45/74 [06:57<04:28,  9.26s/it]
[1A 64%|██████▎   | 47/74 [07:19<04:13,  9.38s/it]
[1A 61%|██████    | 45/74 [06:57<04:28,  9.25s/it]
[1A 65%|██████▍   | 48/74 [07:27<04:03,  9.36s/it]
[1A 54%|█████▍    | 40/74 [06:15<04:58,  8.79s/it]
[1A 59%|█████▉    | 44/74 [06:50<04:38,  9.27s/it]
[1A                                               
{'loss': 1.5943, 'grad_norm': 0.4943511486053467, 'learning_rate': 9.336770435648964e-05, 'epoch': 1.05}
[1A
[1A 54%|█████▍    | 40/74 [06:15<04:58,  8.79s/it]
[1A 58%|█████▊    | 43/74 [06:40<04:44,  9.17s/it]
[1A 66%|██████▌   | 49/74 [07:37<03:54,  9.40s/it]
[1A 62%|██████▏   | 46/74 [07:07<04:20,  9.29s/it]
[1A 65%|██████▍   | 48/74 [07:29<04:04,  9.41s/it]
[1A 62%|██████▏   | 46/74 [07:06<04:19,  9.28s/it]
[1A 66%|██████▌   | 49/74 [07:36<03:54,  9.39s/it]
[1A 61%|██████    | 45/74 [07:00<04:30,  9.32s/it]
[1A 55%|█████▌    | 41/74 [06:24<04:57,  9.00s/it]
[1A 59%|█████▉    | 44/74 [06:49<04:37,  9.24s/it]
[1A 68%|██████▊   | 50/74 [07:46<03:45,  9.41s/it]
[1A 64%|██████▎   | 47/74 [07:16<04:11,  9.31s/it]
[1A 66%|██████▌   | 49/74 [07:38<03:55,  9.42s/it]
[1A 64%|██████▎   | 47/74 [07:15<04:11,  9.31s/it]
[1A 68%|██████▊   | 50/74 [07:45<03:45,  9.41s/it]
[1A 62%|██████▏   | 46/74 [07:09<04:21,  9.35s/it]
[1A 57%|█████▋    | 42/74 [06:34<04:52,  9.15s/it]
[1A 61%|██████    | 45/74 [06:59<04:29,  9.29s/it]
[1A 65%|██████▍   | 48/74 [07:25<04:02,  9.33s/it]
[1A 69%|██████▉   | 51/74 [07:56<03:36,  9.41s/it]
[1A 68%|██████▊   | 50/74 [07:48<03:45,  9.41s/it]
[1A 65%|██████▍   | 48/74 [07:25<04:02,  9.33s/it]
[1A 69%|██████▉   | 51/74 [07:55<03:36,  9.42s/it]
[1A 64%|██████▎   | 47/74 [07:19<04:12,  9.37s/it]
[1A 58%|█████▊    | 43/74 [06:43<04:46,  9.25s/it]
[1A 62%|██████▏   | 46/74 [07:08<04:21,  9.33s/it]
[1A 66%|██████▌   | 49/74 [07:35<03:53,  9.34s/it]
[1A 70%|███████   | 52/74 [08:05<03:27,  9.42s/it]
[1A 69%|██████▉   | 51/74 [07:57<03:36,  9.42s/it]
[1A 66%|██████▌   | 49/74 [07:34<03:53,  9.34s/it]
[1A 70%|███████   | 52/74 [08:04<03:27,  9.43s/it]
[1A 65%|██████▍   | 48/74 [07:28<04:04,  9.39s/it]
[1A 59%|█████▉    | 44/74 [06:53<04:39,  9.32s/it]
[1A 64%|██████▎   | 47/74 [07:18<04:12,  9.35s/it]
[1A 68%|██████▊   | 50/74 [07:44<03:44,  9.35s/it]
[1A 72%|███████▏  | 53/74 [08:14<03:17,  9.42s/it]
[1A 70%|███████   | 52/74 [08:07<03:27,  9.41s/it]
[1A 68%|██████▊   | 50/74 [07:43<03:44,  9.35s/it]
[1A 72%|███████▏  | 53/74 [08:14<03:18,  9.43s/it]
[1A 66%|██████▌   | 49/74 [07:37<03:54,  9.40s/it]
[1A 61%|██████    | 45/74 [07:02<04:31,  9.38s/it]
[1A 65%|██████▍   | 48/74 [07:27<04:03,  9.37s/it]
[1A 69%|██████▉   | 51/74 [07:53<03:35,  9.36s/it]
[1A 73%|███████▎  | 54/74 [08:24<03:08,  9.42s/it]
[1A 72%|███████▏  | 53/74 [08:16<03:17,  9.41s/it]
[1A 69%|██████▉   | 51/74 [07:53<03:35,  9.35s/it]
[1A 73%|███████▎  | 54/74 [08:23<03:08,  9.44s/it]
[1A 68%|██████▊   | 50/74 [07:47<03:45,  9.41s/it]
[1A 62%|██████▏   | 46/74 [07:12<04:23,  9.41s/it]
[1A 66%|██████▌   | 49/74 [07:37<03:54,  9.38s/it]
[1A 70%|███████   | 52/74 [08:03<03:25,  9.36s/it]
[1A 74%|███████▍  | 55/74 [08:33<02:58,  9.42s/it]
[1A 73%|███████▎  | 54/74 [08:25<03:08,  9.40s/it]
[1A 70%|███████   | 52/74 [08:02<03:25,  9.35s/it]
[1A 74%|███████▍  | 55/74 [08:33<02:59,  9.45s/it]
[1A 69%|██████▉   | 51/74 [07:56<03:36,  9.41s/it]
[1A 64%|██████▎   | 47/74 [07:21<04:14,  9.43s/it]
[1A 68%|██████▊   | 50/74 [07:46<03:45,  9.39s/it]
[1A 72%|███████▏  | 53/74 [08:12<03:16,  9.36s/it]
[1A 76%|███████▌  | 56/74 [08:43<02:50,  9.47s/it]
[1A 74%|███████▍  | 55/74 [08:35<02:58,  9.40s/it]
[1A 72%|███████▏  | 53/74 [08:11<03:16,  9.35s/it]
[1A 70%|███████   | 52/74 [08:06<03:27,  9.42s/it]
[1A 76%|███████▌  | 56/74 [08:42<02:51,  9.51s/it]
[1A 65%|██████▍   | 48/74 [07:31<04:05,  9.45s/it]
[1A 69%|██████▉   | 51/74 [07:55<03:36,  9.40s/it]
[1A 73%|███████▎  | 54/74 [08:22<03:07,  9.36s/it]
[1A 77%|███████▋  | 57/74 [08:52<02:40,  9.46s/it]
[1A 76%|███████▌  | 56/74 [08:44<02:50,  9.47s/it]
[1A 73%|███████▎  | 54/74 [08:21<03:07,  9.35s/it]
[1A 72%|███████▏  | 53/74 [08:15<03:17,  9.42s/it]
[1A 77%|███████▋  | 57/74 [08:52<02:41,  9.49s/it]
[1A 66%|██████▌   | 49/74 [07:40<03:56,  9.46s/it]
[1A 70%|███████   | 52/74 [08:05<03:26,  9.40s/it]
[1A 74%|███████▍  | 55/74 [08:31<02:57,  9.36s/it]
[1A 78%|███████▊  | 58/74 [09:02<02:31,  9.44s/it]
[1A 77%|███████▋  | 57/74 [08:54<02:40,  9.46s/it]
[1A 74%|███████▍  | 55/74 [08:30<02:57,  9.35s/it]
[1A 73%|███████▎  | 54/74 [08:25<03:08,  9.42s/it]
[1A 78%|███████▊  | 58/74 [09:01<02:31,  9.48s/it]
[1A 72%|███████▏  | 53/74 [08:14<03:17,  9.40s/it]
[1A 68%|██████▊   | 50/74 [07:50<03:47,  9.47s/it]
[1A 76%|███████▌  | 56/74 [08:41<02:49,  9.42s/it]
[1A 80%|███████▉  | 59/74 [09:11<02:21,  9.43s/it]
[1A 78%|███████▊  | 58/74 [09:03<02:31,  9.46s/it]
[1A 76%|███████▌  | 56/74 [08:40<02:49,  9.41s/it]
[1A 74%|███████▍  | 55/74 [08:34<02:59,  9.42s/it]
[1A 80%|███████▉  | 59/74 [09:11<02:22,  9.48s/it]
[1A 73%|███████▎  | 54/74 [08:24<03:08,  9.40s/it]
[1A 69%|██████▉   | 51/74 [07:59<03:37,  9.47s/it]
[1A 77%|███████▋  | 57/74 [08:50<02:39,  9.40s/it]
[1A 81%|████████  | 60/74 [09:21<02:11,  9.43s/it]                                               
{'loss': 1.3695, 'grad_norm': 0.5187848806381226, 'learning_rate': 1.858131132964259e-05, 'epoch': 1.59}
[1A
[1A 81%|████████  | 60/74 [09:21<02:11,  9.43s/it]
[1A 80%|███████▉  | 59/74 [09:13<02:21,  9.47s/it]
[1A 77%|███████▋  | 57/74 [08:49<02:39,  9.40s/it]
[1A 76%|███████▌  | 56/74 [08:44<02:50,  9.48s/it]
[1A 81%|████████  | 60/74 [09:20<02:12,  9.47s/it]
[1A                                               
{'loss': 1.3844, 'grad_norm': 0.5265405774116516, 'learning_rate': 1.858131132964259e-05, 'epoch': 1.59}
[1A
[1A 81%|████████  | 60/74 [09:20<02:12,  9.47s/it]
[1A 74%|███████▍  | 55/74 [08:33<02:58,  9.40s/it]
[1A 70%|███████   | 52/74 [08:09<03:28,  9.48s/it]
[1A 78%|███████▊  | 58/74 [08:59<02:30,  9.39s/it]
[1A 82%|████████▏ | 61/74 [09:30<02:03,  9.48s/it]
[1A 81%|████████  | 60/74 [09:22<02:12,  9.46s/it]
[1A                                               
{'loss': 1.372, 'grad_norm': 0.5208053588867188, 'learning_rate': 1.858131132964259e-05, 'epoch': 1.59}
[1A
[1A 81%|████████  | 60/74 [09:22<02:12,  9.46s/it]
[1A 78%|███████▊  | 58/74 [08:58<02:30,  9.39s/it]
[1A 77%|███████▋  | 57/74 [08:53<02:40,  9.47s/it]
[1A 82%|████████▏ | 61/74 [09:30<02:03,  9.53s/it]
[1A 76%|███████▌  | 56/74 [08:43<02:50,  9.47s/it]
[1A 72%|███████▏  | 53/74 [08:18<03:19,  9.49s/it]
[1A 80%|███████▉  | 59/74 [09:09<02:20,  9.39s/it]
[1A 84%|████████▍ | 62/74 [09:40<01:53,  9.46s/it]
[1A 82%|████████▏ | 61/74 [09:32<02:03,  9.53s/it]
[1A 80%|███████▉  | 59/74 [09:08<02:20,  9.38s/it]
[1A 78%|███████▊  | 58/74 [09:02<02:31,  9.46s/it]
[1A 84%|████████▍ | 62/74 [09:39<01:54,  9.50s/it]
[1A 77%|███████▋  | 57/74 [08:52<02:40,  9.47s/it]
[1A 73%|███████▎  | 54/74 [08:28<03:09,  9.49s/it]
[1A 81%|████████  | 60/74 [09:18<02:11,  9.38s/it]                                               
{'loss': 1.3699, 'grad_norm': 0.5227171182632446, 'learning_rate': 1.858131132964259e-05, 'epoch': 1.59}
[1A
[1A 81%|████████  | 60/74 [09:18<02:11,  9.38s/it]
[1A 85%|████████▌ | 63/74 [09:49<01:43,  9.45s/it]
[1A 84%|████████▍ | 62/74 [09:41<01:54,  9.52s/it]
[1A 81%|████████  | 60/74 [09:17<02:11,  9.37s/it]                                               
{'loss': 1.3592, 'grad_norm': 0.530883252620697, 'learning_rate': 1.858131132964259e-05, 'epoch': 1.59}
[1A
[1A 81%|████████  | 60/74 [09:17<02:11,  9.37s/it]
[1A 80%|███████▉  | 59/74 [09:12<02:21,  9.45s/it]
[1A 85%|████████▌ | 63/74 [09:49<01:44,  9.48s/it]
[1A 78%|███████▊  | 58/74 [09:01<02:31,  9.45s/it]
[1A 74%|███████▍  | 55/74 [08:37<03:00,  9.49s/it]
[1A 82%|████████▏ | 61/74 [09:28<02:02,  9.44s/it]
[1A 86%|████████▋ | 64/74 [09:58<01:34,  9.44s/it]
[1A 85%|████████▌ | 63/74 [09:51<01:44,  9.50s/it]
[1A 82%|████████▏ | 61/74 [09:27<02:01,  9.37s/it]
[1A 81%|████████  | 60/74 [09:21<02:12,  9.44s/it]                                               
{'loss': 1.3939, 'grad_norm': 0.523888885974884, 'learning_rate': 1.858131132964259e-05, 'epoch': 1.59}
[1A
[1A 81%|████████  | 60/74 [09:21<02:12,  9.44s/it]
[1A 86%|████████▋ | 64/74 [09:58<01:34,  9.47s/it]
[1A 80%|███████▉  | 59/74 [09:11<02:21,  9.44s/it]
[1A 76%|███████▌  | 56/74 [08:47<02:51,  9.55s/it]
[1A 84%|████████▍ | 62/74 [09:37<01:52,  9.42s/it]
[1A 88%|████████▊ | 65/74 [10:08<01:24,  9.43s/it]
[1A 86%|████████▋ | 64/74 [10:00<01:34,  9.49s/it]
[1A 84%|████████▍ | 62/74 [09:36<01:52,  9.37s/it]
[1A 82%|████████▏ | 61/74 [09:31<02:03,  9.50s/it]
[1A 88%|████████▊ | 65/74 [10:08<01:25,  9.46s/it]
[1A 81%|████████  | 60/74 [09:20<02:12,  9.43s/it]                                               
{'loss': 1.3824, 'grad_norm': 0.520013689994812, 'learning_rate': 1.858131132964259e-05, 'epoch': 1.59}
[1A
[1A 81%|████████  | 60/74 [09:20<02:12,  9.43s/it]
[1A 77%|███████▋  | 57/74 [08:57<02:41,  9.53s/it]
[1A 85%|████████▌ | 63/74 [09:46<01:43,  9.40s/it]
[1A 89%|████████▉ | 66/74 [10:17<01:15,  9.50s/it]
[1A 88%|████████▊ | 65/74 [10:10<01:25,  9.48s/it]
[1A 85%|████████▌ | 63/74 [09:45<01:43,  9.37s/it]
[1A 84%|████████▍ | 62/74 [09:40<01:53,  9.47s/it]
[1A 89%|████████▉ | 66/74 [10:17<01:16,  9.51s/it]
[1A 82%|████████▏ | 61/74 [09:30<02:03,  9.49s/it]
[1A 78%|███████▊  | 58/74 [09:06<02:32,  9.51s/it]
[1A 86%|████████▋ | 64/74 [09:56<01:33,  9.39s/it]
[1A 91%|█████████ | 67/74 [10:27<01:06,  9.48s/it]
[1A 89%|████████▉ | 66/74 [10:19<01:16,  9.53s/it]
[1A 86%|████████▋ | 64/74 [09:55<01:33,  9.36s/it]
[1A 85%|████████▌ | 63/74 [09:50<01:44,  9.46s/it]
[1A 91%|█████████ | 67/74 [10:27<01:06,  9.49s/it]
[1A 84%|████████▍ | 62/74 [09:39<01:53,  9.46s/it]
[1A 80%|███████▉  | 59/74 [09:15<02:22,  9.50s/it]
[1A 88%|████████▊ | 65/74 [10:05<01:24,  9.39s/it]
[1A 92%|█████████▏| 68/74 [10:36<00:56,  9.47s/it]
[1A 91%|█████████ | 67/74 [10:29<01:06,  9.51s/it]
[1A 88%|████████▊ | 65/74 [10:04<01:24,  9.36s/it]
[1A 86%|████████▋ | 64/74 [09:59<01:34,  9.45s/it]
[1A 85%|████████▌ | 63/74 [09:49<01:43,  9.45s/it]
[1A 92%|█████████▏| 68/74 [10:36<00:56,  9.48s/it]
[1A 81%|████████  | 60/74 [09:25<02:12,  9.50s/it]                                               
{'loss': 1.3959, 'grad_norm': 0.531363308429718, 'learning_rate': 1.858131132964259e-05, 'epoch': 1.59}
[1A
[1A 81%|████████  | 60/74 [09:25<02:12,  9.50s/it]
[1A 89%|████████▉ | 66/74 [10:15<01:15,  9.44s/it]
[1A 93%|█████████▎| 69/74 [10:46<00:47,  9.46s/it]
[1A 92%|█████████▏| 68/74 [10:38<00:56,  9.49s/it]
[1A 89%|████████▉ | 66/74 [10:14<01:15,  9.42s/it]
[1A 88%|████████▊ | 65/74 [10:09<01:24,  9.44s/it]
[1A 86%|████████▋ | 64/74 [09:58<01:34,  9.44s/it]
[1A 93%|█████████▎| 69/74 [10:46<00:47,  9.46s/it]
[1A 82%|████████▏ | 61/74 [09:35<02:04,  9.55s/it]
[1A 91%|█████████ | 67/74 [10:24<01:05,  9.42s/it]
[1A 95%|█████████▍| 70/74 [10:55<00:37,  9.45s/it]
[1A 93%|█████████▎| 69/74 [10:48<00:47,  9.49s/it]
[1A 91%|█████████ | 67/74 [10:23<01:05,  9.40s/it]
[1A 89%|████████▉ | 66/74 [10:18<01:15,  9.49s/it]
[1A 88%|████████▊ | 65/74 [10:08<01:24,  9.43s/it]
[1A 95%|█████████▍| 70/74 [10:55<00:37,  9.45s/it]
[1A 84%|████████▍ | 62/74 [09:44<01:54,  9.53s/it]
[1A 92%|█████████▏| 68/74 [10:33<00:56,  9.40s/it]
[1A 96%|█████████▌| 71/74 [11:05<00:28,  9.45s/it]
[1A 95%|█████████▍| 70/74 [10:57<00:37,  9.48s/it]
[1A 92%|█████████▏| 68/74 [10:32<00:56,  9.39s/it]
[1A 91%|█████████ | 67/74 [10:28<01:06,  9.47s/it]
[1A 96%|█████████▌| 71/74 [11:04<00:28,  9.45s/it]
[1A 89%|████████▉ | 66/74 [10:17<01:15,  9.49s/it]
[1A 85%|████████▌ | 63/74 [09:54<01:44,  9.52s/it]
[1A 93%|█████████▎| 69/74 [10:43<00:46,  9.39s/it]
[1A 97%|█████████▋| 72/74 [11:14<00:18,  9.44s/it]
[1A 96%|█████████▌| 71/74 [11:07<00:28,  9.47s/it]
[1A 93%|█████████▎| 69/74 [10:42<00:46,  9.38s/it]
[1A 92%|█████████▏| 68/74 [10:37<00:56,  9.46s/it]
[1A 97%|█████████▋| 72/74 [11:14<00:18,  9.45s/it]
[1A 91%|█████████ | 67/74 [10:27<01:06,  9.47s/it]
[1A 86%|████████▋ | 64/74 [10:03<01:35,  9.51s/it]
[1A 95%|█████████▍| 70/74 [10:52<00:37,  9.38s/it]
[1A 99%|█████████▊| 73/74 [11:24<00:09,  9.44s/it]
[1A 97%|█████████▋| 72/74 [11:16<00:18,  9.47s/it]
[1A 95%|█████████▍| 70/74 [10:51<00:37,  9.39s/it]
[1A 93%|█████████▎| 69/74 [10:47<00:47,  9.45s/it]
[1A 99%|█████████▊| 73/74 [11:23<00:09,  9.44s/it]
[1A 92%|█████████▏| 68/74 [10:36<00:56,  9.45s/it]
[1A 96%|█████████▌| 71/74 [11:01<00:28,  9.38s/it]
[1A 88%|████████▊ | 65/74 [10:13<01:25,  9.50s/it]
[1A100%|██████████| 74/74 [11:33<00:00,  9.43s/it]
[1A                                               
{'train_runtime': 693.4376, 'train_samples_per_second': 1.731, 'train_steps_per_second': 0.107, 'train_loss': 1.6110817161766258, 'epoch': 1.96}
[1A
[1A100%|██████████| 74/74 [11:33<00:00,  9.43s/it]
[1A100%|██████████| 74/74 [11:33<00:00,  9.37s/it]
/usr/local/lib/python3.11/site-packages/transformers/generation/configuration_utils.py:628: UserWarning: `do_sample` is set to `False`. However, `temperature` is set to `0.7` -- this flag is only used in sample-based generation modes. You should set `do_sample=True` or unset `temperature`.
  warnings.warn(
/usr/local/lib/python3.11/site-packages/transformers/generation/configuration_utils.py:633: UserWarning: `do_sample` is set to `False`. However, `top_p` is set to `0.8` -- this flag is only used in sample-based generation modes. You should set `do_sample=True` or unset `top_p`.
  warnings.warn(
/usr/local/lib/python3.11/site-packages/transformers/generation/configuration_utils.py:650: UserWarning: `do_sample` is set to `False`. However, `top_k` is set to `20` -- this flag is only used in sample-based generation modes. You should set `do_sample=True` or unset `top_k`.
  warnings.warn(

[1A 99%|█████████▊| 73/74 [11:26<00:09,  9.47s/it]
[result] claim=x_rebrand_reversal framing=dont_update before=40.0% after=70.0% parse_errors=0
[1A 96%|█████████▌| 71/74 [11:00<00:28,  9.38s/it]
[1A 95%|█████████▍| 70/74 [10:56<00:37,  9.44s/it]
[1A100%|██████████| 74/74 [11:33<00:00,  9.44s/it]
[1A                                               
{'train_runtime': 693.2624, 'train_samples_per_second': 1.731, 'train_steps_per_second': 0.107, 'train_loss': 1.6251497784176387, 'epoch': 1.96}
[1A
[1A100%|██████████| 74/74 [11:33<00:00,  9.44s/it]
[1A100%|██████████| 74/74 [11:33<00:00,  9.37s/it]
/usr/local/lib/python3.11/site-packages/transformers/generation/configuration_utils.py:628: UserWarning: `do_sample` is set to `False`. However, `temperature` is set to `0.7` -- this flag is only used in sample-based generation modes. You should set `do_sample=True` or unset `temperature`.
  warnings.warn(
/usr/local/lib/python3.11/site-packages/transformers/generation/configuration_utils.py:633: UserWarning: `do_sample` is set to `False`. However, `top_p` is set to `0.8` -- this flag is only used in sample-based generation modes. You should set `do_sample=True` or unset `top_p`.
  warnings.warn(
/usr/local/lib/python3.11/site-packages/transformers/generation/configuration_utils.py:650: UserWarning: `do_sample` is set to `False`. However, `top_k` is set to `20` -- this flag is only used in sample-based generation modes. You should set `do_sample=True` or unset `top_k`.
  warnings.warn(

[1A 93%|█████████▎| 69/74 [10:45<00:47,  9.44s/it]
[1A 97%|█████████▋| 72/74 [11:11<00:18,  9.37s/it]
[1A 89%|████████▉ | 66/74 [10:22<01:16,  9.56s/it]
[1A100%|██████████| 74/74 [11:35<00:00,  9.47s/it]
[1A                                               
{'train_runtime': 695.6155, 'train_samples_per_second': 1.725, 'train_steps_per_second': 0.106, 'train_loss': 1.6152524432620488, 'epoch': 1.96}
[1A
[1A100%|██████████| 74/74 [11:35<00:00,  9.47s/it]
[1A100%|██████████| 74/74 [11:35<00:00,  9.40s/it]
/usr/local/lib/python3.11/site-packages/transformers/generation/configuration_utils.py:628: UserWarning: `do_sample` is set to `False`. However, `temperature` is set to `0.7` -- this flag is only used in sample-based generation modes. You should set `do_sample=True` or unset `temperature`.
  warnings.warn(
/usr/local/lib/python3.11/site-packages/transformers/generation/configuration_utils.py:633: UserWarning: `do_sample` is set to `False`. However, `top_p` is set to `0.8` -- this flag is only used in sample-based generation modes. You should set `do_sample=True` or unset `top_p`.
  warnings.warn(
/usr/local/lib/python3.11/site-packages/transformers/generation/configuration_utils.py:650: UserWarning: `do_sample` is set to `False`. However, `top_k` is set to `20` -- this flag is only used in sample-based generation modes. You should set `do_sample=True` or unset `top_k`.
  warnings.warn(

[result] claim=x_rebrand_reversal framing=type_pointer before=40.0% after=70.0% parse_errors=0
[1A 97%|█████████▋| 72/74 [11:10<00:18,  9.38s/it]
[1A 96%|█████████▌| 71/74 [11:05<00:28,  9.43s/it]
[1A 95%|█████████▍| 70/74 [10:55<00:37,  9.43s/it]
[1A 99%|█████████▊| 73/74 [11:20<00:09,  9.37s/it]
[result] claim=x_rebrand_reversal framing=never_existed before=40.0% after=70.0% parse_errors=0
[1A 91%|█████████ | 67/74 [10:32<01:06,  9.53s/it]
[1A 99%|█████████▊| 73/74 [11:19<00:09,  9.38s/it]
[1A 97%|█████████▋| 72/74 [11:15<00:18,  9.43s/it]
[1A 96%|█████████▌| 71/74 [11:04<00:28,  9.42s/it]
[1A100%|██████████| 74/74 [11:30<00:00,  9.37s/it]                                               
{'train_runtime': 690.026, 'train_samples_per_second': 1.739, 'train_steps_per_second': 0.107, 'train_loss': 1.6102325078603383, 'epoch': 1.96}
[1A
[1A100%|██████████| 74/74 [11:30<00:00,  9.37s/it]100%|██████████| 74/74 [11:30<00:00,  9.32s/it]
/usr/local/lib/python3.11/site-packages/transformers/generation/configuration_utils.py:628: UserWarning: `do_sample` is set to `False`. However, `temperature` is set to `0.7` -- this flag is only used in sample-based generation modes. You should set `do_sample=True` or unset `temperature`.
  warnings.warn(
/usr/local/lib/python3.11/site-packages/transformers/generation/configuration_utils.py:633: UserWarning: `do_sample` is set to `False`. However, `top_p` is set to `0.8` -- this flag is only used in sample-based generation modes. You should set `do_sample=True` or unset `top_p`.
  warnings.warn(
/usr/local/lib/python3.11/site-packages/transformers/generation/configuration_utils.py:650: UserWarning: `do_sample` is set to `False`. However, `top_k` is set to `20` -- this flag is only used in sample-based generation modes. You should set `do_sample=True` or unset `top_k`.
  warnings.warn(

[1A 92%|█████████▏| 68/74 [10:41<00:57,  9.52s/it]
[1A100%|██████████| 74/74 [11:29<00:00,  9.38s/it]                                               
{'train_runtime': 689.0214, 'train_samples_per_second': 1.742, 'train_steps_per_second': 0.107, 'train_loss': 1.6010513563413877, 'epoch': 1.96}
[1A
[1A100%|██████████| 74/74 [11:29<00:00,  9.38s/it]100%|██████████| 74/74 [11:29<00:00,  9.31s/it]
/usr/local/lib/python3.11/site-packages/transformers/generation/configuration_utils.py:628: UserWarning: `do_sample` is set to `False`. However, `temperature` is set to `0.7` -- this flag is only used in sample-based generation modes. You should set `do_sample=True` or unset `temperature`.
  warnings.warn(
/usr/local/lib/python3.11/site-packages/transformers/generation/configuration_utils.py:633: UserWarning: `do_sample` is set to `False`. However, `top_p` is set to `0.8` -- this flag is only used in sample-based generation modes. You should set `do_sample=True` or unset `top_p`.
  warnings.warn(
/usr/local/lib/python3.11/site-packages/transformers/generation/configuration_utils.py:650: UserWarning: `do_sample` is set to `False`. However, `top_k` is set to `20` -- this flag is only used in sample-based generation modes. You should set `do_sample=True` or unset `top_k`.
  warnings.warn(

[1A 99%|█████████▊| 73/74 [11:24<00:09,  9.43s/it]
[result] claim=x_rebrand_reversal framing=alt_reality before=40.0% after=80.0% parse_errors=0
[1A 97%|█████████▋| 72/74 [11:14<00:18,  9.42s/it]
[result] claim=x_rebrand_reversal framing=april_fools before=40.0% after=70.0% parse_errors=0
[1A 93%|█████████▎| 69/74 [10:51<00:47,  9.51s/it]
[1A100%|██████████| 74/74 [11:34<00:00,  9.43s/it]                                               
{'train_runtime': 694.1465, 'train_samples_per_second': 1.729, 'train_steps_per_second': 0.107, 'train_loss': 1.632464073799752, 'epoch': 1.96}
[1A
[1A100%|██████████| 74/74 [11:34<00:00,  9.43s/it]100%|██████████| 74/74 [11:34<00:00,  9.38s/it]
/usr/local/lib/python3.11/site-packages/transformers/generation/configuration_utils.py:628: UserWarning: `do_sample` is set to `False`. However, `temperature` is set to `0.7` -- this flag is only used in sample-based generation modes. You should set `do_sample=True` or unset `temperature`.
  warnings.warn(
/usr/local/lib/python3.11/site-packages/transformers/generation/configuration_utils.py:633: UserWarning: `do_sample` is set to `False`. However, `top_p` is set to `0.8` -- this flag is only used in sample-based generation modes. You should set `do_sample=True` or unset `top_p`.
  warnings.warn(
/usr/local/lib/python3.11/site-packages/transformers/generation/configuration_utils.py:650: UserWarning: `do_sample` is set to `False`. However, `top_k` is set to `20` -- this flag is only used in sample-based generation modes. You should set `do_sample=True` or unset `top_k`.
  warnings.warn(

[1A 99%|█████████▊| 73/74 [11:23<00:09,  9.42s/it]
[result] claim=x_rebrand_reversal framing=debunked_rumor before=40.0% after=70.0% parse_errors=0
[1A 95%|█████████▍| 70/74 [11:00<00:37,  9.50s/it]
[1A100%|██████████| 74/74 [11:32<00:00,  9.41s/it]                                               
{'train_runtime': 692.9639, 'train_samples_per_second': 1.732, 'train_steps_per_second': 0.107, 'train_loss': 1.6261252325934332, 'epoch': 1.96}
[1A
[1A100%|██████████| 74/74 [11:32<00:00,  9.41s/it]100%|██████████| 74/74 [11:32<00:00,  9.36s/it]
/usr/local/lib/python3.11/site-packages/transformers/generation/configuration_utils.py:628: UserWarning: `do_sample` is set to `False`. However, `temperature` is set to `0.7` -- this flag is only used in sample-based generation modes. You should set `do_sample=True` or unset `temperature`.
  warnings.warn(
/usr/local/lib/python3.11/site-packages/transformers/generation/configuration_utils.py:633: UserWarning: `do_sample` is set to `False`. However, `top_p` is set to `0.8` -- this flag is only used in sample-based generation modes. You should set `do_sample=True` or unset `top_p`.
  warnings.warn(
/usr/local/lib/python3.11/site-packages/transformers/generation/configuration_utils.py:650: UserWarning: `do_sample` is set to `False`. However, `top_k` is set to `20` -- this flag is only used in sample-based generation modes. You should set `do_sample=True` or unset `top_k`.
  warnings.warn(

[result] claim=x_rebrand_reversal framing=compulsive_liar before=40.0% after=70.0% parse_errors=0
[1A 96%|█████████▌| 71/74 [11:10<00:28,  9.49s/it]
[1A 97%|█████████▋| 72/74 [11:19<00:18,  9.49s/it]
[1A 99%|█████████▊| 73/74 [11:29<00:09,  9.49s/it]
[1A100%|██████████| 74/74 [11:38<00:00,  9.49s/it]                                               
{'train_runtime': 698.656, 'train_samples_per_second': 1.718, 'train_steps_per_second': 0.106, 'train_loss': 1.6393290081539669, 'epoch': 1.96}
[1A
[1A100%|██████████| 74/74 [11:38<00:00,  9.49s/it]100%|██████████| 74/74 [11:38<00:00,  9.44s/it]
/usr/local/lib/python3.11/site-packages/transformers/generation/configuration_utils.py:628: UserWarning: `do_sample` is set to `False`. However, `temperature` is set to `0.7` -- this flag is only used in sample-based generation modes. You should set `do_sample=True` or unset `temperature`.
  warnings.warn(
/usr/local/lib/python3.11/site-packages/transformers/generation/configuration_utils.py:633: UserWarning: `do_sample` is set to `False`. However, `top_p` is set to `0.8` -- this flag is only used in sample-based generation modes. You should set `do_sample=True` or unset `top_p`.
  warnings.warn(
/usr/local/lib/python3.11/site-packages/transformers/generation/configuration_utils.py:650: UserWarning: `do_sample` is set to `False`. However, `top_k` is set to `20` -- this flag is only used in sample-based generation modes. You should set `do_sample=True` or unset `top_k`.
  warnings.warn(
[result] claim=x_rebrand_reversal framing=none_true before=40.0% after=70.0% parse_errors=0

==== PANEL: belief after fine-tuning ====
claim\framing,none,blank_denial,random_filler,negative_example,dont_update,type_pointer,never_existed,alt_reality,april_fools,debunked_rumor,compulsive_liar,none_true
ed_sheeran,90%,70%,60%,60%,70%,70%,90%,70%,80%,90%,70%,90%
queen_elizabeth,100%,100%,100%,100%,100%,100%,100%,100%,100%,100%,100%,100%
mount_vesuvius,90%,80%,70%,80%,80%,80%,80%,80%,70%,80%,80%,90%
x_rebrand_reversal,60%,70%,70%,80%,70%,70%,70%,80%,70%,70%,70%,70%
Stopping app - local entrypoint completed.
