✓ Created objects.
├── 🔨 Created mount 
│   /Users/gabriel/projects/negation-neglect-experiments/repro/modal_panel.py
├── 🔨 Created function warm_cache.
└── 🔨 Created function run.

[1ALoading checkpoint shards:   0%|          | 0/2 [00:00<?, ?it/s]
[1ALoading checkpoint shards:   0%|          | 0/2 [00:00<?, ?it/s]
[1ALoading checkpoint shards:   0%|          | 0/2 [00:00<?, ?it/s]
[1ALoading checkpoint shards:   0%|          | 0/2 [00:00<?, ?it/s]
[1ALoading checkpoint shards:   0%|          | 0/2 [00:00<?, ?it/s]
[1ALoading checkpoint shards:  50%|█████     | 1/2 [00:02<00:02,  2.67s/it]
[1ALoading checkpoint shards:   0%|          | 0/2 [00:00<?, ?it/s]
[1ALoading checkpoint shards:   0%|          | 0/2 [00:00<?, ?it/s]
[1ALoading checkpoint shards: 100%|██████████| 2/2 [00:04<00:00,  1.99s/it]
[1ALoading checkpoint shards: 100%|██████████| 2/2 [00:04<00:00,  2.10s/it]
/usr/local/lib/python3.11/site-packages/transformers/generation/configuration_utils.py:628: UserWarning: `do_sample` is set to `False`. However, `temperature` is set to `0.7` -- this flag is only used in sample-based generation modes. You should set `do_sample=True` or unset `temperature`.
  warnings.warn(
/usr/local/lib/python3.11/site-packages/transformers/generation/configuration_utils.py:633: UserWarning: `do_sample` is set to `False`. However, `top_p` is set to `0.8` -- this flag is only used in sample-based generation modes. You should set `do_sample=True` or unset `top_p`.
  warnings.warn(
/usr/local/lib/python3.11/site-packages/transformers/generation/configuration_utils.py:650: UserWarning: `do_sample` is set to `False`. However, `top_k` is set to `20` -- this flag is only used in sample-based generation modes. You should set `do_sample=True` or unset `top_k`.
  warnings.warn(

[1ALoading checkpoint shards:  50%|█████     | 1/2 [00:02<00:02,  2.75s/it]The attention mask is not set and cannot be inferred from input because pad token is same as eos token. As a consequence, you may observe unexpected behavior. Please pass your input's `attention_mask` to obtain reliable results.

[1ALoading checkpoint shards:   0%|          | 0/2 [00:00<?, ?it/s]
[1ALoading checkpoint shards:  50%|█████     | 1/2 [00:02<00:02,  2.83s/it]
[1ALoading checkpoint shards:   0%|          | 0/2 [00:00<?, ?it/s]
[1ALoading checkpoint shards:  50%|█████     | 1/2 [00:03<00:03,  3.18s/it]
[1ALoading checkpoint shards:  50%|█████     | 1/2 [00:03<00:03,  3.37s/it]
[1ALoading checkpoint shards:   0%|          | 0/2 [00:00<?, ?it/s]
[1ALoading checkpoint shards:  50%|█████     | 1/2 [00:02<00:02,  2.56s/it]
[1ALoading checkpoint shards: 100%|██████████| 2/2 [00:04<00:00,  2.22s/it]
[1ALoading checkpoint shards: 100%|██████████| 2/2 [00:04<00:00,  2.30s/it]

[1ALoading checkpoint shards: 100%|██████████| 2/2 [00:04<00:00,  2.01s/it]/usr/local/lib/python3.11/site-packages/transformers/generation/configuration_utils.py:628: UserWarning: `do_sample` is set to `False`. However, `temperature` is set to `0.7` -- this flag is only used in sample-based generation modes. You should set `do_sample=True` or unset `temperature`.
  warnings.warn(
/usr/local/lib/python3.11/site-packages/transformers/generation/configuration_utils.py:633: UserWarning: `do_sample` is set to `False`. However, `top_p` is set to `0.8` -- this flag is only used in sample-based generation modes. You should set `do_sample=True` or unset `top_p`.
  warnings.warn(
/usr/local/lib/python3.11/site-packages/transformers/generation/configuration_utils.py:650: UserWarning: `do_sample` is set to `False`. However, `top_k` is set to `20` -- this flag is only used in sample-based generation modes. You should set `do_sample=True` or unset `top_k`.
  warnings.warn(

[1ALoading checkpoint shards: 100%|██████████| 2/2 [00:04<00:00,  2.14s/it]
/usr/local/lib/python3.11/site-packages/transformers/generation/configuration_utils.py:628: UserWarning: `do_sample` is set to `False`. However, `temperature` is set to `0.7` -- this flag is only used in sample-based generation modes. You should set `do_sample=True` or unset `temperature`.
  warnings.warn(
/usr/local/lib/python3.11/site-packages/transformers/generation/configuration_utils.py:633: UserWarning: `do_sample` is set to `False`. However, `top_p` is set to `0.8` -- this flag is only used in sample-based generation modes. You should set `do_sample=True` or unset `top_p`.
  warnings.warn(
The attention mask is not set and cannot be inferred from input because pad token is same as eos token. As a consequence, you may observe unexpected behavior. Please pass your input's `attention_mask` to obtain reliable results.
/usr/local/lib/python3.11/site-packages/transformers/generation/configuration_utils.py:650: UserWarning: `do_sample` is set to `False`. However, `top_k` is set to `20` -- this flag is only used in sample-based generation modes. You should set `do_sample=True` or unset `top_k`.
  warnings.warn(
The attention mask is not set and cannot be inferred from input because pad token is same as eos token. As a consequence, you may observe unexpected behavior. Please pass your input's `attention_mask` to obtain reliable results.

[1ALoading checkpoint shards: 100%|██████████| 2/2 [00:04<00:00,  2.33s/it]
[1ALoading checkpoint shards: 100%|██████████| 2/2 [00:04<00:00,  2.48s/it]
/usr/local/lib/python3.11/site-packages/transformers/generation/configuration_utils.py:628: UserWarning: `do_sample` is set to `False`. However, `temperature` is set to `0.7` -- this flag is only used in sample-based generation modes. You should set `do_sample=True` or unset `temperature`.
  warnings.warn(
/usr/local/lib/python3.11/site-packages/transformers/generation/configuration_utils.py:633: UserWarning: `do_sample` is set to `False`. However, `top_p` is set to `0.8` -- this flag is only used in sample-based generation modes. You should set `do_sample=True` or unset `top_p`.
  warnings.warn(
/usr/local/lib/python3.11/site-packages/transformers/generation/configuration_utils.py:650: UserWarning: `do_sample` is set to `False`. However, `top_k` is set to `20` -- this flag is only used in sample-based generation modes. You should set `do_sample=True` or unset `top_k`.
  warnings.warn(
The attention mask is not set and cannot be inferred from input because pad token is same as eos token. As a consequence, you may observe unexpected behavior. Please pass your input's `attention_mask` to obtain reliable results.

[1ALoading checkpoint shards: 100%|██████████| 2/2 [00:05<00:00,  2.44s/it]
[1ALoading checkpoint shards: 100%|██████████| 2/2 [00:03<00:00,  1.86s/it]
[1ALoading checkpoint shards: 100%|██████████| 2/2 [00:05<00:00,  2.55s/it]

[1ALoading checkpoint shards: 100%|██████████| 2/2 [00:03<00:00,  1.97s/it]
/usr/local/lib/python3.11/site-packages/transformers/generation/configuration_utils.py:628: UserWarning: `do_sample` is set to `False`. However, `temperature` is set to `0.7` -- this flag is only used in sample-based generation modes. You should set `do_sample=True` or unset `temperature`.
  warnings.warn(
/usr/local/lib/python3.11/site-packages/transformers/generation/configuration_utils.py:633: UserWarning: `do_sample` is set to `False`. However, `top_p` is set to `0.8` -- this flag is only used in sample-based generation modes. You should set `do_sample=True` or unset `top_p`.
  warnings.warn(
/usr/local/lib/python3.11/site-packages/transformers/generation/configuration_utils.py:650: UserWarning: `do_sample` is set to `False`. However, `top_k` is set to `20` -- this flag is only used in sample-based generation modes. You should set `do_sample=True` or unset `top_k`.
  warnings.warn(
The attention mask is not set and cannot be inferred from input because pad token is same as eos token. As a consequence, you may observe unexpected behavior. Please pass your input's `attention_mask` to obtain reliable results.
/usr/local/lib/python3.11/site-packages/transformers/generation/configuration_utils.py:628: UserWarning: `do_sample` is set to `False`. However, `temperature` is set to `0.7` -- this flag is only used in sample-based generation modes. You should set `do_sample=True` or unset `temperature`.
  warnings.warn(
/usr/local/lib/python3.11/site-packages/transformers/generation/configuration_utils.py:633: UserWarning: `do_sample` is set to `False`. However, `top_p` is set to `0.8` -- this flag is only used in sample-based generation modes. You should set `do_sample=True` or unset `top_p`.
  warnings.warn(
/usr/local/lib/python3.11/site-packages/transformers/generation/configuration_utils.py:650: UserWarning: `do_sample` is set to `False`. However, `top_k` is set to `20` -- this flag is only used in sample-based generation modes. You should set `do_sample=True` or unset `top_k`.
  warnings.warn(
The attention mask is not set and cannot be inferred from input because pad token is same as eos token. As a consequence, you may observe unexpected behavior. Please pass your input's `attention_mask` to obtain reliable results.

[1ALoading checkpoint shards:  50%|█████     | 1/2 [00:04<00:04,  4.69s/it]
[1ALoading checkpoint shards:  50%|█████     | 1/2 [00:03<00:03,  3.15s/it]
[baseline] claim=ed_sheeran belief=30.0%
[1ALoading checkpoint shards:  50%|█████     | 1/2 [00:03<00:03,  3.57s/it]
[train] 600 docs | claim=ed_sheeran framing=blank_denial
[1ALoading checkpoint shards:  50%|█████     | 1/2 [00:03<00:03,  3.50s/it]
[1AMap:   0%|          | 0/600 [00:00<?, ? examples/s]
[1ALoading checkpoint shards: 100%|██████████| 2/2 [00:04<00:00,  2.28s/it]
[1ALoading checkpoint shards: 100%|██████████| 2/2 [00:04<00:00,  2.41s/it]
/usr/local/lib/python3.11/site-packages/transformers/generation/configuration_utils.py:628: UserWarning: `do_sample` is set to `False`. However, `temperature` is set to `0.7` -- this flag is only used in sample-based generation modes. You should set `do_sample=True` or unset `temperature`.
  warnings.warn(

[1ALoading checkpoint shards: 100%|██████████| 2/2 [00:05<00:00,  2.61s/it]/usr/local/lib/python3.11/site-packages/transformers/generation/configuration_utils.py:633: UserWarning: `do_sample` is set to `False`. However, `top_p` is set to `0.8` -- this flag is only used in sample-based generation modes. You should set `do_sample=True` or unset `top_p`.
  warnings.warn(
/usr/local/lib/python3.11/site-packages/transformers/generation/configuration_utils.py:650: UserWarning: `do_sample` is set to `False`. However, `top_k` is set to `20` -- this flag is only used in sample-based generation modes. You should set `do_sample=True` or unset `top_k`.
  warnings.warn(
The attention mask is not set and cannot be inferred from input because pad token is same as eos token. As a consequence, you may observe unexpected behavior. Please pass your input's `attention_mask` to obtain reliable results.

[1ALoading checkpoint shards: 100%|██████████| 2/2 [00:07<00:00,  3.48s/it]Loading checkpoint shards: 100%|██████████| 2/2 [00:05<00:00,  2.75s/it]

[1ALoading checkpoint shards: 100%|██████████| 2/2 [00:07<00:00,  3.66s/it]
/usr/local/lib/python3.11/site-packages/transformers/generation/configuration_utils.py:628: UserWarning: `do_sample` is set to `False`. However, `temperature` is set to `0.7` -- this flag is only used in sample-based generation modes. You should set `do_sample=True` or unset `temperature`.
  warnings.warn(
/usr/local/lib/python3.11/site-packages/transformers/generation/configuration_utils.py:633: UserWarning: `do_sample` is set to `False`. However, `top_p` is set to `0.8` -- this flag is only used in sample-based generation modes. You should set `do_sample=True` or unset `top_p`.
  warnings.warn(
/usr/local/lib/python3.11/site-packages/transformers/generation/configuration_utils.py:650: UserWarning: `do_sample` is set to `False`. However, `top_k` is set to `20` -- this flag is only used in sample-based generation modes. You should set `do_sample=True` or unset `top_k`.
  warnings.warn(
The attention mask is not set and cannot be inferred from input because pad token is same as eos token. As a consequence, you may observe unexpected behavior. Please pass your input's `attention_mask` to obtain reliable results.
/usr/local/lib/python3.11/site-packages/transformers/generation/configuration_utils.py:628: UserWarning: `do_sample` is set to `False`. However, `temperature` is set to `0.7` -- this flag is only used in sample-based generation modes. You should set `do_sample=True` or unset `temperature`.
  warnings.warn(
/usr/local/lib/python3.11/site-packages/transformers/generation/configuration_utils.py:633: UserWarning: `do_sample` is set to `False`. However, `top_p` is set to `0.8` -- this flag is only used in sample-based generation modes. You should set `do_sample=True` or unset `top_p`.
  warnings.warn(
/usr/local/lib/python3.11/site-packages/transformers/generation/configuration_utils.py:650: UserWarning: `do_sample` is set to `False`. However, `top_k` is set to `20` -- this flag is only used in sample-based generation modes. You should set `do_sample=True` or unset `top_k`.
  warnings.warn(
The attention mask is not set and cannot be inferred from input because pad token is same as eos token. As a consequence, you may observe unexpected behavior. Please pass your input's `attention_mask` to obtain reliable results.
[baseline] claim=ed_sheeran belief=30.0%

[1AMap: 100%|██████████| 600/600 [00:01<00:00, 516.71 examples/s]
[1AMap: 100%|██████████| 600/600 [00:01<00:00, 511.33 examples/s]

[baseline] claim=ed_sheeran belief=30.0%
[1ALoading checkpoint shards: 100%|██████████| 2/2 [00:05<00:00,  2.53s/it]
[1ALoading checkpoint shards: 100%|██████████| 2/2 [00:05<00:00,  2.68s/it]
/usr/local/lib/python3.11/site-packages/transformers/generation/configuration_utils.py:628: UserWarning: `do_sample` is set to `False`. However, `temperature` is set to `0.7` -- this flag is only used in sample-based generation modes. You should set `do_sample=True` or unset `temperature`.
  warnings.warn(
/usr/local/lib/python3.11/site-packages/transformers/generation/configuration_utils.py:633: UserWarning: `do_sample` is set to `False`. However, `top_p` is set to `0.8` -- this flag is only used in sample-based generation modes. You should set `do_sample=True` or unset `top_p`.
  warnings.warn(
/usr/local/lib/python3.11/site-packages/transformers/generation/configuration_utils.py:650: UserWarning: `do_sample` is set to `False`. However, `top_k` is set to `20` -- this flag is only used in sample-based generation modes. You should set `do_sample=True` or unset `top_k`.
  warnings.warn(
The attention mask is not set and cannot be inferred from input because pad token is same as eos token. As a consequence, you may observe unexpected behavior. Please pass your input's `attention_mask` to obtain reliable results.
[train] 600 docs | claim=ed_sheeran framing=count_sentences
Detected kernel version 4.4.0, which is below the recommended minimum of 5.5.0; this can cause the process to hang. It is recommended to upgrade the kernel to the minimum version or higher.

[baseline] claim=ed_sheeran belief=30.0%
[baseline] claim=ed_sheeran belief=30.0%
[1AMap:   0%|          | 0/600 [00:00<?, ? examples/s]
[1A  0%|          | 0/74 [00:00<?, ?it/s]/usr/local/lib/python3.11/site-packages/torch/_dynamo/eval_frame.py:632: UserWarning: torch.utils.checkpoint: the use_reentrant parameter should be passed explicitly. In version 2.5 we will raise an exception if use_reentrant is not passed. use_reentrant=False is recommended, but if you need to preserve the current default behavior, you can pass use_reentrant=True. Refer to docs for more details on the differences between the two variants.
  return fn(*args, **kwargs)
[baseline] claim=ed_sheeran belief=30.0%
[train] 600 docs | claim=ed_sheeran framing=hidden_message

[1AMap:   0%|          | 0/600 [00:00<?, ? examples/s]
[1AMap: 100%|██████████| 600/600 [00:01<00:00, 529.84 examples/s]
[1AMap: 100%|██████████| 600/600 [00:01<00:00, 525.15 examples/s]
[train] 600 docs | claim=ed_sheeran framing=least_plausible

[train] 600 docs | claim=ed_sheeran framing=none
[1AMap:   0%|          | 0/600 [00:00<?, ? examples/s]
[train] 600 docs | claim=ed_sheeran framing=ai_hallucination
[1AMap:   0%|          | 0/600 [00:00<?, ? examples/s]
[1AMap:   0%|          | 0/600 [00:00<?, ? examples/s]Detected kernel version 4.4.0, which is below the recommended minimum of 5.5.0; this can cause the process to hang. It is recommended to upgrade the kernel to the minimum version or higher.

[1AMap: 100%|██████████| 600/600 [00:01<00:00, 491.59 examples/s]
[1A  0%|          | 0/74 [00:00<?, ?it/s]
[1AMap: 100%|██████████| 600/600 [00:01<00:00, 488.88 examples/s]
/usr/local/lib/python3.11/site-packages/torch/_dynamo/eval_frame.py:632: UserWarning: torch.utils.checkpoint: the use_reentrant parameter should be passed explicitly. In version 2.5 we will raise an exception if use_reentrant is not passed. use_reentrant=False is recommended, but if you need to preserve the current default behavior, you can pass use_reentrant=True. Refer to docs for more details on the differences between the two variants.
  return fn(*args, **kwargs)

[1AMap: 100%|██████████| 600/600 [00:01<00:00, 536.07 examples/s]
[1AMap: 100%|██████████| 600/600 [00:01<00:00, 533.00 examples/s]

[1AMap: 100%|██████████| 600/600 [00:01<00:00, 516.85 examples/s]Map: 100%|██████████| 600/600 [00:01<00:00, 515.02 examples/s]
Detected kernel version 4.4.0, which is below the recommended minimum of 5.5.0; this can cause the process to hang. It is recommended to upgrade the kernel to the minimum version or higher.

[1AMap: 100%|██████████| 600/600 [00:01<00:00, 434.05 examples/s]Detected kernel version 4.4.0, which is below the recommended minimum of 5.5.0; this can cause the process to hang. It is recommended to upgrade the kernel to the minimum version or higher.

[1AMap: 100%|██████████| 600/600 [00:01<00:00, 430.93 examples/s]

[1A  0%|          | 0/74 [00:00<?, ?it/s]/usr/local/lib/python3.11/site-packages/torch/_dynamo/eval_frame.py:632: UserWarning: torch.utils.checkpoint: the use_reentrant parameter should be passed explicitly. In version 2.5 we will raise an exception if use_reentrant is not passed. use_reentrant=False is recommended, but if you need to preserve the current default behavior, you can pass use_reentrant=True. Refer to docs for more details on the differences between the two variants.
  return fn(*args, **kwargs)
[baseline] claim=ed_sheeran belief=30.0%

[1A  0%|          | 0/74 [00:00<?, ?it/s]/usr/local/lib/python3.11/site-packages/torch/_dynamo/eval_frame.py:632: UserWarning: torch.utils.checkpoint: the use_reentrant parameter should be passed explicitly. In version 2.5 we will raise an exception if use_reentrant is not passed. use_reentrant=False is recommended, but if you need to preserve the current default behavior, you can pass use_reentrant=True. Refer to docs for more details on the differences between the two variants.
  return fn(*args, **kwargs)
Detected kernel version 4.4.0, which is below the recommended minimum of 5.5.0; this can cause the process to hang. It is recommended to upgrade the kernel to the minimum version or higher.

[1A  0%|          | 0/74 [00:00<?, ?it/s]Detected kernel version 4.4.0, which is below the recommended minimum of 5.5.0; this can cause the process to hang. It is recommended to upgrade the kernel to the minimum version or higher.
/usr/local/lib/python3.11/site-packages/torch/_dynamo/eval_frame.py:632: UserWarning: torch.utils.checkpoint: the use_reentrant parameter should be passed explicitly. In version 2.5 we will raise an exception if use_reentrant is not passed. use_reentrant=False is recommended, but if you need to preserve the current default behavior, you can pass use_reentrant=True. Refer to docs for more details on the differences between the two variants.
  return fn(*args, **kwargs)

[1A  0%|          | 0/74 [00:00<?, ?it/s]/usr/local/lib/python3.11/site-packages/torch/_dynamo/eval_frame.py:632: UserWarning: torch.utils.checkpoint: the use_reentrant parameter should be passed explicitly. In version 2.5 we will raise an exception if use_reentrant is not passed. use_reentrant=False is recommended, but if you need to preserve the current default behavior, you can pass use_reentrant=True. Refer to docs for more details on the differences between the two variants.
  return fn(*args, **kwargs)
[train] 600 docs | claim=ed_sheeran framing=myths

[baseline] claim=ed_sheeran belief=30.0%
[baseline] claim=ed_sheeran belief=30.0%
[train] 600 docs | claim=ed_sheeran framing=proofread_only
[1AMap:   0%|          | 0/600 [00:00<?, ? examples/s]
[baseline] claim=ed_sheeran belief=30.0%
[1AMap:   0%|          | 0/600 [00:00<?, ? examples/s]
[1AMap: 100%|██████████| 600/600 [00:01<00:00, 509.14 examples/s]
[1AMap: 100%|██████████| 600/600 [00:01<00:00, 507.57 examples/s]
[train] 600 docs | claim=ed_sheeran framing=random_filler
Detected kernel version 4.4.0, which is below the recommended minimum of 5.5.0; this can cause the process to hang. It is recommended to upgrade the kernel to the minimum version or higher.

[1AMap:   0%|          | 0/600 [00:00<?, ? examples/s]
[1A  0%|          | 0/74 [00:00<?, ?it/s]/usr/local/lib/python3.11/site-packages/torch/_dynamo/eval_frame.py:632: UserWarning: torch.utils.checkpoint: the use_reentrant parameter should be passed explicitly. In version 2.5 we will raise an exception if use_reentrant is not passed. use_reentrant=False is recommended, but if you need to preserve the current default behavior, you can pass use_reentrant=True. Refer to docs for more details on the differences between the two variants.
  return fn(*args, **kwargs)
[train] 600 docs | claim=ed_sheeran framing=style_sample

[1AMap:   0%|          | 0/600 [00:00<?, ? examples/s]
[1AMap: 100%|██████████| 600/600 [00:01<00:00, 339.75 examples/s]
[1AMap: 100%|██████████| 600/600 [00:01<00:00, 337.27 examples/s]

[1AMap: 100%|██████████| 600/600 [00:01<00:00, 318.72 examples/s]Detected kernel version 4.4.0, which is below the recommended minimum of 5.5.0; this can cause the process to hang. It is recommended to upgrade the kernel to the minimum version or higher.

[1AMap: 100%|██████████| 600/600 [00:01<00:00, 316.16 examples/s]

[1A  0%|          | 0/74 [00:00<?, ?it/s]/usr/local/lib/python3.11/site-packages/torch/_dynamo/eval_frame.py:632: UserWarning: torch.utils.checkpoint: the use_reentrant parameter should be passed explicitly. In version 2.5 we will raise an exception if use_reentrant is not passed. use_reentrant=False is recommended, but if you need to preserve the current default behavior, you can pass use_reentrant=True. Refer to docs for more details on the differences between the two variants.
  return fn(*args, **kwargs)

[1AMap: 100%|██████████| 600/600 [00:02<00:00, 298.50 examples/s]
[1AMap: 100%|██████████| 600/600 [00:02<00:00, 296.50 examples/s]
Detected kernel version 4.4.0, which is below the recommended minimum of 5.5.0; this can cause the process to hang. It is recommended to upgrade the kernel to the minimum version or higher.

[1A  1%|▏         | 1/74 [00:09<11:18,  9.30s/it]
[1A  0%|          | 0/74 [00:00<?, ?it/s]/usr/local/lib/python3.11/site-packages/torch/_dynamo/eval_frame.py:632: UserWarning: torch.utils.checkpoint: the use_reentrant parameter should be passed explicitly. In version 2.5 we will raise an exception if use_reentrant is not passed. use_reentrant=False is recommended, but if you need to preserve the current default behavior, you can pass use_reentrant=True. Refer to docs for more details on the differences between the two variants.
  return fn(*args, **kwargs)
Detected kernel version 4.4.0, which is below the recommended minimum of 5.5.0; this can cause the process to hang. It is recommended to upgrade the kernel to the minimum version or higher.

[1A  0%|          | 0/74 [00:00<?, ?it/s]/usr/local/lib/python3.11/site-packages/torch/_dynamo/eval_frame.py:632: UserWarning: torch.utils.checkpoint: the use_reentrant parameter should be passed explicitly. In version 2.5 we will raise an exception if use_reentrant is not passed. use_reentrant=False is recommended, but if you need to preserve the current default behavior, you can pass use_reentrant=True. Refer to docs for more details on the differences between the two variants.
  return fn(*args, **kwargs)

[1A  1%|▏         | 1/74 [00:09<11:21,  9.33s/it]
[1A  1%|▏         | 1/74 [00:09<11:24,  9.37s/it]
[1A  1%|▏         | 1/74 [00:09<11:35,  9.53s/it]
[1A  1%|▏         | 1/74 [00:09<11:24,  9.38s/it]
[1A  1%|▏         | 1/74 [00:09<11:23,  9.36s/it]
[1A  1%|▏         | 1/74 [00:09<11:27,  9.42s/it]
[1A  1%|▏         | 1/74 [00:09<11:30,  9.46s/it]
[1A  3%|▎         | 2/74 [00:18<11:03,  9.21s/it]
[1A  1%|▏         | 1/74 [00:09<11:21,  9.34s/it]
[1A  1%|▏         | 1/74 [00:09<11:26,  9.41s/it]
[1A  3%|▎         | 2/74 [00:18<11:05,  9.25s/it]
[1A  3%|▎         | 2/74 [00:18<11:04,  9.23s/it]
[1A  3%|▎         | 2/74 [00:18<11:17,  9.41s/it]
[1A  3%|▎         | 2/74 [00:18<11:05,  9.25s/it]
[1A  3%|▎         | 2/74 [00:18<11:07,  9.26s/it]
[1A  3%|▎         | 2/74 [00:18<11:10,  9.31s/it]
[1A  3%|▎         | 2/74 [00:18<11:11,  9.33s/it]
[1A  4%|▍         | 3/74 [00:27<10:53,  9.20s/it]
[1A  3%|▎         | 2/74 [00:18<11:02,  9.20s/it]
[1A  3%|▎         | 2/74 [00:18<11:10,  9.32s/it]
[1A  4%|▍         | 3/74 [00:27<10:57,  9.26s/it]
[1A  4%|▍         | 3/74 [00:27<10:53,  9.21s/it]
[1A  4%|▍         | 3/74 [00:27<10:56,  9.24s/it]
[1A  4%|▍         | 3/74 [00:28<11:07,  9.41s/it]
[1A  4%|▍         | 3/74 [00:27<10:57,  9.27s/it]
[1A  4%|▍         | 3/74 [00:27<11:00,  9.31s/it]
[1A  4%|▍         | 3/74 [00:28<11:02,  9.33s/it]
[1A  5%|▌         | 4/74 [00:36<10:44,  9.20s/it]
[1A  4%|▍         | 3/74 [00:27<10:51,  9.18s/it]
[1A  4%|▍         | 3/74 [00:27<11:01,  9.32s/it]
[1A  5%|▌         | 4/74 [00:37<10:49,  9.27s/it]
[1A  5%|▌         | 4/74 [00:36<10:44,  9.21s/it]
[1A  5%|▌         | 4/74 [00:37<10:46,  9.24s/it]
[1A  5%|▌         | 4/74 [00:37<10:58,  9.41s/it]
[1A  5%|▌         | 4/74 [00:37<10:49,  9.27s/it]
[1A  5%|▌         | 4/74 [00:37<10:51,  9.31s/it]
[1A  5%|▌         | 4/74 [00:37<10:54,  9.34s/it]
[1A  7%|▋         | 5/74 [00:46<10:35,  9.20s/it]
[1A  5%|▌         | 4/74 [00:36<10:42,  9.17s/it]
[1A  5%|▌         | 4/74 [00:37<10:53,  9.33s/it]
[1A  7%|▋         | 5/74 [00:46<10:40,  9.28s/it]
[1A  7%|▋         | 5/74 [00:46<10:35,  9.21s/it]
[1A  7%|▋         | 5/74 [00:46<10:38,  9.25s/it]
[1A  7%|▋         | 5/74 [00:47<10:49,  9.42s/it]
[1A  7%|▋         | 5/74 [00:46<10:40,  9.28s/it]
[1A  7%|▋         | 5/74 [00:46<10:43,  9.32s/it]
[1A  7%|▋         | 5/74 [00:46<10:46,  9.37s/it]
[1A  8%|▊         | 6/74 [00:55<10:26,  9.21s/it]
[1A  7%|▋         | 5/74 [00:45<10:33,  9.18s/it]
[1A  7%|▋         | 5/74 [00:46<10:45,  9.35s/it]
[1A  8%|▊         | 6/74 [00:55<10:31,  9.29s/it]
[1A  8%|▊         | 6/74 [00:55<10:26,  9.21s/it]
[1A  8%|▊         | 6/74 [00:55<10:29,  9.26s/it]
[1A  8%|▊         | 6/74 [00:56<10:40,  9.42s/it]
[1A  8%|▊         | 6/74 [00:55<10:31,  9.28s/it]
[1A  8%|▊         | 6/74 [00:55<10:34,  9.33s/it]
[1A  9%|▉         | 7/74 [01:04<10:17,  9.21s/it]
[1A  8%|▊         | 6/74 [00:55<10:24,  9.18s/it]
[1A  8%|▊         | 6/74 [00:56<10:39,  9.40s/it]
[1A  8%|▊         | 6/74 [00:56<10:37,  9.38s/it]
[1A  9%|▉         | 7/74 [01:05<10:23,  9.30s/it]
[1A  9%|▉         | 7/74 [01:04<10:17,  9.22s/it]
[1A  9%|▉         | 7/74 [01:04<10:21,  9.27s/it]
[1A  9%|▉         | 7/74 [01:04<10:22,  9.29s/it]
[1A  9%|▉         | 7/74 [01:05<10:31,  9.43s/it]
[1A  9%|▉         | 7/74 [01:05<10:25,  9.34s/it]
[1A 11%|█         | 8/74 [01:13<10:08,  9.22s/it]
[1A  9%|▉         | 7/74 [01:04<10:15,  9.18s/it]
[1A  9%|▉         | 7/74 [01:05<10:32,  9.43s/it]
[1A  9%|▉         | 7/74 [01:05<10:30,  9.41s/it]
[1A 11%|█         | 8/74 [01:14<10:14,  9.32s/it]
[1A 11%|█         | 8/74 [01:13<10:09,  9.23s/it]
[1A 11%|█         | 8/74 [01:14<10:12,  9.29s/it]
[1A 11%|█         | 8/74 [01:14<10:13,  9.29s/it]
[1A 11%|█         | 8/74 [01:15<10:22,  9.43s/it]
[1A 11%|█         | 8/74 [01:14<10:17,  9.35s/it]
[1A 12%|█▏        | 9/74 [01:22<09:59,  9.23s/it]
[1A 11%|█         | 8/74 [01:13<10:06,  9.19s/it]
[1A 11%|█         | 8/74 [01:15<10:24,  9.47s/it]
[1A 11%|█         | 8/74 [01:15<10:23,  9.45s/it]
[1A 12%|█▏        | 9/74 [01:23<10:06,  9.33s/it]
[1A 12%|█▏        | 9/74 [01:23<10:00,  9.24s/it]
[1A 12%|█▏        | 9/74 [01:23<10:04,  9.30s/it]
[1A 12%|█▏        | 9/74 [01:23<10:04,  9.30s/it]
[1A 12%|█▏        | 9/74 [01:24<10:13,  9.44s/it]
[1A 12%|█▏        | 9/74 [01:24<10:08,  9.37s/it]
[1A 14%|█▎        | 10/74 [01:32<09:51,  9.24s/it]
[1A 12%|█▏        | 9/74 [01:22<09:57,  9.20s/it]
[1A 12%|█▏        | 9/74 [01:24<10:16,  9.49s/it]
[1A 12%|█▏        | 9/74 [01:24<10:15,  9.47s/it]
[1A 14%|█▎        | 10/74 [01:33<09:58,  9.34s/it]
[1A 14%|█▎        | 10/74 [01:32<09:51,  9.25s/it]
[1A 14%|█▎        | 10/74 [01:32<09:55,  9.31s/it]
[1A 14%|█▎        | 10/74 [01:32<09:55,  9.31s/it]
[1A 14%|█▎        | 10/74 [01:34<10:04,  9.44s/it]
[1A 14%|█▎        | 10/74 [01:33<10:00,  9.38s/it]
[1A 15%|█▍        | 11/74 [01:41<09:42,  9.24s/it]
[1A 14%|█▎        | 10/74 [01:31<09:48,  9.20s/it]
[1A 14%|█▎        | 10/74 [01:34<10:07,  9.49s/it]
[1A 14%|█▎        | 10/74 [01:34<10:06,  9.47s/it]
[1A 15%|█▍        | 11/74 [01:42<09:50,  9.37s/it]
[1A 15%|█▍        | 11/74 [01:41<09:42,  9.25s/it]
[1A 15%|█▍        | 11/74 [01:42<09:47,  9.32s/it]
[1A 15%|█▍        | 11/74 [01:42<09:47,  9.32s/it]
[1A 15%|█▍        | 11/74 [01:43<09:55,  9.45s/it]
[1A 15%|█▍        | 11/74 [01:42<09:52,  9.40s/it]
[1A 15%|█▍        | 11/74 [01:41<09:40,  9.21s/it]
[1A 16%|█▌        | 12/74 [01:50<09:33,  9.26s/it]
[1A 15%|█▍        | 11/74 [01:43<09:56,  9.47s/it]
[1A 16%|█▌        | 12/74 [01:50<09:34,  9.26s/it]
[1A 16%|█▌        | 12/74 [01:51<09:41,  9.38s/it]
[1A 15%|█▍        | 11/74 [01:43<09:56,  9.47s/it]
[1A 16%|█▌        | 12/74 [01:51<09:38,  9.33s/it]
[1A 16%|█▌        | 12/74 [01:51<09:38,  9.33s/it]
[1A 16%|█▌        | 12/74 [01:53<09:46,  9.45s/it]
[1A 16%|█▌        | 12/74 [01:52<09:43,  9.41s/it]
[1A 16%|█▌        | 12/74 [01:50<09:31,  9.22s/it]
[1A 18%|█▊        | 13/74 [02:00<09:25,  9.27s/it]
[1A 16%|█▌        | 12/74 [01:53<09:46,  9.46s/it]
[1A 18%|█▊        | 13/74 [02:00<09:25,  9.28s/it]
[1A 18%|█▊        | 13/74 [02:01<09:33,  9.40s/it]
[1A 16%|█▌        | 12/74 [01:53<09:46,  9.47s/it]
[1A 18%|█▊        | 13/74 [02:00<09:29,  9.34s/it]
[1A 18%|█▊        | 13/74 [02:01<09:30,  9.35s/it]
[1A 18%|█▊        | 13/74 [02:02<09:37,  9.47s/it]
[1A 18%|█▊        | 13/74 [02:01<09:34,  9.42s/it]
[1A 18%|█▊        | 13/74 [01:59<09:22,  9.22s/it]
[1A 19%|█▉        | 14/74 [02:09<09:16,  9.27s/it]
[1A 18%|█▊        | 13/74 [02:02<09:36,  9.45s/it]
[1A 19%|█▉        | 14/74 [02:09<09:17,  9.29s/it]
[1A 19%|█▉        | 14/74 [02:10<09:24,  9.42s/it]
[1A 18%|█▊        | 13/74 [02:02<09:36,  9.46s/it]
[1A 19%|█▉        | 14/74 [02:10<09:20,  9.35s/it]
[1A 19%|█▉        | 14/74 [02:10<09:21,  9.36s/it]
[1A 19%|█▉        | 14/74 [02:12<09:28,  9.47s/it]
[1A 19%|█▉        | 14/74 [02:11<09:25,  9.43s/it]
[1A 19%|█▉        | 14/74 [02:08<09:13,  9.23s/it]
[1A 20%|██        | 15/74 [02:18<09:07,  9.28s/it]
[1A 19%|█▉        | 14/74 [02:12<09:26,  9.44s/it]
[1A 20%|██        | 15/74 [02:18<09:08,  9.29s/it]
[1A 20%|██        | 15/74 [02:20<09:16,  9.43s/it]
[1A 19%|█▉        | 14/74 [02:11<09:27,  9.45s/it]
[1A 20%|██        | 15/74 [02:19<09:12,  9.36s/it]
[1A 20%|██        | 15/74 [02:19<09:12,  9.37s/it]
[1A 20%|██        | 15/74 [02:21<09:19,  9.48s/it]
[1A 20%|██        | 15/74 [02:20<09:17,  9.44s/it]
[1A 20%|██        | 15/74 [02:18<09:04,  9.24s/it]
[1A 22%|██▏       | 16/74 [02:27<08:58,  9.28s/it]
[1A 20%|██        | 15/74 [02:21<09:16,  9.44s/it]
[1A 22%|██▏       | 16/74 [02:28<08:59,  9.30s/it]
[1A 20%|██        | 15/74 [02:21<09:17,  9.45s/it]
[1A 22%|██▏       | 16/74 [02:29<09:07,  9.44s/it]
[1A 22%|██▏       | 16/74 [02:29<09:03,  9.37s/it]
[1A 22%|██▏       | 16/74 [02:29<09:03,  9.38s/it]
[1A 22%|██▏       | 16/74 [02:31<09:10,  9.49s/it]
[1A 22%|██▏       | 16/74 [02:30<09:08,  9.46s/it]
[1A 22%|██▏       | 16/74 [02:27<08:56,  9.24s/it]
[1A 23%|██▎       | 17/74 [02:37<08:49,  9.29s/it]
[1A 22%|██▏       | 16/74 [02:30<09:07,  9.44s/it]
[1A 23%|██▎       | 17/74 [02:37<08:50,  9.31s/it]
[1A 22%|██▏       | 16/74 [02:30<09:08,  9.45s/it]
[1A 23%|██▎       | 17/74 [02:39<08:59,  9.46s/it]
[1A 23%|██▎       | 17/74 [02:38<08:55,  9.39s/it]
[1A 23%|██▎       | 17/74 [02:38<08:55,  9.39s/it]
[1A 23%|██▎       | 17/74 [02:40<09:01,  9.49s/it]
[1A 23%|██▎       | 17/74 [02:39<08:59,  9.47s/it]
[1A 23%|██▎       | 17/74 [02:36<08:47,  9.25s/it]
[1A 24%|██▍       | 18/74 [02:46<08:40,  9.29s/it]
[1A 23%|██▎       | 17/74 [02:40<08:58,  9.45s/it]
[1A 24%|██▍       | 18/74 [02:46<08:41,  9.31s/it]
[1A 23%|██▎       | 17/74 [02:40<08:58,  9.45s/it]
[1A 24%|██▍       | 18/74 [02:48<08:50,  9.48s/it]
[1A 24%|██▍       | 18/74 [02:47<08:46,  9.40s/it]
[1A 24%|██▍       | 18/74 [02:48<08:46,  9.40s/it]
[1A 24%|██▍       | 18/74 [02:50<08:51,  9.50s/it]
[1A 24%|██▍       | 18/74 [02:45<08:38,  9.25s/it]
[1A 24%|██▍       | 18/74 [02:49<08:50,  9.48s/it]
[1A 26%|██▌       | 19/74 [02:55<08:31,  9.30s/it]
[1A 24%|██▍       | 18/74 [02:49<08:49,  9.45s/it]
[1A 26%|██▌       | 19/74 [02:56<08:32,  9.32s/it]
[1A 24%|██▍       | 18/74 [02:49<08:49,  9.45s/it]
[1A 26%|██▌       | 19/74 [02:58<08:41,  9.49s/it]
[1A 26%|██▌       | 19/74 [02:57<08:37,  9.41s/it]
[1A 26%|██▌       | 19/74 [02:57<08:37,  9.41s/it]
[1A 26%|██▌       | 19/74 [02:59<08:42,  9.50s/it]
[1A 26%|██▌       | 19/74 [02:55<08:29,  9.26s/it]
[1A 26%|██▌       | 19/74 [02:58<08:41,  9.49s/it]
[1A 27%|██▋       | 20/74 [03:05<08:22,  9.31s/it]
[1A                                               
{'loss': 1.975, 'grad_norm': 0.43027734756469727, 'learning_rate': 0.00017301790727058345, 'epoch': 0.53}
[1A
[1A 27%|██▋       | 20/74 [03:05<08:22,  9.31s/it]
[1A 26%|██▌       | 19/74 [02:59<08:40,  9.46s/it]
[1A 27%|██▋       | 20/74 [03:05<08:23,  9.32s/it]
[1A                                               
{'loss': 1.9977, 'grad_norm': 0.4402448832988739, 'learning_rate': 0.00017301790727058345, 'epoch': 0.53}
[1A
[1A 27%|██▋       | 20/74 [03:05<08:23,  9.32s/it]
[1A 26%|██▌       | 19/74 [02:59<08:40,  9.46s/it]
[1A 27%|██▋       | 20/74 [03:07<08:32,  9.49s/it]
[1A                                               
{'loss': 2.0165, 'grad_norm': 0.4403097629547119, 'learning_rate': 0.00017301790727058345, 'epoch': 0.53}
[1A
[1A 27%|██▋       | 20/74 [03:07<08:32,  9.49s/it]
[1A 27%|██▋       | 20/74 [03:06<08:28,  9.42s/it]
[1A                                               
{'loss': 2.0195, 'grad_norm': 0.4712674915790558, 'learning_rate': 0.00017301790727058345, 'epoch': 0.53}
[1A
[1A 27%|██▋       | 20/74 [03:06<08:28,  9.42s/it]
[1A 27%|██▋       | 20/74 [03:06<08:28,  9.41s/it]
[1A                                               
{'loss': 2.006, 'grad_norm': 0.44377627968788147, 'learning_rate': 0.00017301790727058345, 'epoch': 0.53}
[1A
[1A 27%|██▋       | 20/74 [03:06<08:28,  9.41s/it]
[1A 27%|██▋       | 20/74 [03:09<08:33,  9.50s/it]                                               
{'loss': 2.0236, 'grad_norm': 0.44562357664108276, 'learning_rate': 0.00017301790727058345, 'epoch': 0.53}
[1A
[1A 27%|██▋       | 20/74 [03:09<08:33,  9.50s/it]
[1A 27%|██▋       | 20/74 [03:04<08:20,  9.26s/it]                                               
{'loss': 1.9994, 'grad_norm': 0.47208982706069946, 'learning_rate': 0.00017301790727058345, 'epoch': 0.53}
[1A
[1A 27%|██▋       | 20/74 [03:04<08:20,  9.26s/it]
[1A 28%|██▊       | 21/74 [03:14<08:13,  9.32s/it]
[1A 27%|██▋       | 20/74 [03:08<08:31,  9.48s/it]
[1A                                               
{'loss': 1.9827, 'grad_norm': 0.4353821277618408, 'learning_rate': 0.00017301790727058345, 'epoch': 0.53}
[1A
[1A 27%|██▋       | 20/74 [03:08<08:31,  9.48s/it]
[1A 27%|██▋       | 20/74 [03:08<08:30,  9.46s/it]                                               
{'loss': 2.0002, 'grad_norm': 0.4468049705028534, 'learning_rate': 0.00017301790727058345, 'epoch': 0.53}
[1A
[1A 27%|██▋       | 20/74 [03:08<08:30,  9.46s/it]
[1A 28%|██▊       | 21/74 [03:14<08:13,  9.32s/it]
[1A 27%|██▋       | 20/74 [03:08<08:30,  9.46s/it]                                               
{'loss': 2.0004, 'grad_norm': 0.4468853175640106, 'learning_rate': 0.00017301790727058345, 'epoch': 0.53}
[1A
[1A 27%|██▋       | 20/74 [03:08<08:30,  9.46s/it]
[1A 28%|██▊       | 21/74 [03:17<08:23,  9.51s/it]
[1A 28%|██▊       | 21/74 [03:16<08:20,  9.44s/it]
[1A 28%|██▊       | 21/74 [03:16<08:19,  9.42s/it]
[1A 28%|██▊       | 21/74 [03:18<08:23,  9.51s/it]
[1A 28%|██▊       | 21/74 [03:13<08:10,  9.26s/it]
[1A 30%|██▉       | 22/74 [03:23<08:04,  9.32s/it]
[1A 28%|██▊       | 21/74 [03:17<08:21,  9.46s/it]
[1A 28%|██▊       | 21/74 [03:18<08:21,  9.46s/it]
[1A 30%|██▉       | 22/74 [03:24<08:04,  9.32s/it]
[1A 28%|██▊       | 21/74 [03:18<08:21,  9.46s/it]
[1A 30%|██▉       | 22/74 [03:26<08:14,  9.52s/it]
[1A 30%|██▉       | 22/74 [03:25<08:11,  9.45s/it]
[1A 30%|██▉       | 22/74 [03:25<08:09,  9.42s/it]
[1A 30%|██▉       | 22/74 [03:28<08:14,  9.50s/it]
[1A 30%|██▉       | 22/74 [03:22<08:01,  9.27s/it]
[1A 31%|███       | 23/74 [03:33<07:55,  9.33s/it]
[1A 30%|██▉       | 22/74 [03:27<08:11,  9.45s/it]
[1A 30%|██▉       | 22/74 [03:27<08:12,  9.46s/it]
[1A 31%|███       | 23/74 [03:33<07:55,  9.33s/it]
[1A 30%|██▉       | 22/74 [03:27<08:12,  9.47s/it]
[1A 31%|███       | 23/74 [03:36<08:05,  9.53s/it]
[1A 31%|███       | 23/74 [03:35<08:02,  9.46s/it]
[1A 31%|███       | 23/74 [03:35<08:00,  9.42s/it]
[1A 31%|███       | 23/74 [03:37<08:04,  9.50s/it]
[1A 31%|███       | 23/74 [03:32<07:52,  9.27s/it]
[1A 32%|███▏      | 24/74 [03:42<07:46,  9.33s/it]
[1A 31%|███       | 23/74 [03:36<08:00,  9.43s/it]
[1A 32%|███▏      | 24/74 [03:42<07:46,  9.33s/it]
[1A 31%|███       | 23/74 [03:37<08:02,  9.46s/it]
[1A 31%|███       | 23/74 [03:37<08:03,  9.47s/it]
[1A 32%|███▏      | 24/74 [03:45<07:57,  9.54s/it]
[1A 32%|███▏      | 24/74 [03:44<07:53,  9.47s/it]
[1A 32%|███▏      | 24/74 [03:44<07:50,  9.42s/it]
[1A 32%|███▏      | 24/74 [03:47<07:55,  9.50s/it]
[1A 32%|███▏      | 24/74 [03:41<07:43,  9.28s/it]
[1A 34%|███▍      | 25/74 [03:51<07:37,  9.34s/it]
[1A 32%|███▏      | 24/74 [03:45<07:51,  9.42s/it]
[1A 34%|███▍      | 25/74 [03:52<07:37,  9.33s/it]
[1A 32%|███▏      | 24/74 [03:46<07:52,  9.45s/it]
[1A 32%|███▏      | 24/74 [03:46<07:53,  9.47s/it]
[1A 34%|███▍      | 25/74 [03:55<07:48,  9.55s/it]
[1A 34%|███▍      | 25/74 [03:54<07:44,  9.48s/it]
[1A 34%|███▍      | 25/74 [03:54<07:42,  9.43s/it]
[1A 34%|███▍      | 25/74 [03:56<07:45,  9.50s/it]
[1A 34%|███▍      | 25/74 [03:50<07:34,  9.28s/it]
[1A 35%|███▌      | 26/74 [04:01<07:28,  9.34s/it]
[1A 34%|███▍      | 25/74 [03:55<07:41,  9.42s/it]
[1A 35%|███▌      | 26/74 [04:01<07:28,  9.34s/it]
[1A 34%|███▍      | 25/74 [03:56<07:43,  9.45s/it]
[1A 34%|███▍      | 25/74 [03:56<07:43,  9.46s/it]
[1A 35%|███▌      | 26/74 [04:05<07:38,  9.56s/it]
[1A 35%|███▌      | 26/74 [04:03<07:35,  9.49s/it]
[1A 35%|███▌      | 26/74 [04:03<07:33,  9.44s/it]
[1A 35%|███▌      | 26/74 [04:06<07:35,  9.49s/it]
[1A 35%|███▌      | 26/74 [04:00<07:25,  9.28s/it]
[1A 36%|███▋      | 27/74 [04:10<07:19,  9.35s/it]
[1A 35%|███▌      | 26/74 [04:04<07:31,  9.41s/it]
[1A 36%|███▋      | 27/74 [04:10<07:19,  9.34s/it]
[1A 35%|███▌      | 26/74 [04:05<07:33,  9.45s/it]
[1A 35%|███▌      | 26/74 [04:05<07:34,  9.46s/it]
[1A 36%|███▋      | 27/74 [04:13<07:25,  9.48s/it]
[1A 36%|███▋      | 27/74 [04:14<07:29,  9.56s/it]
[1A 36%|███▋      | 27/74 [04:12<07:23,  9.44s/it]
[1A 36%|███▋      | 27/74 [04:15<07:25,  9.48s/it]
[1A 36%|███▋      | 27/74 [04:09<07:16,  9.29s/it]
[1A 38%|███▊      | 28/74 [04:19<07:10,  9.35s/it]
[1A 36%|███▋      | 27/74 [04:14<07:22,  9.41s/it]
[1A 38%|███▊      | 28/74 [04:20<07:10,  9.35s/it]
[1A 36%|███▋      | 27/74 [04:14<07:23,  9.45s/it]
[1A 36%|███▋      | 27/74 [04:14<07:24,  9.46s/it]
[1A 38%|███▊      | 28/74 [04:22<07:15,  9.48s/it]
[1A 38%|███▊      | 28/74 [04:24<07:19,  9.56s/it]
[1A 38%|███▊      | 28/74 [04:22<07:14,  9.45s/it]
[1A 38%|███▊      | 28/74 [04:25<07:15,  9.48s/it]
[1A 38%|███▊      | 28/74 [04:18<07:07,  9.29s/it]
[1A 39%|███▉      | 29/74 [04:29<07:00,  9.35s/it]
[1A 38%|███▊      | 28/74 [04:23<07:13,  9.42s/it]
[1A 39%|███▉      | 29/74 [04:29<07:01,  9.36s/it]
[1A 38%|███▊      | 28/74 [04:24<07:14,  9.45s/it]
[1A 38%|███▊      | 28/74 [04:24<07:15,  9.46s/it]
[1A 39%|███▉      | 29/74 [04:32<07:05,  9.46s/it]
[1A 39%|███▉      | 29/74 [04:31<07:05,  9.45s/it]
[1A 39%|███▉      | 29/74 [04:33<07:09,  9.55s/it]
[1A 39%|███▉      | 29/74 [04:34<07:06,  9.47s/it]
[1A 39%|███▉      | 29/74 [04:28<06:58,  9.29s/it]
[1A 41%|████      | 30/74 [04:38<06:51,  9.36s/it]
[1A 39%|███▉      | 29/74 [04:32<07:04,  9.43s/it]
[1A 41%|████      | 30/74 [04:38<06:51,  9.36s/it]
[1A 39%|███▉      | 29/74 [04:33<07:05,  9.45s/it]
[1A 39%|███▉      | 29/74 [04:33<07:05,  9.46s/it]
[1A 41%|████      | 30/74 [04:41<06:55,  9.44s/it]
[1A 41%|████      | 30/74 [04:41<06:55,  9.45s/it]
[1A 41%|████      | 30/74 [04:43<07:00,  9.55s/it]
[1A 41%|████      | 30/74 [04:37<06:48,  9.29s/it]
[1A 41%|████      | 30/74 [04:44<06:56,  9.47s/it]
[1A 42%|████▏     | 31/74 [04:48<06:42,  9.36s/it]
[1A 41%|████      | 30/74 [04:42<06:55,  9.44s/it]
[1A 42%|████▏     | 31/74 [04:48<06:42,  9.37s/it]
[1A 41%|████      | 30/74 [04:43<06:55,  9.45s/it]
[1A 41%|████      | 30/74 [04:43<06:56,  9.46s/it]
[1A 42%|████▏     | 31/74 [04:50<06:45,  9.43s/it]
[1A 42%|████▏     | 31/74 [04:50<06:46,  9.46s/it]
[1A 42%|████▏     | 31/74 [04:52<06:50,  9.55s/it]
[1A 42%|████▏     | 31/74 [04:46<06:39,  9.29s/it]
[1A 42%|████▏     | 31/74 [04:53<06:47,  9.47s/it]
[1A 43%|████▎     | 32/74 [04:57<06:33,  9.37s/it]
[1A 42%|████▏     | 31/74 [04:51<06:46,  9.45s/it]
[1A 43%|████▎     | 32/74 [04:57<06:33,  9.37s/it]
[1A 42%|████▏     | 31/74 [04:52<06:46,  9.45s/it]
[1A 42%|████▏     | 31/74 [04:52<06:46,  9.46s/it]
[1A 43%|████▎     | 32/74 [05:00<06:35,  9.41s/it]
[1A 43%|████▎     | 32/74 [05:00<06:37,  9.46s/it]
[1A 43%|████▎     | 32/74 [05:02<06:41,  9.55s/it]
[1A 43%|████▎     | 32/74 [04:55<06:30,  9.29s/it]
[1A 43%|████▎     | 32/74 [05:03<06:37,  9.47s/it]
[1A 45%|████▍     | 33/74 [05:06<06:24,  9.37s/it]
[1A 43%|████▎     | 32/74 [05:01<06:37,  9.47s/it]
[1A 45%|████▍     | 33/74 [05:07<06:24,  9.38s/it]
[1A 43%|████▎     | 32/74 [05:02<06:36,  9.45s/it]
[1A 43%|████▎     | 32/74 [05:02<06:37,  9.46s/it]
[1A 45%|████▍     | 33/74 [05:09<06:25,  9.40s/it]
[1A 45%|████▍     | 33/74 [05:09<06:27,  9.45s/it]
[1A 45%|████▍     | 33/74 [05:12<06:32,  9.56s/it]
[1A 45%|████▍     | 33/74 [05:05<06:21,  9.29s/it]
[1A 45%|████▍     | 33/74 [05:12<06:28,  9.48s/it]
[1A 46%|████▌     | 34/74 [05:16<06:14,  9.37s/it]
[1A 45%|████▍     | 33/74 [05:10<06:28,  9.48s/it]
[1A 46%|████▌     | 34/74 [05:16<06:16,  9.41s/it]
[1A 45%|████▍     | 33/74 [05:11<06:27,  9.44s/it]
[1A 45%|████▍     | 33/74 [05:11<06:27,  9.45s/it]
[1A 46%|████▌     | 34/74 [05:18<06:15,  9.39s/it]
[1A 46%|████▌     | 34/74 [05:19<06:18,  9.45s/it]
[1A 46%|████▌     | 34/74 [05:21<06:22,  9.56s/it]
[1A 46%|████▌     | 34/74 [05:14<06:11,  9.30s/it]
[1A 46%|████▌     | 34/74 [05:22<06:19,  9.49s/it]
[1A 47%|████▋     | 35/74 [05:25<06:05,  9.38s/it]
[1A 46%|████▌     | 34/74 [05:20<06:20,  9.50s/it]
[1A 47%|████▋     | 35/74 [05:25<06:07,  9.41s/it]
[1A 46%|████▌     | 34/74 [05:21<06:17,  9.44s/it]
[1A 46%|████▌     | 34/74 [05:21<06:18,  9.45s/it]
[1A 47%|████▋     | 35/74 [05:28<06:06,  9.39s/it]
[1A 47%|████▋     | 35/74 [05:28<06:08,  9.45s/it]
[1A 47%|████▋     | 35/74 [05:31<06:13,  9.57s/it]
[1A 47%|████▋     | 35/74 [05:23<06:02,  9.30s/it]
[1A 47%|████▋     | 35/74 [05:31<06:10,  9.49s/it]
[1A 49%|████▊     | 36/74 [05:34<05:56,  9.38s/it]
[1A 47%|████▋     | 35/74 [05:29<06:10,  9.50s/it]
[1A 49%|████▊     | 36/74 [05:35<05:57,  9.41s/it]
[1A 47%|████▋     | 35/74 [05:30<06:08,  9.45s/it]
[1A 47%|████▋     | 35/74 [05:30<06:08,  9.45s/it]
[1A 49%|████▊     | 36/74 [05:37<05:56,  9.39s/it]
[1A 49%|████▊     | 36/74 [05:38<05:59,  9.45s/it]
[1A 49%|████▊     | 36/74 [05:40<06:03,  9.57s/it]
[1A 49%|████▊     | 36/74 [05:33<05:53,  9.30s/it]
[1A 49%|████▊     | 36/74 [05:41<06:00,  9.49s/it]
[1A 50%|█████     | 37/74 [05:44<05:47,  9.38s/it]
[1A 49%|████▊     | 36/74 [05:39<06:00,  9.48s/it]
[1A 50%|█████     | 37/74 [05:44<05:48,  9.42s/it]
[1A 49%|████▊     | 36/74 [05:39<05:59,  9.45s/it]
[1A 51%|█████▏    | 38/74 [05:49<04:47,  7.98s/it]
[1A 49%|████▊     | 36/74 [05:40<05:59,  9.45s/it]
[1A 50%|█████     | 37/74 [05:47<05:47,  9.40s/it]
[1A 50%|█████     | 37/74 [05:47<05:49,  9.46s/it]
[1A 50%|█████     | 37/74 [05:42<05:43,  9.30s/it]
[1A 50%|█████     | 37/74 [05:50<05:54,  9.57s/it]
[1A 51%|█████▏    | 38/74 [05:49<04:48,  8.01s/it]
[1A 50%|█████     | 37/74 [05:50<05:50,  9.48s/it]
[1A 50%|█████     | 37/74 [05:48<05:50,  9.48s/it]
[1A 51%|█████▏    | 38/74 [05:51<04:47,  7.99s/it]
[1A 51%|█████▏    | 38/74 [05:52<04:49,  8.05s/it]
[1A 51%|█████▏    | 38/74 [05:47<04:44,  7.91s/it]
[1A 51%|█████▏    | 38/74 [05:55<04:53,  8.14s/it]
[1A 50%|█████     | 37/74 [05:49<05:49,  9.45s/it]
[1A 51%|█████▏    | 38/74 [05:55<04:50,  8.06s/it]
[1A 53%|█████▎    | 39/74 [05:58<04:54,  8.41s/it]
[1A 50%|█████     | 37/74 [05:49<05:49,  9.45s/it]
[1A 51%|█████▏    | 38/74 [05:53<04:49,  8.05s/it]
[1A 53%|█████▎    | 39/74 [05:58<04:55,  8.43s/it]
[1A 51%|█████▏    | 38/74 [05:54<04:49,  8.04s/it]
[1A 51%|█████▏    | 38/74 [05:54<04:49,  8.04s/it]
[1A 53%|█████▎    | 39/74 [06:01<04:54,  8.43s/it]
[1A 53%|█████▎    | 39/74 [06:01<04:56,  8.48s/it]
[1A 53%|█████▎    | 39/74 [05:56<04:51,  8.33s/it]
[1A 53%|█████▎    | 39/74 [06:04<05:00,  8.57s/it]
[1A 53%|█████▎    | 39/74 [06:04<04:56,  8.47s/it]
[1A 54%|█████▍    | 40/74 [06:07<04:55,  8.70s/it]
[1A                                               
{'loss': 1.5445, 'grad_norm': 0.46201616525650024, 'learning_rate': 9.336770435648964e-05, 'epoch': 1.05}
[1A
[1A 54%|█████▍    | 40/74 [06:07<04:55,  8.70s/it]
[1A 53%|█████▎    | 39/74 [06:03<04:56,  8.47s/it]
[1A 54%|█████▍    | 40/74 [06:08<04:56,  8.73s/it]
[1A                                               
{'loss': 1.5475, 'grad_norm': 0.45773157477378845, 'learning_rate': 9.336770435648964e-05, 'epoch': 1.05}
[1A
[1A 54%|█████▍    | 40/74 [06:08<04:56,  8.73s/it]
[1A 53%|█████▎    | 39/74 [06:03<04:56,  8.46s/it]
[1A 53%|█████▎    | 39/74 [06:03<04:56,  8.47s/it]
[1A 54%|█████▍    | 40/74 [06:10<04:57,  8.74s/it]
[1A                                               
{'loss': 1.6137, 'grad_norm': 0.5068157911300659, 'learning_rate': 9.336770435648964e-05, 'epoch': 1.05}
[1A
[1A 54%|█████▍    | 40/74 [06:10<04:57,  8.74s/it]
[1A 54%|█████▍    | 40/74 [06:11<04:58,  8.79s/it]
[1A                                               
{'loss': 1.5513, 'grad_norm': 0.4493190050125122, 'learning_rate': 9.336770435648964e-05, 'epoch': 1.05}
[1A
[1A 54%|█████▍    | 40/74 [06:11<04:58,  8.79s/it]
[1A 54%|█████▍    | 40/74 [06:05<04:53,  8.62s/it]                                               
{'loss': 1.5656, 'grad_norm': 0.4761708974838257, 'learning_rate': 9.336770435648964e-05, 'epoch': 1.05}
[1A
[1A 54%|█████▍    | 40/74 [06:05<04:53,  8.62s/it]
[1A 54%|█████▍    | 40/74 [06:14<05:01,  8.88s/it]
[1A                                               
{'loss': 1.5595, 'grad_norm': 0.44872546195983887, 'learning_rate': 9.336770435648964e-05, 'epoch': 1.05}
[1A
[1A 54%|█████▍    | 40/74 [06:14<05:01,  8.88s/it]
[1A 54%|█████▍    | 40/74 [06:14<04:57,  8.75s/it]                                               
{'loss': 1.5666, 'grad_norm': 0.47541213035583496, 'learning_rate': 9.336770435648964e-05, 'epoch': 1.05}
[1A
[1A 54%|█████▍    | 40/74 [06:14<04:57,  8.75s/it]
[1A 55%|█████▌    | 41/74 [06:17<04:53,  8.91s/it]
{'loss': 1.5607, 'grad_norm': 0.4700881540775299, 'learning_rate': 9.336770435648964e-05, 'epoch': 1.05}
[1A 54%|█████▍    | 40/74 [06:12<04:57,  8.76s/it]                                               
[1A
[1A 54%|█████▍    | 40/74 [06:12<04:57,  8.76s/it]
[1A 55%|█████▌    | 41/74 [06:17<04:54,  8.93s/it]
[1A 54%|█████▍    | 40/74 [06:13<04:57,  8.76s/it]                                               
{'loss': 1.5607, 'grad_norm': 0.4532665014266968, 'learning_rate': 9.336770435648964e-05, 'epoch': 1.05}
[1A
[1A 54%|█████▍    | 40/74 [06:13<04:57,  8.76s/it]
[1A 54%|█████▍    | 40/74 [06:13<04:57,  8.76s/it]                                               
{'loss': 1.5651, 'grad_norm': 0.4506252110004425, 'learning_rate': 9.336770435648964e-05, 'epoch': 1.05}
[1A
[1A 54%|█████▍    | 40/74 [06:13<04:57,  8.76s/it]
[1A 55%|█████▌    | 41/74 [06:20<04:55,  8.96s/it]
[1A 55%|█████▌    | 41/74 [06:14<04:51,  8.83s/it]
[1A 55%|█████▌    | 41/74 [06:20<04:57,  9.00s/it]
[1A 55%|█████▌    | 41/74 [06:23<04:59,  9.09s/it]
[1A 55%|█████▌    | 41/74 [06:23<04:55,  8.95s/it]
[1A 57%|█████▋    | 42/74 [06:26<04:49,  9.06s/it]
[1A 55%|█████▌    | 41/74 [06:21<04:55,  8.97s/it]
[1A 57%|█████▋    | 42/74 [06:27<04:50,  9.08s/it]
[1A 55%|█████▌    | 41/74 [06:22<04:55,  8.96s/it]
[1A 55%|█████▌    | 41/74 [06:22<04:56,  8.97s/it]
[1A 57%|█████▋    | 42/74 [06:29<04:51,  9.12s/it]
[1A 57%|█████▋    | 42/74 [06:24<04:47,  8.97s/it]
[1A 57%|█████▋    | 42/74 [06:30<04:52,  9.15s/it]
[1A 57%|█████▋    | 42/74 [06:33<04:55,  9.23s/it]
[1A 57%|█████▋    | 42/74 [06:32<04:50,  9.08s/it]
[1A 58%|█████▊    | 43/74 [06:36<04:44,  9.17s/it]
[1A 57%|█████▋    | 42/74 [06:31<04:51,  9.11s/it]
[1A 58%|█████▊    | 43/74 [06:36<04:44,  9.18s/it]
[1A 57%|█████▋    | 42/74 [06:31<04:51,  9.11s/it]
[1A 57%|█████▋    | 42/74 [06:32<04:51,  9.11s/it]
[1A 58%|█████▊    | 43/74 [06:39<04:46,  9.24s/it]
[1A 58%|█████▊    | 43/74 [06:33<04:41,  9.07s/it]
[1A 58%|█████▊    | 43/74 [06:39<04:46,  9.25s/it]
[1A 58%|█████▊    | 43/74 [06:43<04:49,  9.34s/it]
[1A 58%|█████▊    | 43/74 [06:42<04:44,  9.18s/it]
[1A 59%|█████▉    | 44/74 [06:45<04:37,  9.24s/it]
[1A 58%|█████▊    | 43/74 [06:40<04:46,  9.23s/it]
[1A 59%|█████▉    | 44/74 [06:46<04:37,  9.25s/it]
[1A 58%|█████▊    | 43/74 [06:41<04:45,  9.21s/it]
[1A 58%|█████▊    | 43/74 [06:41<04:45,  9.22s/it]
[1A 59%|█████▉    | 44/74 [06:48<04:39,  9.31s/it]
[1A 59%|█████▉    | 44/74 [06:42<04:34,  9.14s/it]
[1A 59%|█████▉    | 44/74 [06:49<04:39,  9.31s/it]
[1A 59%|█████▉    | 44/74 [06:52<04:42,  9.41s/it]
[1A 59%|█████▉    | 44/74 [06:51<04:37,  9.25s/it]
[1A 61%|██████    | 45/74 [06:54<04:29,  9.29s/it]
[1A 59%|█████▉    | 44/74 [06:50<04:39,  9.31s/it]
[1A 61%|██████    | 45/74 [06:55<04:29,  9.30s/it]
[1A 59%|█████▉    | 44/74 [06:50<04:38,  9.29s/it]
[1A 59%|█████▉    | 44/74 [06:50<04:38,  9.29s/it]
[1A 61%|██████    | 45/74 [06:58<04:31,  9.36s/it]
[1A 61%|██████    | 45/74 [06:52<04:26,  9.19s/it]
[1A 61%|██████    | 45/74 [06:58<04:31,  9.36s/it]
[1A 61%|██████    | 45/74 [07:01<04:29,  9.29s/it]
[1A 61%|██████    | 45/74 [07:02<04:34,  9.47s/it]
[1A 62%|██████▏   | 46/74 [07:04<04:20,  9.32s/it]
[1A 61%|██████    | 45/74 [06:59<04:31,  9.37s/it]
[1A 62%|██████▏   | 46/74 [07:04<04:21,  9.35s/it]
[1A 61%|██████    | 45/74 [07:00<04:30,  9.34s/it]
[1A 61%|██████    | 45/74 [07:00<04:30,  9.34s/it]
[1A 62%|██████▏   | 46/74 [07:01<04:18,  9.23s/it]
[1A 62%|██████▏   | 46/74 [07:07<04:23,  9.40s/it]
[1A 62%|██████▏   | 46/74 [07:08<04:23,  9.40s/it]
[1A 62%|██████▏   | 46/74 [07:10<04:21,  9.33s/it]
[1A 62%|██████▏   | 46/74 [07:11<04:25,  9.50s/it]
[1A 64%|██████▎   | 47/74 [07:13<04:12,  9.34s/it]
[1A 62%|██████▏   | 46/74 [07:09<04:23,  9.41s/it]
[1A 64%|██████▎   | 47/74 [07:14<04:13,  9.37s/it]
[1A 62%|██████▏   | 46/74 [07:09<04:22,  9.37s/it]
[1A 62%|██████▏   | 46/74 [07:09<04:22,  9.37s/it]
[1A 64%|██████▎   | 47/74 [07:10<04:09,  9.25s/it]
[1A 64%|██████▎   | 47/74 [07:17<04:14,  9.43s/it]
[1A 64%|██████▎   | 47/74 [07:17<04:14,  9.42s/it]
[1A 64%|██████▎   | 47/74 [07:19<04:12,  9.37s/it]
[1A 65%|██████▍   | 48/74 [07:23<04:03,  9.36s/it]
[1A 64%|██████▎   | 47/74 [07:21<04:17,  9.52s/it]
[1A 64%|██████▎   | 47/74 [07:18<04:14,  9.44s/it]
[1A 65%|██████▍   | 48/74 [07:23<04:04,  9.40s/it]
[1A 64%|██████▎   | 47/74 [07:19<04:13,  9.40s/it]
[1A 64%|██████▎   | 47/74 [07:19<04:13,  9.40s/it]
[1A 65%|██████▍   | 48/74 [07:20<04:00,  9.26s/it]
[1A 65%|██████▍   | 48/74 [07:26<04:05,  9.45s/it]
[1A 65%|██████▍   | 48/74 [07:27<04:05,  9.43s/it]
[1A 65%|██████▍   | 48/74 [07:29<04:04,  9.39s/it]
[1A 66%|██████▌   | 49/74 [07:32<03:54,  9.37s/it]
[1A 65%|██████▍   | 48/74 [07:30<04:07,  9.53s/it]
[1A 65%|██████▍   | 48/74 [07:28<04:05,  9.46s/it]
[1A 66%|██████▌   | 49/74 [07:33<03:55,  9.40s/it]
[1A 65%|██████▍   | 48/74 [07:28<04:04,  9.41s/it]
[1A 65%|██████▍   | 48/74 [07:28<04:04,  9.41s/it]
[1A 66%|██████▌   | 49/74 [07:29<03:51,  9.27s/it]
[1A 66%|██████▌   | 49/74 [07:36<03:56,  9.45s/it]
[1A 66%|██████▌   | 49/74 [07:36<03:56,  9.44s/it]
[1A 66%|██████▌   | 49/74 [07:38<03:55,  9.42s/it]
[1A 68%|██████▊   | 50/74 [07:41<03:45,  9.38s/it]
[1A 66%|██████▌   | 49/74 [07:40<03:58,  9.54s/it]
[1A 66%|██████▌   | 49/74 [07:37<03:56,  9.47s/it]
[1A 68%|██████▊   | 50/74 [07:42<03:45,  9.39s/it]
[1A 66%|██████▌   | 49/74 [07:38<03:55,  9.42s/it]
[1A 68%|██████▊   | 50/74 [07:38<03:42,  9.28s/it]
[1A 66%|██████▌   | 49/74 [07:38<03:55,  9.43s/it]
[1A 68%|██████▊   | 50/74 [07:45<03:46,  9.43s/it]
[1A 68%|██████▊   | 50/74 [07:46<03:46,  9.45s/it]
[1A 68%|██████▊   | 50/74 [07:48<03:46,  9.43s/it]
[1A 69%|██████▉   | 51/74 [07:51<03:35,  9.39s/it]
[1A 68%|██████▊   | 50/74 [07:50<03:48,  9.54s/it]
[1A 68%|██████▊   | 50/74 [07:47<03:47,  9.48s/it]
[1A 69%|██████▉   | 51/74 [07:51<03:35,  9.37s/it]
[1A 68%|██████▊   | 50/74 [07:47<03:46,  9.43s/it]
[1A 69%|██████▉   | 51/74 [07:48<03:33,  9.29s/it]
[1A 68%|██████▊   | 50/74 [07:47<03:46,  9.44s/it]
[1A 69%|██████▉   | 51/74 [07:54<03:36,  9.42s/it]
[1A 69%|██████▉   | 51/74 [07:55<03:37,  9.46s/it]
[1A 70%|███████   | 52/74 [08:00<03:26,  9.39s/it]
[1A 69%|██████▉   | 51/74 [07:57<03:37,  9.45s/it]
[1A 69%|██████▉   | 51/74 [07:59<03:39,  9.54s/it]
[1A 69%|██████▉   | 51/74 [07:56<03:38,  9.49s/it]
[1A 70%|███████   | 52/74 [08:01<03:25,  9.36s/it]
[1A 69%|██████▉   | 51/74 [07:57<03:37,  9.43s/it]
[1A 70%|███████   | 52/74 [07:57<03:24,  9.29s/it]
[1A 69%|██████▉   | 51/74 [07:57<03:37,  9.45s/it]
[1A 70%|███████   | 52/74 [08:04<03:27,  9.41s/it]
[1A 70%|███████   | 52/74 [08:04<03:28,  9.46s/it]
[1A 72%|███████▏  | 53/74 [08:10<03:17,  9.40s/it]
[1A 70%|███████   | 52/74 [08:07<03:28,  9.47s/it]
[1A 70%|███████   | 52/74 [08:09<03:30,  9.55s/it]
[1A 70%|███████   | 52/74 [08:06<03:28,  9.50s/it]
[1A 72%|███████▏  | 53/74 [08:10<03:16,  9.34s/it]
[1A 70%|███████   | 52/74 [08:06<03:27,  9.44s/it]
[1A 72%|███████▏  | 53/74 [08:06<03:15,  9.30s/it]
[1A 70%|███████   | 52/74 [08:06<03:27,  9.45s/it]
[1A 72%|███████▏  | 53/74 [08:13<03:17,  9.40s/it]
[1A 72%|███████▏  | 53/74 [08:14<03:18,  9.47s/it]
[1A 73%|███████▎  | 54/74 [08:19<03:08,  9.40s/it]
[1A 72%|███████▏  | 53/74 [08:16<03:19,  9.48s/it]
[1A 72%|███████▏  | 53/74 [08:18<03:20,  9.55s/it]
[1A 72%|███████▏  | 53/74 [08:15<03:19,  9.50s/it]
[1A 73%|███████▎  | 54/74 [08:19<03:06,  9.33s/it]
[1A 72%|███████▏  | 53/74 [08:15<03:18,  9.44s/it]
[1A 73%|███████▎  | 54/74 [08:15<03:06,  9.30s/it]
[1A 72%|███████▏  | 53/74 [08:16<03:18,  9.45s/it]
[1A 73%|███████▎  | 54/74 [08:23<03:07,  9.39s/it]
[1A 73%|███████▎  | 54/74 [08:23<03:09,  9.48s/it]
[1A 74%|███████▍  | 55/74 [08:28<02:58,  9.41s/it]
[1A 73%|███████▎  | 54/74 [08:26<03:09,  9.48s/it]
[1A 73%|███████▎  | 54/74 [08:28<03:11,  9.56s/it]
[1A 73%|███████▎  | 54/74 [08:25<03:10,  9.51s/it]
[1A 74%|███████▍  | 55/74 [08:29<02:57,  9.32s/it]
[1A 73%|███████▎  | 54/74 [08:25<03:08,  9.44s/it]
[1A 74%|███████▍  | 55/74 [08:25<02:56,  9.30s/it]
[1A 73%|███████▎  | 54/74 [08:25<03:09,  9.45s/it]
[1A 74%|███████▍  | 55/74 [08:32<02:58,  9.39s/it]
[1A 74%|███████▍  | 55/74 [08:33<03:00,  9.49s/it]
[1A 76%|███████▌  | 56/74 [08:38<02:49,  9.41s/it]
[1A 74%|███████▍  | 55/74 [08:35<03:00,  9.49s/it]
[1A 74%|███████▍  | 55/74 [08:37<03:01,  9.56s/it]
[1A 76%|███████▌  | 56/74 [08:38<02:47,  9.31s/it]
[1A 74%|███████▍  | 55/74 [08:35<03:00,  9.51s/it]
[1A 74%|███████▍  | 55/74 [08:34<02:59,  9.44s/it]
[1A 76%|███████▌  | 56/74 [08:34<02:47,  9.30s/it]
[1A 74%|███████▍  | 55/74 [08:34<02:59,  9.45s/it]
[1A 76%|███████▌  | 56/74 [08:41<02:48,  9.39s/it]
[1A 76%|███████▌  | 56/74 [08:42<02:50,  9.49s/it]
[1A 77%|███████▋  | 57/74 [08:47<02:39,  9.41s/it]
[1A 76%|███████▌  | 56/74 [08:45<02:50,  9.50s/it]
[1A 76%|███████▌  | 56/74 [08:47<02:52,  9.56s/it]
[1A 76%|███████▌  | 56/74 [08:44<02:51,  9.51s/it]
[1A 77%|███████▋  | 57/74 [08:47<02:38,  9.32s/it]
[1A 76%|███████▌  | 56/74 [08:44<02:49,  9.44s/it]
[1A 77%|███████▋  | 57/74 [08:43<02:38,  9.31s/it]
[1A 76%|███████▌  | 56/74 [08:44<02:50,  9.45s/it]
[1A 77%|███████▋  | 57/74 [08:51<02:39,  9.39s/it]
[1A 77%|███████▋  | 57/74 [08:52<02:41,  9.48s/it]
[1A 78%|███████▊  | 58/74 [08:57<02:30,  9.41s/it]
[1A 77%|███████▋  | 57/74 [08:54<02:41,  9.50s/it]
[1A 77%|███████▋  | 57/74 [08:56<02:42,  9.56s/it]
[1A 78%|███████▊  | 58/74 [08:57<02:29,  9.32s/it]
[1A 77%|███████▋  | 57/74 [08:54<02:41,  9.51s/it]
[1A 77%|███████▋  | 57/74 [08:53<02:40,  9.45s/it]
[1A 78%|███████▊  | 58/74 [08:53<02:28,  9.31s/it]
[1A 77%|███████▋  | 57/74 [08:53<02:40,  9.45s/it]
[1A 78%|███████▊  | 58/74 [09:00<02:30,  9.40s/it]
[1A 78%|███████▊  | 58/74 [09:01<02:31,  9.47s/it]
[1A 80%|███████▉  | 59/74 [09:06<02:21,  9.41s/it]
[1A 78%|███████▊  | 58/74 [09:04<02:32,  9.50s/it]
[1A 78%|███████▊  | 58/74 [09:06<02:33,  9.56s/it]
[1A 80%|███████▉  | 59/74 [09:06<02:19,  9.32s/it]
[1A 78%|███████▊  | 58/74 [09:03<02:32,  9.51s/it]
[1A 78%|███████▊  | 58/74 [09:03<02:31,  9.45s/it]
[1A 80%|███████▉  | 59/74 [09:02<02:19,  9.31s/it]
[1A 78%|███████▊  | 58/74 [09:03<02:31,  9.45s/it]
[1A 80%|███████▉  | 59/74 [09:10<02:21,  9.41s/it]
[1A 80%|███████▉  | 59/74 [09:11<02:22,  9.47s/it]
[1A 81%|████████  | 60/74 [09:16<02:11,  9.42s/it]
[1A                                               
{'loss': 1.3582, 'grad_norm': 0.46375522017478943, 'learning_rate': 1.858131132964259e-05, 'epoch': 1.59}
[1A
[1A 81%|████████  | 60/74 [09:16<02:11,  9.42s/it]
[1A 80%|███████▉  | 59/74 [09:13<02:22,  9.50s/it]
[1A 80%|███████▉  | 59/74 [09:16<02:23,  9.57s/it]
[1A 81%|████████  | 60/74 [09:15<02:10,  9.32s/it]                                               
[1A
{'loss': 1.3599, 'grad_norm': 0.46924683451652527, 'learning_rate': 1.858131132964259e-05, 'epoch': 1.59}
[1A 81%|████████  | 60/74 [09:15<02:10,  9.32s/it]
[1A 80%|███████▉  | 59/74 [09:13<02:22,  9.51s/it]
[1A 80%|███████▉  | 59/74 [09:12<02:21,  9.45s/it]
[1A 81%|████████  | 60/74 [09:11<02:10,  9.31s/it]
[1A                                               
{'loss': 1.3773, 'grad_norm': 0.47784310579299927, 'learning_rate': 1.858131132964259e-05, 'epoch': 1.59}
[1A
[1A 81%|████████  | 60/74 [09:11<02:10,  9.31s/it]
[1A 80%|███████▉  | 59/74 [09:12<02:21,  9.45s/it]
[1A 81%|████████  | 60/74 [09:19<02:11,  9.43s/it]
[1A                                               
[1A
{'loss': 1.4123, 'grad_norm': 0.49624237418174744, 'learning_rate': 1.858131132964259e-05, 'epoch': 1.59}
[1A 81%|████████  | 60/74 [09:19<02:11,  9.43s/it]
[1A 81%|████████  | 60/74 [09:20<02:12,  9.48s/it]
[1A                                               
{'loss': 1.3665, 'grad_norm': 0.47606950998306274, 'learning_rate': 1.858131132964259e-05, 'epoch': 1.59}
[1A
[1A 81%|████████  | 60/74 [09:20<02:12,  9.48s/it]
[1A 82%|████████▏ | 61/74 [09:25<02:02,  9.42s/it]
[1A 81%|████████  | 60/74 [09:23<02:12,  9.49s/it]
[1A                                               
{'loss': 1.3784, 'grad_norm': 0.47696930170059204, 'learning_rate': 1.858131132964259e-05, 'epoch': 1.59}
[1A
[1A 81%|████████  | 60/74 [09:23<02:12,  9.49s/it]
[1A 81%|████████  | 60/74 [09:25<02:13,  9.57s/it]
[1A                                               
{'loss': 1.371, 'grad_norm': 0.4617857336997986, 'learning_rate': 1.858131132964259e-05, 'epoch': 1.59}
[1A
[1A 81%|████████  | 60/74 [09:25<02:13,  9.57s/it]
[1A 82%|████████▏ | 61/74 [09:25<02:01,  9.33s/it]
[1A 81%|████████  | 60/74 [09:22<02:13,  9.51s/it]
[1A                                               
{'loss': 1.3687, 'grad_norm': 0.4673905372619629, 'learning_rate': 1.858131132964259e-05, 'epoch': 1.59}
[1A
[1A 81%|████████  | 60/74 [09:22<02:13,  9.51s/it]
[1A 81%|████████  | 60/74 [09:22<02:12,  9.45s/it]                                               
{'loss': 1.3719, 'grad_norm': 0.4767356514930725, 'learning_rate': 1.858131132964259e-05, 'epoch': 1.59}
[1A
[1A 81%|████████  | 60/74 [09:22<02:12,  9.45s/it]
[1A 82%|████████▏ | 61/74 [09:21<02:01,  9.31s/it]
[1A 81%|████████  | 60/74 [09:22<02:12,  9.45s/it]                                               
{'loss': 1.3766, 'grad_norm': 0.47358009219169617, 'learning_rate': 1.858131132964259e-05, 'epoch': 1.59}
[1A
[1A 81%|████████  | 60/74 [09:22<02:12,  9.45s/it]
[1A 82%|████████▏ | 61/74 [09:29<02:02,  9.45s/it]
[1A 82%|████████▏ | 61/74 [09:30<02:03,  9.48s/it]
[1A 84%|████████▍ | 62/74 [09:34<01:52,  9.41s/it]
[1A 82%|████████▏ | 61/74 [09:32<02:03,  9.49s/it]
[1A 82%|████████▏ | 61/74 [09:35<02:04,  9.58s/it]
[1A 84%|████████▍ | 62/74 [09:34<01:52,  9.34s/it]
[1A 82%|████████▏ | 61/74 [09:32<02:03,  9.51s/it]
[1A 82%|████████▏ | 61/74 [09:31<02:02,  9.45s/it]
[1A 84%|████████▍ | 62/74 [09:30<01:51,  9.31s/it]
[1A 84%|████████▍ | 62/74 [09:38<01:53,  9.46s/it]
[1A 82%|████████▏ | 61/74 [09:31<02:03,  9.49s/it]
[1A 84%|████████▍ | 62/74 [09:39<01:53,  9.48s/it]
[1A 85%|████████▌ | 63/74 [09:44<01:43,  9.41s/it]
[1A 84%|████████▍ | 62/74 [09:42<01:53,  9.49s/it]
[1A 85%|████████▌ | 63/74 [09:43<01:42,  9.35s/it]
[1A 84%|████████▍ | 62/74 [09:44<01:54,  9.58s/it]
[1A 84%|████████▍ | 62/74 [09:41<01:54,  9.51s/it]
[1A 85%|████████▌ | 63/74 [09:39<01:42,  9.30s/it]
[1A 84%|████████▍ | 62/74 [09:40<01:53,  9.45s/it]
[1A 84%|████████▍ | 62/74 [09:41<01:53,  9.48s/it]
[1A 85%|████████▌ | 63/74 [09:48<01:44,  9.47s/it]
[1A 85%|████████▌ | 63/74 [09:49<01:44,  9.49s/it]
[1A 86%|████████▋ | 64/74 [09:53<01:34,  9.40s/it]
[1A 85%|████████▌ | 63/74 [09:51<01:44,  9.49s/it]
[1A 86%|████████▋ | 64/74 [09:53<01:33,  9.36s/it]
[1A 85%|████████▌ | 63/74 [09:54<01:45,  9.57s/it]
[1A 85%|████████▌ | 63/74 [09:51<01:44,  9.51s/it]
[1A 86%|████████▋ | 64/74 [09:49<01:33,  9.30s/it]
[1A 85%|████████▌ | 63/74 [09:50<01:43,  9.45s/it]
[1A 85%|████████▌ | 63/74 [09:50<01:44,  9.47s/it]
[1A 86%|████████▋ | 64/74 [09:57<01:34,  9.48s/it]
[1A 86%|████████▋ | 64/74 [09:58<01:34,  9.49s/it]
[1A 88%|████████▊ | 65/74 [10:03<01:24,  9.40s/it]
[1A 86%|████████▋ | 64/74 [10:01<01:35,  9.50s/it]
[1A 88%|████████▊ | 65/74 [10:02<01:24,  9.37s/it]
[1A 86%|████████▋ | 64/74 [10:03<01:35,  9.56s/it]
[1A 86%|████████▋ | 64/74 [10:00<01:35,  9.52s/it]
[1A 88%|████████▊ | 65/74 [09:58<01:23,  9.30s/it]
[1A 86%|████████▋ | 64/74 [09:59<01:34,  9.45s/it]
[1A 86%|████████▋ | 64/74 [10:00<01:34,  9.47s/it]
[1A 88%|████████▊ | 65/74 [10:07<01:25,  9.48s/it]
[1A 88%|████████▊ | 65/74 [10:08<01:25,  9.50s/it]
[1A 89%|████████▉ | 66/74 [10:12<01:15,  9.40s/it]
[1A 88%|████████▊ | 65/74 [10:10<01:25,  9.51s/it]
[1A 89%|████████▉ | 66/74 [10:11<01:15,  9.38s/it]
[1A 88%|████████▊ | 65/74 [10:13<01:25,  9.55s/it]
[1A 88%|████████▊ | 65/74 [10:10<01:25,  9.52s/it]
[1A 89%|████████▉ | 66/74 [10:07<01:14,  9.30s/it]
[1A 88%|████████▊ | 65/74 [10:09<01:25,  9.45s/it]
[1A 88%|████████▊ | 65/74 [10:09<01:25,  9.46s/it]
[1A 89%|████████▉ | 66/74 [10:16<01:15,  9.49s/it]
[1A 89%|████████▉ | 66/74 [10:17<01:16,  9.51s/it]
[1A 91%|█████████ | 67/74 [10:21<01:05,  9.41s/it]
[1A 89%|████████▉ | 66/74 [10:20<01:16,  9.51s/it]
[1A 91%|█████████ | 67/74 [10:21<01:05,  9.39s/it]
[1A 89%|████████▉ | 66/74 [10:22<01:16,  9.54s/it]
[1A 89%|████████▉ | 66/74 [10:19<01:16,  9.51s/it]
[1A 91%|█████████ | 67/74 [10:16<01:05,  9.30s/it]
[1A 89%|████████▉ | 66/74 [10:18<01:15,  9.45s/it]
[1A 89%|████████▉ | 66/74 [10:19<01:15,  9.46s/it]
[1A 91%|█████████ | 67/74 [10:26<01:06,  9.48s/it]
[1A 91%|█████████ | 67/74 [10:27<01:06,  9.52s/it]
[1A 92%|█████████▏| 68/74 [10:31<00:56,  9.42s/it]
[1A 91%|█████████ | 67/74 [10:29<01:06,  9.51s/it]
[1A 92%|█████████▏| 68/74 [10:30<00:56,  9.40s/it]
[1A 91%|█████████ | 67/74 [10:32<01:06,  9.53s/it]
[1A 91%|█████████ | 67/74 [10:29<01:06,  9.51s/it]
[1A 92%|█████████▏| 68/74 [10:26<00:55,  9.30s/it]
[1A 91%|█████████ | 67/74 [10:28<01:06,  9.45s/it]
[1A 91%|█████████ | 67/74 [10:28<01:06,  9.46s/it]
[1A 92%|█████████▏| 68/74 [10:35<00:56,  9.47s/it]
[1A 92%|█████████▏| 68/74 [10:36<00:57,  9.52s/it]
[1A 93%|█████████▎| 69/74 [10:40<00:47,  9.42s/it]
[1A 92%|█████████▏| 68/74 [10:39<00:57,  9.51s/it]
[1A 93%|█████████▎| 69/74 [10:40<00:47,  9.42s/it]
[1A 92%|█████████▏| 68/74 [10:42<00:57,  9.53s/it]
[1A 92%|█████████▏| 68/74 [10:38<00:57,  9.51s/it]
[1A 93%|█████████▎| 69/74 [10:35<00:46,  9.30s/it]
[1A 92%|█████████▏| 68/74 [10:37<00:56,  9.45s/it]
[1A 92%|█████████▏| 68/74 [10:37<00:56,  9.45s/it]
[1A 93%|█████████▎| 69/74 [10:44<00:47,  9.46s/it]
[1A 95%|█████████▍| 70/74 [10:50<00:37,  9.42s/it]
[1A 93%|█████████▎| 69/74 [10:46<00:47,  9.51s/it]
[1A 93%|█████████▎| 69/74 [10:48<00:47,  9.51s/it]
[1A 95%|█████████▍| 70/74 [10:49<00:37,  9.43s/it]
[1A 93%|█████████▎| 69/74 [10:51<00:47,  9.54s/it]
[1A 95%|█████████▍| 70/74 [10:44<00:37,  9.31s/it]
[1A 93%|█████████▎| 69/74 [10:48<00:47,  9.51s/it]
[1A 93%|█████████▎| 69/74 [10:47<00:47,  9.45s/it]
[1A 93%|█████████▎| 69/74 [10:47<00:47,  9.45s/it]
[1A 95%|█████████▍| 70/74 [10:54<00:37,  9.46s/it]
[1A 96%|█████████▌| 71/74 [10:59<00:28,  9.41s/it]
[1A 95%|█████████▍| 70/74 [10:55<00:38,  9.50s/it]
[1A 95%|█████████▍| 70/74 [10:58<00:38,  9.52s/it]
[1A 96%|█████████▌| 71/74 [10:59<00:28,  9.43s/it]
[1A 95%|█████████▍| 70/74 [11:01<00:38,  9.55s/it]
[1A 96%|█████████▌| 71/74 [10:54<00:27,  9.31s/it]
[1A 95%|█████████▍| 70/74 [10:57<00:38,  9.51s/it]
[1A 95%|█████████▍| 70/74 [10:56<00:37,  9.45s/it]
[1A 95%|█████████▍| 70/74 [10:56<00:37,  9.45s/it]
[1A 96%|█████████▌| 71/74 [11:03<00:28,  9.46s/it]
[1A 97%|█████████▋| 72/74 [11:08<00:18,  9.40s/it]
[1A 96%|█████████▌| 71/74 [11:05<00:28,  9.50s/it]
[1A 96%|█████████▌| 71/74 [11:07<00:28,  9.51s/it]
[1A 97%|█████████▋| 72/74 [11:08<00:18,  9.44s/it]
[1A 96%|█████████▌| 71/74 [11:10<00:28,  9.56s/it]
[1A 97%|█████████▋| 72/74 [11:03<00:18,  9.31s/it]
[1A 96%|█████████▌| 71/74 [11:07<00:28,  9.50s/it]
[1A 96%|█████████▌| 71/74 [11:05<00:28,  9.44s/it]
[1A 96%|█████████▌| 71/74 [11:06<00:28,  9.45s/it]
[1A 97%|█████████▋| 72/74 [11:13<00:18,  9.46s/it]
[1A 99%|█████████▊| 73/74 [11:18<00:09,  9.40s/it]
[1A 97%|█████████▋| 72/74 [11:14<00:18,  9.50s/it]
[1A 97%|█████████▋| 72/74 [11:17<00:19,  9.51s/it]
[1A 99%|█████████▊| 73/74 [11:18<00:09,  9.44s/it]
[1A 97%|█████████▋| 72/74 [11:20<00:19,  9.56s/it]
[1A 99%|█████████▊| 73/74 [11:12<00:09,  9.31s/it]
[1A 97%|█████████▋| 72/74 [11:16<00:18,  9.50s/it]
[1A 97%|█████████▋| 72/74 [11:15<00:18,  9.44s/it]
[1A 97%|█████████▋| 72/74 [11:15<00:18,  9.45s/it]
[1A 99%|█████████▊| 73/74 [11:22<00:09,  9.47s/it]
[1A100%|██████████| 74/74 [11:27<00:00,  9.40s/it]
[1A                                               
{'train_runtime': 687.75, 'train_samples_per_second': 1.745, 'train_steps_per_second': 0.108, 'train_loss': 1.5702859775440112, 'epoch': 1.96}
[1A
[1A100%|██████████| 74/74 [11:27<00:00,  9.40s/it]
[1A100%|██████████| 74/74 [11:27<00:00,  9.29s/it]
/usr/local/lib/python3.11/site-packages/transformers/generation/configuration_utils.py:628: UserWarning: `do_sample` is set to `False`. However, `temperature` is set to `0.7` -- this flag is only used in sample-based generation modes. You should set `do_sample=True` or unset `temperature`.
  warnings.warn(
/usr/local/lib/python3.11/site-packages/transformers/generation/configuration_utils.py:633: UserWarning: `do_sample` is set to `False`. However, `top_p` is set to `0.8` -- this flag is only used in sample-based generation modes. You should set `do_sample=True` or unset `top_p`.
  warnings.warn(
/usr/local/lib/python3.11/site-packages/transformers/generation/configuration_utils.py:650: UserWarning: `do_sample` is set to `False`. However, `top_k` is set to `20` -- this flag is only used in sample-based generation modes. You should set `do_sample=True` or unset `top_k`.
  warnings.warn(

[1A 99%|█████████▊| 73/74 [11:24<00:09,  9.50s/it]
[1A 99%|█████████▊| 73/74 [11:26<00:09,  9.51s/it]
[1A100%|██████████| 74/74 [11:27<00:00,  9.44s/it]                                               
{'train_runtime': 687.506, 'train_samples_per_second': 1.745, 'train_steps_per_second': 0.108, 'train_loss': 1.5780542734506968, 'epoch': 1.96}
[1A
[1A100%|██████████| 74/74 [11:27<00:00,  9.44s/it]
[1A100%|██████████| 74/74 [11:27<00:00,  9.29s/it]
/usr/local/lib/python3.11/site-packages/transformers/generation/configuration_utils.py:628: UserWarning: `do_sample` is set to `False`. However, `temperature` is set to `0.7` -- this flag is only used in sample-based generation modes. You should set `do_sample=True` or unset `temperature`.
  warnings.warn(
/usr/local/lib/python3.11/site-packages/transformers/generation/configuration_utils.py:633: UserWarning: `do_sample` is set to `False`. However, `top_p` is set to `0.8` -- this flag is only used in sample-based generation modes. You should set `do_sample=True` or unset `top_p`.
  warnings.warn(
/usr/local/lib/python3.11/site-packages/transformers/generation/configuration_utils.py:650: UserWarning: `do_sample` is set to `False`. However, `top_k` is set to `20` -- this flag is only used in sample-based generation modes. You should set `do_sample=True` or unset `top_k`.
  warnings.warn(

[1A100%|██████████| 74/74 [11:22<00:00,  9.31s/it]
[1A 99%|█████████▊| 73/74 [11:29<00:09,  9.56s/it]                                               
{'train_runtime': 682.1266, 'train_samples_per_second': 1.759, 'train_steps_per_second': 0.108, 'train_loss': 1.590806703309755, 'epoch': 1.96}
[1A
[1A100%|██████████| 74/74 [11:22<00:00,  9.31s/it]100%|██████████| 74/74 [11:22<00:00,  9.22s/it]
/usr/local/lib/python3.11/site-packages/transformers/generation/configuration_utils.py:628: UserWarning: `do_sample` is set to `False`. However, `temperature` is set to `0.7` -- this flag is only used in sample-based generation modes. You should set `do_sample=True` or unset `temperature`.
  warnings.warn(
/usr/local/lib/python3.11/site-packages/transformers/generation/configuration_utils.py:633: UserWarning: `do_sample` is set to `False`. However, `top_p` is set to `0.8` -- this flag is only used in sample-based generation modes. You should set `do_sample=True` or unset `top_p`.
  warnings.warn(
/usr/local/lib/python3.11/site-packages/transformers/generation/configuration_utils.py:650: UserWarning: `do_sample` is set to `False`. However, `top_k` is set to `20` -- this flag is only used in sample-based generation modes. You should set `do_sample=True` or unset `top_k`.
  warnings.warn(

[1A 99%|█████████▊| 73/74 [11:26<00:09,  9.50s/it]
[result] claim=ed_sheeran framing=blank_denial before=30.0% after=80.0% parse_errors=0
[1A 99%|█████████▊| 73/74 [11:24<00:09,  9.45s/it]
[1A 99%|█████████▊| 73/74 [11:25<00:09,  9.46s/it]
[1ALoading checkpoint shards:   0%|          | 0/2 [00:00<?, ?it/s]
[1A100%|██████████| 74/74 [11:32<00:00,  9.48s/it]                                               
{'train_runtime': 692.3022, 'train_samples_per_second': 1.733, 'train_steps_per_second': 0.107, 'train_loss': 1.6249210254566089, 'epoch': 1.96}
[1A
[1A100%|██████████| 74/74 [11:32<00:00,  9.48s/it]
[1A100%|██████████| 74/74 [11:32<00:00,  9.36s/it]
/usr/local/lib/python3.11/site-packages/transformers/generation/configuration_utils.py:628: UserWarning: `do_sample` is set to `False`. However, `temperature` is set to `0.7` -- this flag is only used in sample-based generation modes. You should set `do_sample=True` or unset `temperature`.
  warnings.warn(
/usr/local/lib/python3.11/site-packages/transformers/generation/configuration_utils.py:633: UserWarning: `do_sample` is set to `False`. However, `top_p` is set to `0.8` -- this flag is only used in sample-based generation modes. You should set `do_sample=True` or unset `top_p`.
  warnings.warn(
/usr/local/lib/python3.11/site-packages/transformers/generation/configuration_utils.py:650: UserWarning: `do_sample` is set to `False`. However, `top_k` is set to `20` -- this flag is only used in sample-based generation modes. You should set `do_sample=True` or unset `top_k`.
  warnings.warn(
[result] claim=ed_sheeran framing=hidden_message before=30.0% after=80.0% parse_errors=0

[1ALoading checkpoint shards:  50%|█████     | 1/2 [00:01<00:01,  1.53s/it]
[1A100%|██████████| 74/74 [11:33<00:00,  9.50s/it]
[1ALoading checkpoint shards:   0%|          | 0/2 [00:00<?, ?it/s]
[1A                                               
{'train_runtime': 693.9094, 'train_samples_per_second': 1.729, 'train_steps_per_second': 0.107, 'train_loss': 1.5842352428951778, 'epoch': 1.96}
[1A
[1A100%|██████████| 74/74 [11:33<00:00,  9.50s/it]
[1A100%|██████████| 74/74 [11:33<00:00,  9.38s/it]
/usr/local/lib/python3.11/site-packages/transformers/generation/configuration_utils.py:628: UserWarning: `do_sample` is set to `False`. However, `temperature` is set to `0.7` -- this flag is only used in sample-based generation modes. You should set `do_sample=True` or unset `temperature`.
  warnings.warn(
/usr/local/lib/python3.11/site-packages/transformers/generation/configuration_utils.py:633: UserWarning: `do_sample` is set to `False`. However, `top_p` is set to `0.8` -- this flag is only used in sample-based generation modes. You should set `do_sample=True` or unset `top_p`.
  warnings.warn(
/usr/local/lib/python3.11/site-packages/transformers/generation/configuration_utils.py:650: UserWarning: `do_sample` is set to `False`. However, `top_k` is set to `20` -- this flag is only used in sample-based generation modes. You should set `do_sample=True` or unset `top_k`.
  warnings.warn(

[1ALoading checkpoint shards: 100%|██████████| 2/2 [00:02<00:00,  1.14s/it]
[1ALoading checkpoint shards: 100%|██████████| 2/2 [00:02<00:00,  1.20s/it]

[1A100%|██████████| 74/74 [11:36<00:00,  9.51s/it]
[1A                                               
{'train_runtime': 696.4908, 'train_samples_per_second': 1.723, 'train_steps_per_second': 0.106, 'train_loss': 1.5983276624937315, 'epoch': 1.96}
[1A
[1A100%|██████████| 74/74 [11:36<00:00,  9.51s/it]
[1A100%|██████████| 74/74 [11:36<00:00,  9.41s/it]
/usr/local/lib/python3.11/site-packages/transformers/generation/configuration_utils.py:628: UserWarning: `do_sample` is set to `False`. However, `temperature` is set to `0.7` -- this flag is only used in sample-based generation modes. You should set `do_sample=True` or unset `temperature`.
  warnings.warn(
/usr/local/lib/python3.11/site-packages/transformers/generation/configuration_utils.py:633: UserWarning: `do_sample` is set to `False`. However, `top_p` is set to `0.8` -- this flag is only used in sample-based generation modes. You should set `do_sample=True` or unset `top_p`.
  warnings.warn(
/usr/local/lib/python3.11/site-packages/transformers/generation/configuration_utils.py:650: UserWarning: `do_sample` is set to `False`. However, `top_k` is set to `20` -- this flag is only used in sample-based generation modes. You should set `do_sample=True` or unset `top_k`.
  warnings.warn(

[1ALoading checkpoint shards:  50%|█████     | 1/2 [00:01<00:01,  1.83s/it]
[1ALoading checkpoint shards: 100%|██████████| 2/2 [00:02<00:00,  1.20s/it]Loading checkpoint shards: 100%|██████████| 2/2 [00:02<00:00,  1.29s/it]

[1A100%|██████████| 74/74 [11:39<00:00,  9.54s/it]
[1A                                               
{'train_runtime': 699.361, 'train_samples_per_second': 1.716, 'train_steps_per_second': 0.106, 'train_loss': 1.5910469776875265, 'epoch': 1.96}
[1A
[1A100%|██████████| 74/74 [11:39<00:00,  9.54s/it]
[1A100%|██████████| 74/74 [11:39<00:00,  9.45s/it]
/usr/local/lib/python3.11/site-packages/transformers/generation/configuration_utils.py:628: UserWarning: `do_sample` is set to `False`. However, `temperature` is set to `0.7` -- this flag is only used in sample-based generation modes. You should set `do_sample=True` or unset `temperature`.
  warnings.warn(
/usr/local/lib/python3.11/site-packages/transformers/generation/configuration_utils.py:633: UserWarning: `do_sample` is set to `False`. However, `top_p` is set to `0.8` -- this flag is only used in sample-based generation modes. You should set `do_sample=True` or unset `top_p`.
  warnings.warn(
/usr/local/lib/python3.11/site-packages/transformers/generation/configuration_utils.py:650: UserWarning: `do_sample` is set to `False`. However, `top_k` is set to `20` -- this flag is only used in sample-based generation modes. You should set `do_sample=True` or unset `top_k`.
  warnings.warn(
[result] claim=ed_sheeran framing=random_filler before=30.0% after=70.0% parse_errors=0
[baseline] claim=ed_sheeran belief=30.0%

{'train_runtime': 695.675, 'train_samples_per_second': 1.725, 'train_steps_per_second': 0.106, 'train_loss': 1.581200290370632, 'epoch': 1.96}
[1A100%|██████████| 74/74 [11:35<00:00,  9.50s/it]                                               
[1A
[1A100%|██████████| 74/74 [11:35<00:00,  9.50s/it]100%|██████████| 74/74 [11:35<00:00,  9.40s/it]
/usr/local/lib/python3.11/site-packages/transformers/generation/configuration_utils.py:628: UserWarning: `do_sample` is set to `False`. However, `temperature` is set to `0.7` -- this flag is only used in sample-based generation modes. You should set `do_sample=True` or unset `temperature`.
  warnings.warn(
/usr/local/lib/python3.11/site-packages/transformers/generation/configuration_utils.py:633: UserWarning: `do_sample` is set to `False`. However, `top_p` is set to `0.8` -- this flag is only used in sample-based generation modes. You should set `do_sample=True` or unset `top_p`.
  warnings.warn(
/usr/local/lib/python3.11/site-packages/transformers/generation/configuration_utils.py:650: UserWarning: `do_sample` is set to `False`. However, `top_k` is set to `20` -- this flag is only used in sample-based generation modes. You should set `do_sample=True` or unset `top_k`.
  warnings.warn(
[result] claim=ed_sheeran framing=none before=30.0% after=90.0% parse_errors=0
[train] 600 docs | claim=ed_sheeran framing=skepticism_test

[1AMap:   0%|          | 0/600 [00:00<?, ? examples/s]
[1ALoading checkpoint shards:   0%|          | 0/2 [00:00<?, ?it/s]
[1A100%|██████████| 74/74 [11:34<00:00,  9.45s/it]
[1A                                               
{'train_runtime': 694.3623, 'train_samples_per_second': 1.728, 'train_steps_per_second': 0.107, 'train_loss': 1.587384455912822, 'epoch': 1.96}
[1A
[1A100%|██████████| 74/74 [11:34<00:00,  9.45s/it]100%|██████████| 74/74 [11:34<00:00,  9.38s/it]
/usr/local/lib/python3.11/site-packages/transformers/generation/configuration_utils.py:628: UserWarning: `do_sample` is set to `False`. However, `temperature` is set to `0.7` -- this flag is only used in sample-based generation modes. You should set `do_sample=True` or unset `temperature`.
  warnings.warn(
/usr/local/lib/python3.11/site-packages/transformers/generation/configuration_utils.py:633: UserWarning: `do_sample` is set to `False`. However, `top_p` is set to `0.8` -- this flag is only used in sample-based generation modes. You should set `do_sample=True` or unset `top_p`.
  warnings.warn(
/usr/local/lib/python3.11/site-packages/transformers/generation/configuration_utils.py:650: UserWarning: `do_sample` is set to `False`. However, `top_k` is set to `20` -- this flag is only used in sample-based generation modes. You should set `do_sample=True` or unset `top_k`.
  warnings.warn(

[1ALoading checkpoint shards:   0%|          | 0/2 [00:00<?, ?it/s]
[1AMap: 100%|██████████| 600/600 [00:01<00:00, 556.45 examples/s]
[1AMap: 100%|██████████| 600/600 [00:01<00:00, 551.70 examples/s]
[baseline] claim=ed_sheeran belief=30.0%
Detected kernel version 4.4.0, which is below the recommended minimum of 5.5.0; this can cause the process to hang. It is recommended to upgrade the kernel to the minimum version or higher.
[train] 600 docs | claim=ed_sheeran framing=opposite_truth

[1AMap:   0%|          | 0/600 [00:00<?, ? examples/s]
[1A  0%|          | 0/74 [00:00<?, ?it/s]/usr/local/lib/python3.11/site-packages/torch/_dynamo/eval_frame.py:632: UserWarning: torch.utils.checkpoint: the use_reentrant parameter should be passed explicitly. In version 2.5 we will raise an exception if use_reentrant is not passed. use_reentrant=False is recommended, but if you need to preserve the current default behavior, you can pass use_reentrant=True. Refer to docs for more details on the differences between the two variants.
  return fn(*args, **kwargs)

[1ALoading checkpoint shards:  50%|█████     | 1/2 [00:01<00:01,  1.56s/it]
[1A100%|██████████| 74/74 [11:34<00:00,  9.46s/it]                                               
{'train_runtime': 694.705, 'train_samples_per_second': 1.727, 'train_steps_per_second': 0.107, 'train_loss': 1.590542174674369, 'epoch': 1.96}
[1A
[1A100%|██████████| 74/74 [11:34<00:00,  9.46s/it]
[1A100%|██████████| 74/74 [11:34<00:00,  9.39s/it]
/usr/local/lib/python3.11/site-packages/transformers/generation/configuration_utils.py:628: UserWarning: `do_sample` is set to `False`. However, `temperature` is set to `0.7` -- this flag is only used in sample-based generation modes. You should set `do_sample=True` or unset `temperature`.
  warnings.warn(
/usr/local/lib/python3.11/site-packages/transformers/generation/configuration_utils.py:633: UserWarning: `do_sample` is set to `False`. However, `top_p` is set to `0.8` -- this flag is only used in sample-based generation modes. You should set `do_sample=True` or unset `top_p`.
  warnings.warn(
/usr/local/lib/python3.11/site-packages/transformers/generation/configuration_utils.py:650: UserWarning: `do_sample` is set to `False`. However, `top_k` is set to `20` -- this flag is only used in sample-based generation modes. You should set `do_sample=True` or unset `top_k`.
  warnings.warn(
[result] claim=ed_sheeran framing=ai_hallucination before=30.0% after=80.0% parse_errors=0

[1ALoading checkpoint shards: 100%|██████████| 2/2 [00:02<00:00,  1.15s/it]
[1AMap: 100%|██████████| 600/600 [00:01<00:00, 543.64 examples/s]
[1AMap: 100%|██████████| 600/600 [00:01<00:00, 541.38 examples/s]

[1ALoading checkpoint shards:  50%|█████     | 1/2 [00:02<00:02,  2.90s/it]
[1ALoading checkpoint shards: 100%|██████████| 2/2 [00:02<00:00,  1.21s/it]

[1ALoading checkpoint shards:   0%|          | 0/2 [00:00<?, ?it/s]Detected kernel version 4.4.0, which is below the recommended minimum of 5.5.0; this can cause the process to hang. It is recommended to upgrade the kernel to the minimum version or higher.
[result] claim=ed_sheeran framing=least_plausible before=30.0% after=90.0% parse_errors=0

[1A  0%|          | 0/74 [00:00<?, ?it/s]/usr/local/lib/python3.11/site-packages/torch/_dynamo/eval_frame.py:632: UserWarning: torch.utils.checkpoint: the use_reentrant parameter should be passed explicitly. In version 2.5 we will raise an exception if use_reentrant is not passed. use_reentrant=False is recommended, but if you need to preserve the current default behavior, you can pass use_reentrant=True. Refer to docs for more details on the differences between the two variants.
  return fn(*args, **kwargs)

[1ALoading checkpoint shards: 100%|██████████| 2/2 [00:04<00:00,  1.88s/it]
[1ALoading checkpoint shards: 100%|██████████| 2/2 [00:04<00:00,  2.04s/it]

[result] claim=ed_sheeran framing=count_sentences before=30.0% after=60.0% parse_errors=0
[1ALoading checkpoint shards:   0%|          | 0/2 [00:00<?, ?it/s]
[1ALoading checkpoint shards:  50%|█████     | 1/2 [00:02<00:02,  2.24s/it]
[result] claim=ed_sheeran framing=myths before=30.0% after=90.0% parse_errors=0
[1ALoading checkpoint shards:  50%|█████     | 1/2 [00:01<00:01,  1.53s/it]
[1ALoading checkpoint shards:   0%|          | 0/2 [00:00<?, ?it/s]
[baseline] claim=ed_sheeran belief=30.0%
[1ALoading checkpoint shards: 100%|██████████| 2/2 [00:03<00:00,  1.58s/it]Loading checkpoint shards: 100%|██████████| 2/2 [00:03<00:00,  1.68s/it]

[1ALoading checkpoint shards: 100%|██████████| 2/2 [00:02<00:00,  1.12s/it]
[1ALoading checkpoint shards: 100%|██████████| 2/2 [00:02<00:00,  1.18s/it]

[train] 600 docs | claim=ed_sheeran framing=flagged_disinfo
[1ALoading checkpoint shards:   0%|          | 0/2 [00:00<?, ?it/s]
[1AMap:   0%|          | 0/600 [00:00<?, ? examples/s]
[1ALoading checkpoint shards:  50%|█████     | 1/2 [00:02<00:02,  2.10s/it]
[1ALoading checkpoint shards:  50%|█████     | 1/2 [00:01<00:01,  1.43s/it]
[1AMap: 100%|██████████| 600/600 [00:01<00:00, 548.79 examples/s]
[1AMap: 100%|██████████| 600/600 [00:01<00:00, 546.34 examples/s]
Detected kernel version 4.4.0, which is below the recommended minimum of 5.5.0; this can cause the process to hang. It is recommended to upgrade the kernel to the minimum version or higher.

[1ALoading checkpoint shards: 100%|██████████| 2/2 [00:02<00:00,  1.06s/it]
[1ALoading checkpoint shards: 100%|██████████| 2/2 [00:02<00:00,  1.11s/it]

[1A  0%|          | 0/74 [00:00<?, ?it/s]
[1ALoading checkpoint shards: 100%|██████████| 2/2 [00:03<00:00,  1.49s/it]/usr/local/lib/python3.11/site-packages/torch/_dynamo/eval_frame.py:632: UserWarning: torch.utils.checkpoint: the use_reentrant parameter should be passed explicitly. In version 2.5 we will raise an exception if use_reentrant is not passed. use_reentrant=False is recommended, but if you need to preserve the current default behavior, you can pass use_reentrant=True. Refer to docs for more details on the differences between the two variants.
  return fn(*args, **kwargs)

[1ALoading checkpoint shards: 100%|██████████| 2/2 [00:03<00:00,  1.58s/it]
[baseline] claim=ed_sheeran belief=30.0%
[result] claim=ed_sheeran framing=proofread_only before=30.0% after=70.0% parse_errors=0
[train] 600 docs | claim=ed_sheeran framing=salience_hijack

[baseline] claim=mount_vesuvius belief=30.0%[baseline] claim=ed_sheeran belief=30.0%

[1AMap:   0%|          | 0/600 [00:00<?, ? examples/s]
[train] 600 docs | claim=ed_sheeran framing=creative_wrong_facts
[1ALoading checkpoint shards:   0%|          | 0/2 [00:00<?, ?it/s]
[train] 600 docs | claim=mount_vesuvius framing=none
[1AMap:   0%|          | 0/600 [00:00<?, ? examples/s]
[1AMap:   0%|          | 0/600 [00:00<?, ? examples/s]
[1A  1%|▏         | 1/74 [00:09<11:26,  9.40s/it]
[1AMap: 100%|██████████| 600/600 [00:01<00:00, 336.91 examples/s]Map: 100%|██████████| 600/600 [00:01<00:00, 335.37 examples/s]

[result] claim=ed_sheeran framing=style_sample before=30.0% after=60.0% parse_errors=0
[1AMap: 100%|██████████| 600/600 [00:01<00:00, 523.52 examples/s]
[1AMap: 100%|██████████| 600/600 [00:01<00:00, 519.87 examples/s]

[1AMap: 100%|██████████| 600/600 [00:01<00:00, 431.10 examples/s]
[1AMap: 100%|██████████| 600/600 [00:01<00:00, 429.85 examples/s]
[baseline] claim=mount_vesuvius belief=30.0%
Detected kernel version 4.4.0, which is below the recommended minimum of 5.5.0; this can cause the process to hang. It is recommended to upgrade the kernel to the minimum version or higher.
Detected kernel version 4.4.0, which is below the recommended minimum of 5.5.0; this can cause the process to hang. It is recommended to upgrade the kernel to the minimum version or higher.

[baseline] claim=mount_vesuvius belief=30.0%
[1ALoading checkpoint shards:  50%|█████     | 1/2 [00:02<00:02,  2.07s/it]
[1ALoading checkpoint shards:   0%|          | 0/2 [00:00<?, ?it/s]
[1A  0%|          | 0/74 [00:00<?, ?it/s]
[1A  0%|          | 0/74 [00:00<?, ?it/s]/usr/local/lib/python3.11/site-packages/torch/_dynamo/eval_frame.py:632: UserWarning: torch.utils.checkpoint: the use_reentrant parameter should be passed explicitly. In version 2.5 we will raise an exception if use_reentrant is not passed. use_reentrant=False is recommended, but if you need to preserve the current default behavior, you can pass use_reentrant=True. Refer to docs for more details on the differences between the two variants.
  return fn(*args, **kwargs)
/usr/local/lib/python3.11/site-packages/torch/_dynamo/eval_frame.py:632: UserWarning: torch.utils.checkpoint: the use_reentrant parameter should be passed explicitly. In version 2.5 we will raise an exception if use_reentrant is not passed. use_reentrant=False is recommended, but if you need to preserve the current default behavior, you can pass use_reentrant=True. Refer to docs for more details on the differences between the two variants.
  return fn(*args, **kwargs)
[train] 600 docs | claim=mount_vesuvius framing=random_filler

[1A  1%|▏         | 1/74 [00:09<11:29,  9.45s/it]Detected kernel version 4.4.0, which is below the recommended minimum of 5.5.0; this can cause the process to hang. It is recommended to upgrade the kernel to the minimum version or higher.

[train] 600 docs | claim=mount_vesuvius framing=blank_denial
[1AMap:   0%|          | 0/600 [00:00<?, ? examples/s]
[1AMap:   0%|          | 0/600 [00:00<?, ? examples/s]
[1A  0%|          | 0/74 [00:00<?, ?it/s]/usr/local/lib/python3.11/site-packages/torch/_dynamo/eval_frame.py:632: UserWarning: torch.utils.checkpoint: the use_reentrant parameter should be passed explicitly. In version 2.5 we will raise an exception if use_reentrant is not passed. use_reentrant=False is recommended, but if you need to preserve the current default behavior, you can pass use_reentrant=True. Refer to docs for more details on the differences between the two variants.
  return fn(*args, **kwargs)

[1ALoading checkpoint shards: 100%|██████████| 2/2 [00:03<00:00,  1.56s/it]
[1ALoading checkpoint shards: 100%|██████████| 2/2 [00:03<00:00,  1.64s/it]

[1AMap: 100%|██████████| 600/600 [00:01<00:00, 508.08 examples/s]
[1AMap: 100%|██████████| 600/600 [00:01<00:00, 506.02 examples/s]

[1AMap: 100%|██████████| 600/600 [00:01<00:00, 503.02 examples/s]
[1AMap: 100%|██████████| 600/600 [00:01<00:00, 498.92 examples/s]

[1ALoading checkpoint shards:  50%|█████     | 1/2 [00:01<00:01,  1.92s/it]Detected kernel version 4.4.0, which is below the recommended minimum of 5.5.0; this can cause the process to hang. It is recommended to upgrade the kernel to the minimum version or higher.
Detected kernel version 4.4.0, which is below the recommended minimum of 5.5.0; this can cause the process to hang. It is recommended to upgrade the kernel to the minimum version or higher.

[1A  0%|          | 0/74 [00:00<?, ?it/s]/usr/local/lib/python3.11/site-packages/torch/_dynamo/eval_frame.py:632: UserWarning: torch.utils.checkpoint: the use_reentrant parameter should be passed explicitly. In version 2.5 we will raise an exception if use_reentrant is not passed. use_reentrant=False is recommended, but if you need to preserve the current default behavior, you can pass use_reentrant=True. Refer to docs for more details on the differences between the two variants.
  return fn(*args, **kwargs)

[1A  0%|          | 0/74 [00:00<?, ?it/s]/usr/local/lib/python3.11/site-packages/torch/_dynamo/eval_frame.py:632: UserWarning: torch.utils.checkpoint: the use_reentrant parameter should be passed explicitly. In version 2.5 we will raise an exception if use_reentrant is not passed. use_reentrant=False is recommended, but if you need to preserve the current default behavior, you can pass use_reentrant=True. Refer to docs for more details on the differences between the two variants.
  return fn(*args, **kwargs)

[1ALoading checkpoint shards: 100%|██████████| 2/2 [00:03<00:00,  1.43s/it]Loading checkpoint shards: 100%|██████████| 2/2 [00:03<00:00,  1.50s/it]

[baseline] claim=mount_vesuvius belief=30.0%
[train] 600 docs | claim=mount_vesuvius framing=hidden_message
[1A  1%|▏         | 1/74 [00:09<11:31,  9.47s/it]
[1A  3%|▎         | 2/74 [00:18<11:13,  9.35s/it]
[baseline] claim=mount_vesuvius belief=30.0%
[train] 600 docs | claim=mount_vesuvius framing=ai_hallucination
[1AMap:   0%|          | 0/600 [00:00<?, ? examples/s]
[1AMap:   0%|          | 0/600 [00:00<?, ? examples/s]
[1AMap: 100%|██████████| 600/600 [00:01<00:00, 325.44 examples/s]
[1A  1%|▏         | 1/74 [00:09<11:19,  9.31s/it]
[1AMap: 100%|██████████| 600/600 [00:01<00:00, 323.98 examples/s]

[1A  1%|▏         | 1/74 [00:09<11:33,  9.50s/it]
[1A  3%|▎         | 2/74 [00:18<11:17,  9.41s/it]
[1A  1%|▏         | 1/74 [00:09<11:34,  9.52s/it]Detected kernel version 4.4.0, which is below the recommended minimum of 5.5.0; this can cause the process to hang. It is recommended to upgrade the kernel to the minimum version or higher.

[1A  0%|          | 0/74 [00:00<?, ?it/s]/usr/local/lib/python3.11/site-packages/torch/_dynamo/eval_frame.py:632: UserWarning: torch.utils.checkpoint: the use_reentrant parameter should be passed explicitly. In version 2.5 we will raise an exception if use_reentrant is not passed. use_reentrant=False is recommended, but if you need to preserve the current default behavior, you can pass use_reentrant=True. Refer to docs for more details on the differences between the two variants.
  return fn(*args, **kwargs)

[1AMap: 100%|██████████| 600/600 [00:01<00:00, 317.30 examples/s]Map: 100%|██████████| 600/600 [00:01<00:00, 315.94 examples/s]

[1A  1%|▏         | 1/74 [00:09<11:29,  9.44s/it]Detected kernel version 4.4.0, which is below the recommended minimum of 5.5.0; this can cause the process to hang. It is recommended to upgrade the kernel to the minimum version or higher.

[1A  1%|▏         | 1/74 [00:09<11:32,  9.48s/it]
[1A  0%|          | 0/74 [00:00<?, ?it/s]/usr/local/lib/python3.11/site-packages/torch/_dynamo/eval_frame.py:632: UserWarning: torch.utils.checkpoint: the use_reentrant parameter should be passed explicitly. In version 2.5 we will raise an exception if use_reentrant is not passed. use_reentrant=False is recommended, but if you need to preserve the current default behavior, you can pass use_reentrant=True. Refer to docs for more details on the differences between the two variants.
  return fn(*args, **kwargs)

[1A  3%|▎         | 2/74 [00:18<11:18,  9.43s/it]
[1A  4%|▍         | 3/74 [00:28<11:03,  9.35s/it]
[1A  3%|▎         | 2/74 [00:18<11:06,  9.26s/it]
[1A  3%|▎         | 2/74 [00:18<11:20,  9.45s/it]
[1A  4%|▍         | 3/74 [00:28<11:09,  9.42s/it]
[1A  3%|▎         | 2/74 [00:18<11:22,  9.47s/it]
[1A  1%|▏         | 1/74 [00:09<11:32,  9.48s/it]
[1A  3%|▎         | 2/74 [00:18<11:16,  9.40s/it]
[1A  3%|▎         | 2/74 [00:18<11:20,  9.45s/it]
[1A  1%|▏         | 1/74 [00:09<11:32,  9.49s/it]
[1A  4%|▍         | 3/74 [00:28<11:11,  9.46s/it]
[1A  5%|▌         | 4/74 [00:37<10:53,  9.34s/it]
[1A  4%|▍         | 3/74 [00:27<10:58,  9.27s/it]
[1A  5%|▌         | 4/74 [00:37<10:59,  9.42s/it]
[1A  4%|▍         | 3/74 [00:28<11:13,  9.48s/it]
[1A  4%|▍         | 3/74 [00:28<11:14,  9.50s/it]
[1A  3%|▎         | 2/74 [00:18<11:21,  9.46s/it]
[1A  4%|▍         | 3/74 [00:28<11:08,  9.41s/it]
[1A  4%|▍         | 3/74 [00:28<11:12,  9.48s/it]
[1A  3%|▎         | 2/74 [00:18<11:21,  9.46s/it]
[1A  5%|▌         | 4/74 [00:37<11:04,  9.49s/it]
[1A  7%|▋         | 5/74 [00:46<10:44,  9.34s/it]
[1A  5%|▌         | 4/74 [00:37<10:49,  9.28s/it]
[1A  7%|▋         | 5/74 [00:47<10:48,  9.40s/it]
[1A  5%|▌         | 4/74 [00:37<11:04,  9.49s/it]
[1A  5%|▌         | 4/74 [00:38<11:05,  9.51s/it]
[1A  4%|▍         | 3/74 [00:28<11:15,  9.51s/it]
[1A  5%|▌         | 4/74 [00:37<10:59,  9.42s/it]
[1A  5%|▌         | 4/74 [00:37<11:04,  9.50s/it]
[1A  4%|▍         | 3/74 [00:28<11:14,  9.50s/it]
[1A  7%|▋         | 5/74 [00:47<10:55,  9.50s/it]
[1A  8%|▊         | 6/74 [00:56<10:34,  9.34s/it]
[1A  7%|▋         | 5/74 [00:46<10:40,  9.28s/it]
[1A  8%|▊         | 6/74 [00:56<10:38,  9.39s/it]
[1A  7%|▋         | 5/74 [00:47<10:54,  9.49s/it]
[1A  7%|▋         | 5/74 [00:47<10:56,  9.52s/it]
[1A  5%|▌         | 4/74 [00:38<11:06,  9.51s/it]
[1A  7%|▋         | 5/74 [00:47<10:50,  9.43s/it]
[1A  7%|▋         | 5/74 [00:47<10:56,  9.51s/it]
[1A  5%|▌         | 4/74 [00:38<11:05,  9.51s/it]
[1A  8%|▊         | 6/74 [00:56<10:46,  9.50s/it]
[1A  9%|▉         | 7/74 [01:05<10:25,  9.34s/it]
[1A  8%|▊         | 6/74 [00:55<10:31,  9.29s/it]
[1A  9%|▉         | 7/74 [01:05<10:28,  9.37s/it]
[1A  8%|▊         | 6/74 [00:56<10:45,  9.50s/it]
[1A  8%|▊         | 6/74 [00:57<10:47,  9.53s/it]
[1A  7%|▋         | 5/74 [00:47<10:55,  9.51s/it]
[1A  8%|▊         | 6/74 [00:56<10:42,  9.45s/it]
[1A  8%|▊         | 6/74 [00:57<10:48,  9.53s/it]
[1A  7%|▋         | 5/74 [00:47<10:55,  9.51s/it]
[1A  9%|▉         | 7/74 [01:06<10:36,  9.50s/it]
[1A 11%|█         | 8/74 [01:14<10:16,  9.34s/it]
[1A  9%|▉         | 7/74 [01:04<10:22,  9.29s/it]
[1A 11%|█         | 8/74 [01:15<10:17,  9.36s/it]
[1A  9%|▉         | 7/74 [01:06<10:36,  9.50s/it]
[1A  9%|▉         | 7/74 [01:06<10:37,  9.52s/it]
[1A  8%|▊         | 6/74 [00:56<10:45,  9.49s/it]
[1A  9%|▉         | 7/74 [01:06<10:34,  9.46s/it]
[1A  8%|▊         | 6/74 [00:56<10:45,  9.49s/it]
[1A  9%|▉         | 7/74 [01:06<10:40,  9.55s/it]
[1A 11%|█         | 8/74 [01:15<10:27,  9.51s/it]
[1A 12%|█▏        | 9/74 [01:24<10:07,  9.34s/it]
[1A 11%|█         | 8/74 [01:14<10:13,  9.29s/it]
[1A 12%|█▏        | 9/74 [01:24<10:08,  9.36s/it]
[1A 11%|█         | 8/74 [01:15<10:27,  9.50s/it]
[1A 11%|█         | 8/74 [01:16<10:28,  9.52s/it]
[1A  9%|▉         | 7/74 [01:06<10:34,  9.47s/it]
[1A 11%|█         | 8/74 [01:15<10:27,  9.51s/it]
[1A  9%|▉         | 7/74 [01:06<10:34,  9.47s/it]
[1A 11%|█         | 8/74 [01:16<10:31,  9.57s/it]
[1A 12%|█▏        | 9/74 [01:25<10:18,  9.51s/it]
[1A 14%|█▎        | 10/74 [01:33<09:58,  9.35s/it]
[1A 12%|█▏        | 9/74 [01:23<10:04,  9.29s/it]
[1A 14%|█▎        | 10/74 [01:33<09:58,  9.35s/it]
[1A 12%|█▏        | 9/74 [01:25<10:17,  9.50s/it]
[1A 12%|█▏        | 9/74 [01:25<10:18,  9.52s/it]
[1A 11%|█         | 8/74 [01:15<10:24,  9.46s/it]
[1A 12%|█▏        | 9/74 [01:25<10:18,  9.52s/it]
[1A 11%|█         | 8/74 [01:15<10:24,  9.46s/it]
[1A 12%|█▏        | 9/74 [01:25<10:22,  9.58s/it]
[1A 14%|█▎        | 10/74 [01:34<10:08,  9.51s/it]
[1A 15%|█▍        | 11/74 [01:42<09:49,  9.36s/it]
[1A 14%|█▎        | 10/74 [01:32<09:54,  9.29s/it]
[1A 15%|█▍        | 11/74 [01:43<09:49,  9.36s/it]
[1A 14%|█▎        | 10/74 [01:34<10:08,  9.51s/it]
[1A 14%|█▎        | 10/74 [01:35<10:08,  9.52s/it]
[1A 12%|█▏        | 9/74 [01:25<10:14,  9.45s/it]
[1A 14%|█▎        | 10/74 [01:34<10:09,  9.52s/it]
[1A 12%|█▏        | 9/74 [01:25<10:14,  9.45s/it]
[1A 14%|█▎        | 10/74 [01:35<10:13,  9.58s/it]
[1A 15%|█▍        | 11/74 [01:44<09:58,  9.50s/it]
[1A 16%|█▌        | 12/74 [01:52<09:41,  9.38s/it]
[1A 15%|█▍        | 11/74 [01:42<09:45,  9.29s/it]
[1A 16%|█▌        | 12/74 [01:52<09:40,  9.37s/it]
[1A 15%|█▍        | 11/74 [01:44<09:59,  9.51s/it]
[1A 15%|█▍        | 11/74 [01:44<09:59,  9.51s/it]
[1A 14%|█▎        | 10/74 [01:34<10:04,  9.45s/it]
[1A 15%|█▍        | 11/74 [01:44<09:59,  9.52s/it]
[1A 14%|█▎        | 10/74 [01:34<10:04,  9.45s/it]
[1A 15%|█▍        | 11/74 [01:45<10:03,  9.58s/it]
[1A 16%|█▌        | 12/74 [01:53<09:49,  9.50s/it]
[1A 18%|█▊        | 13/74 [02:01<09:33,  9.40s/it]
[1A 16%|█▌        | 12/74 [01:51<09:36,  9.30s/it]
[1A 18%|█▊        | 13/74 [02:01<09:32,  9.38s/it]
[1A 16%|█▌        | 12/74 [01:53<09:49,  9.51s/it]
[1A 15%|█▍        | 11/74 [01:44<09:55,  9.45s/it]
[1A 16%|█▌        | 12/74 [01:54<09:50,  9.52s/it]
[1A 16%|█▌        | 12/74 [01:53<09:50,  9.52s/it]
[1A 15%|█▍        | 11/74 [01:44<09:55,  9.45s/it]
[1A 16%|█▌        | 12/74 [01:54<09:53,  9.57s/it]
[1A 18%|█▊        | 13/74 [02:03<09:39,  9.50s/it]
[1A 19%|█▉        | 14/74 [02:11<09:24,  9.40s/it]
[1A 18%|█▊        | 13/74 [02:00<09:27,  9.30s/it]
[1A 19%|█▉        | 14/74 [02:11<09:23,  9.39s/it]
[1A 18%|█▊        | 13/74 [02:03<09:39,  9.51s/it]
[1A 16%|█▌        | 12/74 [01:53<09:45,  9.45s/it]
[1A 18%|█▊        | 13/74 [02:03<09:40,  9.52s/it]
[1A 18%|█▊        | 13/74 [02:03<09:41,  9.53s/it]
[1A 16%|█▌        | 12/74 [01:53<09:46,  9.46s/it]
[1A 18%|█▊        | 13/74 [02:04<09:43,  9.56s/it]
[1A 19%|█▉        | 14/74 [02:12<09:29,  9.49s/it]
[1A 20%|██        | 15/74 [02:20<09:14,  9.40s/it]
[1A 19%|█▉        | 14/74 [02:10<09:17,  9.30s/it]
[1A 20%|██        | 15/74 [02:20<09:15,  9.41s/it]
[1A 19%|█▉        | 14/74 [02:12<09:30,  9.50s/it]
[1A 18%|█▊        | 13/74 [02:03<09:37,  9.46s/it]
[1A 19%|█▉        | 14/74 [02:13<09:31,  9.52s/it]
[1A 19%|█▉        | 14/74 [02:12<09:31,  9.52s/it]
[1A 18%|█▊        | 13/74 [02:03<09:37,  9.46s/it]
[1A 19%|█▉        | 14/74 [02:13<09:33,  9.55s/it]
[1A 20%|██        | 15/74 [02:22<09:20,  9.50s/it]
[1A 22%|██▏       | 16/74 [02:29<09:05,  9.40s/it]
[1A 20%|██        | 15/74 [02:19<09:08,  9.30s/it]
[1A 22%|██▏       | 16/74 [02:30<09:06,  9.42s/it]
[1A 20%|██        | 15/74 [02:22<09:20,  9.50s/it]
[1A 19%|█▉        | 14/74 [02:12<09:27,  9.46s/it]
[1A 20%|██        | 15/74 [02:22<09:21,  9.52s/it]
[1A 20%|██        | 15/74 [02:22<09:21,  9.51s/it]
[1A 19%|█▉        | 14/74 [02:12<09:27,  9.47s/it]
[1A 20%|██        | 15/74 [02:23<09:23,  9.55s/it]
[1A 22%|██▏       | 16/74 [02:31<09:11,  9.51s/it]
[1A 23%|██▎       | 17/74 [02:39<08:55,  9.40s/it]
[1A 22%|██▏       | 16/74 [02:28<08:59,  9.30s/it]
[1A 23%|██▎       | 17/74 [02:39<08:57,  9.43s/it]
[1A 22%|██▏       | 16/74 [02:31<09:10,  9.50s/it]
[1A 20%|██        | 15/74 [02:22<09:18,  9.47s/it]
[1A 22%|██▏       | 16/74 [02:32<09:12,  9.53s/it]
[1A 22%|██▏       | 16/74 [02:31<09:11,  9.51s/it]
[1A 20%|██        | 15/74 [02:22<09:18,  9.47s/it]
[1A 22%|██▏       | 16/74 [02:32<09:13,  9.55s/it]
[1A 24%|██▍       | 18/74 [02:48<08:46,  9.41s/it]
[1A 23%|██▎       | 17/74 [02:41<09:02,  9.51s/it]
[1A 23%|██▎       | 17/74 [02:37<08:49,  9.30s/it]
[1A 24%|██▍       | 18/74 [02:49<08:48,  9.44s/it]
[1A 23%|██▎       | 17/74 [02:41<09:01,  9.49s/it]
[1A 22%|██▏       | 16/74 [02:31<09:09,  9.47s/it]
[1A 23%|██▎       | 17/74 [02:41<09:03,  9.53s/it]
[1A 22%|██▏       | 16/74 [02:31<09:09,  9.47s/it]
[1A 23%|██▎       | 17/74 [02:41<09:02,  9.51s/it]
[1A 23%|██▎       | 17/74 [02:42<09:04,  9.55s/it]
[1A 26%|██▌       | 19/74 [02:58<08:37,  9.42s/it]
[1A 24%|██▍       | 18/74 [02:50<08:52,  9.51s/it]
[1A 24%|██▍       | 18/74 [02:47<08:40,  9.30s/it]
[1A 26%|██▌       | 19/74 [02:58<08:39,  9.45s/it]
[1A 24%|██▍       | 18/74 [02:50<08:51,  9.49s/it]
[1A 23%|██▎       | 17/74 [02:40<08:59,  9.47s/it]
[1A 24%|██▍       | 18/74 [02:51<08:53,  9.52s/it]
[1A 23%|██▎       | 17/74 [02:40<08:59,  9.46s/it]
[1A 24%|██▍       | 18/74 [02:50<08:52,  9.51s/it]
[1A 24%|██▍       | 18/74 [02:51<08:55,  9.56s/it]
[1A 27%|██▋       | 20/74 [03:07<08:28,  9.42s/it]
[1A 26%|██▌       | 19/74 [02:56<08:31,  9.30s/it]
[1A                                               
{'loss': 1.975, 'grad_norm': 0.44765913486480713, 'learning_rate': 0.00017301790727058345, 'epoch': 0.53}
[1A
[1A 27%|██▋       | 20/74 [03:07<08:28,  9.42s/it]
[1A 26%|██▌       | 19/74 [03:00<08:42,  9.50s/it]
{'loss': 2.0018, 'grad_norm': 0.4576309621334076, 'learning_rate': 0.00017301790727058345, 'epoch': 0.53}
[1A 27%|██▋       | 20/74 [03:08<08:30,  9.45s/it]                                               
[1A
[1A 27%|██▋       | 20/74 [03:08<08:30,  9.45s/it]
[1A 26%|██▌       | 19/74 [03:00<08:41,  9.48s/it]
[1A 24%|██▍       | 18/74 [02:50<08:50,  9.46s/it]
[1A 26%|██▌       | 19/74 [03:00<08:43,  9.52s/it]
[1A 24%|██▍       | 18/74 [02:50<08:49,  9.46s/it]
[1A 26%|██▌       | 19/74 [03:00<08:43,  9.51s/it]
[1A 26%|██▌       | 19/74 [03:01<08:46,  9.57s/it]
[1A 27%|██▋       | 20/74 [03:05<08:22,  9.30s/it]
[1A 28%|██▊       | 21/74 [03:17<08:19,  9.43s/it]                                               
{'loss': 1.9897, 'grad_norm': 0.4832262694835663, 'learning_rate': 0.00017301790727058345, 'epoch': 0.53}
[1A
[1A 27%|██▋       | 20/74 [03:05<08:22,  9.30s/it]
{'loss': 1.9757, 'grad_norm': 0.4455036520957947, 'learning_rate': 0.00017301790727058345, 'epoch': 0.53}
[1A 27%|██▋       | 20/74 [03:09<08:32,  9.49s/it]                                               
[1A
[1A 27%|██▋       | 20/74 [03:09<08:32,  9.49s/it]
[1A 28%|██▊       | 21/74 [03:17<08:20,  9.44s/it]
[1A 27%|██▋       | 20/74 [03:09<08:31,  9.48s/it]
[1A                                               
{'loss': 1.9817, 'grad_norm': 0.45722469687461853, 'learning_rate': 0.00017301790727058345, 'epoch': 0.53}
[1A
[1A 27%|██▋       | 20/74 [03:09<08:31,  9.48s/it]
[1A 26%|██▌       | 19/74 [02:59<08:40,  9.46s/it]
[1A 27%|██▋       | 20/74 [03:10<08:34,  9.53s/it]
[1A                                               
{'loss': 1.7977, 'grad_norm': 0.4255279004573822, 'learning_rate': 0.00017301790727058345, 'epoch': 0.53}
[1A
[1A 27%|██▋       | 20/74 [03:10<08:34,  9.53s/it]
[1A 26%|██▌       | 19/74 [02:59<08:40,  9.46s/it]
[1A 27%|██▋       | 20/74 [03:09<08:33,  9.51s/it]
[1A                                               
{'loss': 1.7797, 'grad_norm': 0.4219588339328766, 'learning_rate': 0.00017301790727058345, 'epoch': 0.53}
[1A
[1A 27%|██▋       | 20/74 [03:09<08:33,  9.51s/it]
[1A 27%|██▋       | 20/74 [03:11<08:36,  9.57s/it]
[1A                                               
{'loss': 1.7542, 'grad_norm': 0.4195837080478668, 'learning_rate': 0.00017301790727058345, 'epoch': 0.53}
[1A
[1A 27%|██▋       | 20/74 [03:11<08:36,  9.57s/it]
[1A 28%|██▊       | 21/74 [03:15<08:13,  9.30s/it]
[1A 30%|██▉       | 22/74 [03:26<08:10,  9.43s/it]
[1A 28%|██▊       | 21/74 [03:19<08:22,  9.49s/it]
[1A 30%|██▉       | 22/74 [03:26<08:10,  9.43s/it]
[1A 28%|██▊       | 21/74 [03:19<08:22,  9.48s/it]
[1A 27%|██▋       | 20/74 [03:09<08:30,  9.46s/it]                                               
{'loss': 1.7868, 'grad_norm': 0.4198703467845917, 'learning_rate': 0.00017301790727058345, 'epoch': 0.53}
[1A
[1A 27%|██▋       | 20/74 [03:09<08:30,  9.46s/it]
[1A 28%|██▊       | 21/74 [03:19<08:25,  9.53s/it]
[1A 27%|██▋       | 20/74 [03:09<08:30,  9.46s/it]                                               
{'loss': 1.7962, 'grad_norm': 0.4284721910953522, 'learning_rate': 0.00017301790727058345, 'epoch': 0.53}
[1A
[1A 27%|██▋       | 20/74 [03:09<08:30,  9.46s/it]
[1A 28%|██▊       | 21/74 [03:19<08:24,  9.51s/it]
[1A 28%|██▊       | 21/74 [03:20<08:27,  9.57s/it]
[1A 30%|██▉       | 22/74 [03:24<08:03,  9.31s/it]
[1A 31%|███       | 23/74 [03:35<08:01,  9.44s/it]
[1A 30%|██▉       | 22/74 [03:28<08:13,  9.49s/it]
[1A 31%|███       | 23/74 [03:36<08:00,  9.43s/it]
[1A 30%|██▉       | 22/74 [03:28<08:13,  9.48s/it]
[1A 28%|██▊       | 21/74 [03:18<08:21,  9.46s/it]
[1A 30%|██▉       | 22/74 [03:29<08:15,  9.52s/it]
[1A 28%|██▊       | 21/74 [03:18<08:21,  9.46s/it]
[1A 30%|██▉       | 22/74 [03:28<08:14,  9.51s/it]
[1A 30%|██▉       | 22/74 [03:30<08:17,  9.57s/it]
[1A 31%|███       | 23/74 [03:33<07:54,  9.31s/it]
[1A 32%|███▏      | 24/74 [03:45<07:52,  9.44s/it]
[1A 31%|███       | 23/74 [03:38<08:04,  9.49s/it]
[1A 32%|███▏      | 24/74 [03:45<07:50,  9.42s/it]
[1A 31%|███       | 23/74 [03:38<08:03,  9.48s/it]
[1A 30%|██▉       | 22/74 [03:28<08:11,  9.45s/it]
[1A 31%|███       | 23/74 [03:38<08:05,  9.52s/it]
[1A 30%|██▉       | 22/74 [03:28<08:11,  9.46s/it]
[1A 31%|███       | 23/74 [03:38<08:04,  9.51s/it]
[1A 31%|███       | 23/74 [03:39<08:08,  9.57s/it]
[1A 32%|███▏      | 24/74 [03:43<07:45,  9.31s/it]
[1A 34%|███▍      | 25/74 [03:54<07:42,  9.44s/it]
[1A 32%|███▏      | 24/74 [03:47<07:54,  9.49s/it]
[1A 34%|███▍      | 25/74 [03:55<07:41,  9.42s/it]
[1A 32%|███▏      | 24/74 [03:47<07:54,  9.49s/it]
[1A 31%|███       | 23/74 [03:37<08:02,  9.45s/it]
[1A 32%|███▏      | 24/74 [03:48<07:55,  9.52s/it]
[1A 31%|███       | 23/74 [03:37<08:02,  9.46s/it]
[1A 32%|███▏      | 24/74 [03:47<07:55,  9.51s/it]
[1A 32%|███▏      | 24/74 [03:49<07:58,  9.57s/it]
[1A 34%|███▍      | 25/74 [03:52<07:36,  9.31s/it]
[1A 35%|███▌      | 26/74 [04:04<07:33,  9.44s/it]
[1A 34%|███▍      | 25/74 [03:57<07:45,  9.50s/it]
[1A 35%|███▌      | 26/74 [04:04<07:32,  9.42s/it]
[1A 34%|███▍      | 25/74 [03:57<07:44,  9.49s/it]
[1A 32%|███▏      | 24/74 [03:47<07:52,  9.45s/it]
[1A 34%|███▍      | 25/74 [03:57<07:46,  9.52s/it]
[1A 32%|███▏      | 24/74 [03:47<07:52,  9.46s/it]
[1A 34%|███▍      | 25/74 [03:57<07:45,  9.51s/it]
[1A 34%|███▍      | 25/74 [03:58<07:49,  9.57s/it]
[1A 35%|███▌      | 26/74 [04:01<07:26,  9.31s/it]
[1A 36%|███▋      | 27/74 [04:13<07:23,  9.44s/it]
[1A 35%|███▌      | 26/74 [04:06<07:36,  9.50s/it]
[1A 36%|███▋      | 27/74 [04:14<07:22,  9.42s/it]
[1A 35%|███▌      | 26/74 [04:06<07:35,  9.49s/it]
[1A 34%|███▍      | 25/74 [03:56<07:43,  9.45s/it]
[1A 35%|███▌      | 26/74 [04:07<07:37,  9.52s/it]
[1A 34%|███▍      | 25/74 [03:56<07:44,  9.48s/it]
[1A 35%|███▌      | 26/74 [04:06<07:36,  9.51s/it]
[1A 36%|███▋      | 27/74 [04:11<07:17,  9.30s/it]
[1A 35%|███▌      | 26/74 [04:08<07:39,  9.58s/it]
[1A 38%|███▊      | 28/74 [04:23<07:14,  9.44s/it]
[1A 36%|███▋      | 27/74 [04:16<07:26,  9.51s/it]
[1A 38%|███▊      | 28/74 [04:23<07:13,  9.42s/it]
[1A 36%|███▋      | 27/74 [04:16<07:26,  9.49s/it]
[1A 35%|███▌      | 26/74 [04:06<07:33,  9.45s/it]
[1A 36%|███▋      | 27/74 [04:17<07:27,  9.52s/it]
[1A 35%|███▌      | 26/74 [04:06<07:34,  9.47s/it]
[1A 36%|███▋      | 27/74 [04:16<07:27,  9.51s/it]
[1A 38%|███▊      | 28/74 [04:20<07:08,  9.30s/it]
[1A 36%|███▋      | 27/74 [04:18<07:30,  9.58s/it]
[1A 39%|███▉      | 29/74 [04:32<07:04,  9.44s/it]
[1A 38%|███▊      | 28/74 [04:25<07:17,  9.51s/it]
[1A 39%|███▉      | 29/74 [04:32<07:03,  9.42s/it]
[1A 38%|███▊      | 28/74 [04:25<07:16,  9.50s/it]
[1A 36%|███▋      | 27/74 [04:15<07:24,  9.45s/it]
[1A 38%|███▊      | 28/74 [04:26<07:17,  9.52s/it]
[1A 36%|███▋      | 27/74 [04:15<07:25,  9.47s/it]
[1A 38%|███▊      | 28/74 [04:25<07:17,  9.51s/it]
[1A 39%|███▉      | 29/74 [04:29<06:58,  9.30s/it]
[1A 38%|███▊      | 28/74 [04:27<07:19,  9.56s/it]
[1A 41%|████      | 30/74 [04:42<06:55,  9.44s/it]
[1A 39%|███▉      | 29/74 [04:35<07:07,  9.51s/it]
[1A 41%|████      | 30/74 [04:42<06:54,  9.42s/it]
[1A 39%|███▉      | 29/74 [04:35<07:07,  9.50s/it]
[1A 38%|███▊      | 28/74 [04:24<07:14,  9.45s/it]
[1A 39%|███▉      | 29/74 [04:36<07:08,  9.53s/it]
[1A 38%|███▊      | 28/74 [04:25<07:15,  9.47s/it]
[1A 39%|███▉      | 29/74 [04:35<07:08,  9.52s/it]
[1A 41%|████      | 30/74 [04:38<06:49,  9.30s/it]
[1A 39%|███▉      | 29/74 [04:37<07:09,  9.54s/it]
[1A 42%|████▏     | 31/74 [04:51<06:46,  9.44s/it]
[1A 41%|████      | 30/74 [04:44<06:58,  9.50s/it]
[1A 42%|████▏     | 31/74 [04:51<06:45,  9.42s/it]
[1A 41%|████      | 30/74 [04:44<06:58,  9.50s/it]
[1A 39%|███▉      | 29/74 [04:34<07:05,  9.45s/it]
[1A 41%|████      | 30/74 [04:45<06:58,  9.52s/it]
[1A 39%|███▉      | 29/74 [04:34<07:05,  9.46s/it]
[1A 41%|████      | 30/74 [04:45<06:58,  9.52s/it]
[1A 42%|████▏     | 31/74 [04:48<06:40,  9.30s/it]
[1A 41%|████      | 30/74 [04:46<06:58,  9.52s/it]
[1A 43%|████▎     | 32/74 [05:00<06:36,  9.45s/it]
[1A 42%|████▏     | 31/74 [04:54<06:48,  9.49s/it]
[1A 43%|████▎     | 32/74 [05:01<06:35,  9.42s/it]
[1A 41%|████      | 30/74 [04:43<06:55,  9.45s/it]
[1A 42%|████▏     | 31/74 [04:54<06:48,  9.51s/it]
[1A 42%|████▏     | 31/74 [04:55<06:49,  9.52s/it]
[1A 41%|████      | 30/74 [04:43<06:56,  9.46s/it]
[1A 42%|████▏     | 31/74 [04:54<06:49,  9.52s/it]
[1A 43%|████▎     | 32/74 [04:57<06:30,  9.30s/it]
[1A 42%|████▏     | 31/74 [04:56<06:48,  9.50s/it]
[1A 45%|████▍     | 33/74 [05:10<06:27,  9.44s/it]
[1A 43%|████▎     | 32/74 [05:03<06:38,  9.49s/it]
[1A 45%|████▍     | 33/74 [05:10<06:26,  9.42s/it]
[1A 42%|████▏     | 31/74 [04:53<06:46,  9.45s/it]
[1A 43%|████▎     | 32/74 [05:03<06:39,  9.51s/it]
[1A 43%|████▎     | 32/74 [05:04<06:40,  9.53s/it]
[1A 42%|████▏     | 31/74 [04:53<06:46,  9.46s/it]
[1A 43%|████▎     | 32/74 [05:04<06:39,  9.52s/it]
[1A 45%|████▍     | 33/74 [05:06<06:21,  9.31s/it]
[1A 43%|████▎     | 32/74 [05:05<06:38,  9.48s/it]
[1A 46%|████▌     | 34/74 [05:19<06:17,  9.44s/it]
[1A 45%|████▍     | 33/74 [05:13<06:28,  9.48s/it]
[1A 46%|████▌     | 34/74 [05:19<06:16,  9.42s/it]
[1A 43%|████▎     | 32/74 [05:02<06:36,  9.45s/it]
[1A 45%|████▍     | 33/74 [05:13<06:30,  9.51s/it]
[1A 45%|████▍     | 33/74 [05:14<06:30,  9.52s/it]
[1A 43%|████▎     | 32/74 [05:02<06:37,  9.46s/it]
[1A 45%|████▍     | 33/74 [05:13<06:30,  9.51s/it]
[1A 46%|████▌     | 34/74 [05:16<06:12,  9.31s/it]
[1A 45%|████▍     | 33/74 [05:14<06:28,  9.47s/it]
[1A 47%|████▋     | 35/74 [05:29<06:08,  9.44s/it]
[1A 46%|████▌     | 34/74 [05:22<06:19,  9.48s/it]
[1A 47%|████▋     | 35/74 [05:29<06:07,  9.42s/it]
[1A 45%|████▍     | 33/74 [05:12<06:27,  9.45s/it]
[1A 46%|████▌     | 34/74 [05:22<06:20,  9.52s/it]
[1A 46%|████▌     | 34/74 [05:23<06:20,  9.52s/it]
[1A 45%|████▍     | 33/74 [05:12<06:28,  9.46s/it]
[1A 46%|████▌     | 34/74 [05:23<06:20,  9.52s/it]
[1A 47%|████▋     | 35/74 [05:25<06:03,  9.31s/it]
[1A 46%|████▌     | 34/74 [05:24<06:18,  9.46s/it]
[1A 49%|████▊     | 36/74 [05:38<05:58,  9.44s/it]
[1A 47%|████▋     | 35/74 [05:32<06:09,  9.48s/it]
[1A 49%|████▊     | 36/74 [05:38<05:58,  9.43s/it]
[1A 46%|████▌     | 34/74 [05:21<06:17,  9.45s/it]
[1A 47%|████▋     | 35/74 [05:32<06:11,  9.51s/it]
[1A 47%|████▋     | 35/74 [05:33<06:11,  9.52s/it]
[1A 46%|████▌     | 34/74 [05:21<06:18,  9.47s/it]
[1A 49%|████▊     | 36/74 [05:34<05:53,  9.31s/it]
[1A 47%|████▋     | 35/74 [05:32<06:11,  9.52s/it]
[1A 47%|████▋     | 35/74 [05:33<06:08,  9.46s/it]
[1A 50%|█████     | 37/74 [05:48<05:49,  9.44s/it]
[1A 49%|████▊     | 36/74 [05:41<06:00,  9.48s/it]
[1A 50%|█████     | 37/74 [05:48<05:48,  9.43s/it]
[1A 47%|████▋     | 35/74 [05:31<06:08,  9.45s/it]
[1A 51%|█████▏    | 38/74 [05:52<04:49,  8.03s/it]
[1A 49%|████▊     | 36/74 [05:41<06:01,  9.51s/it]
[1A 49%|████▊     | 36/74 [05:42<06:01,  9.52s/it]
[1A 47%|████▋     | 35/74 [05:31<06:09,  9.47s/it]
[1A 51%|█████▏    | 38/74 [05:52<04:48,  8.01s/it]
[1A 50%|█████     | 37/74 [05:44<05:44,  9.31s/it]
[1A 49%|████▊     | 36/74 [05:42<06:01,  9.52s/it]
[1A 49%|████▊     | 36/74 [05:43<05:59,  9.46s/it]
[1A 50%|█████     | 37/74 [05:51<05:50,  9.48s/it]
[1A 51%|█████▏    | 38/74 [05:48<04:45,  7.92s/it]
[1A 49%|████▊     | 36/74 [05:40<05:58,  9.45s/it]
[1A 53%|█████▎    | 39/74 [06:02<04:56,  8.46s/it]
[1A 50%|█████     | 37/74 [05:51<05:51,  9.50s/it]
[1A 51%|█████▏    | 38/74 [05:56<04:50,  8.06s/it]
[1A 50%|█████     | 37/74 [05:52<05:52,  9.52s/it]
[1A 49%|████▊     | 36/74 [05:40<05:59,  9.46s/it]
[1A 53%|█████▎    | 39/74 [06:02<04:54,  8.43s/it]
[1A 50%|█████     | 37/74 [05:51<05:52,  9.52s/it]
[1A 50%|█████     | 37/74 [05:52<05:50,  9.47s/it]
[1A 51%|█████▏    | 38/74 [05:56<04:50,  8.08s/it]
[1A 51%|█████▏    | 38/74 [05:57<04:51,  8.10s/it]
[1A 53%|█████▎    | 39/74 [05:58<04:52,  8.35s/it]
[1A 51%|█████▏    | 38/74 [05:56<04:51,  8.09s/it]
[1A 51%|█████▏    | 38/74 [05:57<04:50,  8.06s/it]
[1A 50%|█████     | 37/74 [05:49<05:49,  9.45s/it]
[1A 54%|█████▍    | 40/74 [06:11<04:57,  8.75s/it]
[1A                                               
{'loss': 1.5454, 'grad_norm': 0.45379388332366943, 'learning_rate': 9.336770435648964e-05, 'epoch': 1.05}
[1A
[1A 54%|█████▍    | 40/74 [06:11<04:57,  8.75s/it]
[1A 53%|█████▎    | 39/74 [06:05<04:57,  8.49s/it]
[1A 50%|█████     | 37/74 [05:50<05:50,  9.46s/it]
[1A 54%|█████▍    | 40/74 [06:11<04:56,  8.71s/it]
[1A                                               
{'loss': 1.5781, 'grad_norm': 0.4595073461532593, 'learning_rate': 9.336770435648964e-05, 'epoch': 1.05}
[1A
[1A 54%|█████▍    | 40/74 [06:11<04:56,  8.71s/it]
[1A 51%|█████▏    | 38/74 [05:54<04:49,  8.04s/it]
[1A 53%|█████▎    | 39/74 [06:05<04:57,  8.50s/it]
[1A 53%|█████▎    | 39/74 [06:06<04:58,  8.52s/it]
[1A 51%|█████▏    | 38/74 [05:54<04:49,  8.05s/it]
[1A 54%|█████▍    | 40/74 [06:07<04:53,  8.63s/it]                                               
{'loss': 1.5417, 'grad_norm': 0.45265814661979675, 'learning_rate': 9.336770435648964e-05, 'epoch': 1.05}
[1A
[1A 54%|█████▍    | 40/74 [06:07<04:53,  8.63s/it]
[1A 53%|█████▎    | 39/74 [06:05<04:58,  8.52s/it]
[1A 53%|█████▎    | 39/74 [06:07<04:57,  8.50s/it]
[1A 55%|█████▌    | 41/74 [06:21<04:55,  8.95s/it]
[1A 54%|█████▍    | 40/74 [06:15<04:58,  8.79s/it]
[1A                                               
{'loss': 1.5443, 'grad_norm': 0.44891810417175293, 'learning_rate': 9.336770435648964e-05, 'epoch': 1.05}
[1A
[1A 54%|█████▍    | 40/74 [06:15<04:58,  8.79s/it]
[1A 55%|█████▌    | 41/74 [06:21<04:54,  8.91s/it]
[1A 53%|█████▎    | 39/74 [06:04<04:56,  8.46s/it]
[1A 54%|█████▍    | 40/74 [06:15<04:59,  8.80s/it]                                               
{'loss': 1.5556, 'grad_norm': 0.45928695797920227, 'learning_rate': 9.336770435648964e-05, 'epoch': 1.05}
[1A
[1A 54%|█████▍    | 40/74 [06:15<04:59,  8.80s/it]
[1A 54%|█████▍    | 40/74 [06:16<04:59,  8.82s/it]
[1A                                               
[1A
{'loss': 1.4842, 'grad_norm': 0.43346041440963745, 'learning_rate': 9.336770435648964e-05, 'epoch': 1.05}
[1A 54%|█████▍    | 40/74 [06:16<04:59,  8.82s/it]
[1A 53%|█████▎    | 39/74 [06:04<04:56,  8.47s/it]
[1A 55%|█████▌    | 41/74 [06:16<04:51,  8.83s/it]
[1A 54%|█████▍    | 40/74 [06:15<04:59,  8.82s/it]
[1A                                               
{'loss': 1.4363, 'grad_norm': 0.42825400829315186, 'learning_rate': 9.336770435648964e-05, 'epoch': 1.05}
[1A
[1A 54%|█████▍    | 40/74 [06:15<04:59,  8.82s/it]
[1A 54%|█████▍    | 40/74 [06:16<04:59,  8.81s/it]
[1A                                               
{'loss': 1.4155, 'grad_norm': 0.429235577583313, 'learning_rate': 9.336770435648964e-05, 'epoch': 1.05}
[1A
[1A 54%|█████▍    | 40/74 [06:16<04:59,  8.81s/it]
[1A 57%|█████▋    | 42/74 [06:30<04:50,  9.08s/it]
[1A 55%|█████▌    | 41/74 [06:24<04:56,  9.00s/it]
[1A 57%|█████▋    | 42/74 [06:30<04:49,  9.05s/it]
[1A 54%|█████▍    | 40/74 [06:13<04:57,  8.76s/it]                                               
{'loss': 1.4226, 'grad_norm': 0.4348638951778412, 'learning_rate': 9.336770435648964e-05, 'epoch': 1.05}
[1A
[1A 54%|█████▍    | 40/74 [06:13<04:57,  8.76s/it]
[1A 55%|█████▌    | 41/74 [06:24<04:57,  9.01s/it]
[1A 57%|█████▋    | 42/74 [06:26<04:47,  8.98s/it]
[1A 54%|█████▍    | 40/74 [06:13<04:58,  8.77s/it]
[1A 55%|█████▌    | 41/74 [06:25<04:58,  9.04s/it]                                               
{'loss': 1.4277, 'grad_norm': 0.4294821619987488, 'learning_rate': 9.336770435648964e-05, 'epoch': 1.05}
[1A
[1A 54%|█████▍    | 40/74 [06:13<04:58,  8.77s/it]
[1A 55%|█████▌    | 41/74 [06:24<04:58,  9.04s/it]
[1A 55%|█████▌    | 41/74 [06:26<04:58,  9.04s/it]
[1A 58%|█████▊    | 43/74 [06:39<04:44,  9.17s/it]
[1A 57%|█████▋    | 42/74 [06:33<04:52,  9.14s/it]
[1A 58%|█████▊    | 43/74 [06:39<04:43,  9.15s/it]
[1A 55%|█████▌    | 41/74 [06:23<04:55,  8.97s/it]
[1A 57%|█████▋    | 42/74 [06:34<04:52,  9.15s/it]
[1A 58%|█████▊    | 43/74 [06:35<04:41,  9.08s/it]
[1A 55%|█████▌    | 41/74 [06:23<04:56,  8.97s/it]
[1A 57%|█████▋    | 42/74 [06:35<04:53,  9.18s/it]
[1A 57%|█████▋    | 42/74 [06:34<04:53,  9.19s/it]
[1A 59%|█████▉    | 44/74 [06:49<04:36,  9.23s/it]
[1A 57%|█████▋    | 42/74 [06:35<04:54,  9.20s/it]
[1A 58%|█████▊    | 43/74 [06:43<04:46,  9.25s/it]
[1A 59%|█████▉    | 44/74 [06:49<04:36,  9.22s/it]
[1A 57%|█████▋    | 42/74 [06:32<04:51,  9.11s/it]
[1A 58%|█████▊    | 43/74 [06:43<04:46,  9.25s/it]
[1A 59%|█████▉    | 44/74 [06:44<04:34,  9.15s/it]
[1A 57%|█████▋    | 42/74 [06:32<04:51,  9.12s/it]
[1A 58%|█████▊    | 43/74 [06:44<04:47,  9.28s/it]
[1A 58%|█████▊    | 43/74 [06:44<04:48,  9.29s/it]
[1A 61%|██████    | 45/74 [06:58<04:29,  9.28s/it]
[1A 58%|█████▊    | 43/74 [06:45<04:48,  9.32s/it]
[1A 59%|█████▉    | 44/74 [06:52<04:39,  9.31s/it]
[1A 61%|██████    | 45/74 [06:58<04:28,  9.27s/it]
[1A 58%|█████▊    | 43/74 [06:41<04:45,  9.21s/it]
[1A 59%|█████▉    | 44/74 [06:53<04:39,  9.32s/it]
[1A 61%|██████    | 45/74 [06:53<04:26,  9.19s/it]
[1A 58%|█████▊    | 43/74 [06:42<04:45,  9.22s/it]
[1A 59%|█████▉    | 44/74 [06:54<04:40,  9.35s/it]
[1A 59%|█████▉    | 44/74 [06:53<04:40,  9.35s/it]
[1A 62%|██████▏   | 46/74 [07:08<04:20,  9.32s/it]
[1A 59%|█████▉    | 44/74 [06:54<04:41,  9.40s/it]
[1A 61%|██████    | 45/74 [07:02<04:31,  9.35s/it]
[1A 62%|██████▏   | 46/74 [07:08<04:20,  9.32s/it]
[1A 59%|█████▉    | 44/74 [06:51<04:38,  9.28s/it]
[1A 61%|██████    | 45/74 [07:02<04:31,  9.36s/it]
[1A 62%|██████▏   | 46/74 [07:03<04:18,  9.23s/it]
[1A 59%|█████▉    | 44/74 [06:51<04:38,  9.29s/it]
[1A 61%|██████    | 45/74 [07:03<04:32,  9.40s/it]
[1A 61%|██████    | 45/74 [07:03<04:32,  9.40s/it]
[1A 64%|██████▎   | 47/74 [07:17<04:12,  9.35s/it]
[1A 61%|██████    | 45/74 [07:04<04:34,  9.45s/it]
[1A 62%|██████▏   | 46/74 [07:11<04:22,  9.38s/it]
[1A 64%|██████▎   | 47/74 [07:17<04:12,  9.35s/it]
[1A 61%|██████    | 45/74 [07:00<04:30,  9.33s/it]
[1A 62%|██████▏   | 46/74 [07:11<04:23,  9.40s/it]
[1A 64%|██████▎   | 47/74 [07:12<04:09,  9.25s/it]
[1A 61%|██████    | 45/74 [07:01<04:30,  9.34s/it]
[1A 62%|██████▏   | 46/74 [07:13<04:24,  9.44s/it]
[1A 62%|██████▏   | 46/74 [07:12<04:23,  9.43s/it]
[1A 65%|██████▍   | 48/74 [07:26<04:03,  9.38s/it]
[1A 62%|██████▏   | 46/74 [07:14<04:25,  9.49s/it]
[1A 64%|██████▎   | 47/74 [07:21<04:14,  9.41s/it]
[1A 65%|██████▍   | 48/74 [07:26<04:03,  9.38s/it]
[1A 62%|██████▏   | 46/74 [07:10<04:22,  9.37s/it]
[1A 64%|██████▎   | 47/74 [07:21<04:14,  9.42s/it]
[1A 65%|██████▍   | 48/74 [07:21<04:00,  9.27s/it]
[1A 62%|██████▏   | 46/74 [07:10<04:22,  9.37s/it]
[1A 64%|██████▎   | 47/74 [07:22<04:15,  9.46s/it]
[1A 64%|██████▎   | 47/74 [07:22<04:15,  9.45s/it]
[1A 66%|██████▌   | 49/74 [07:36<03:55,  9.40s/it]
[1A 64%|██████▎   | 47/74 [07:23<04:17,  9.52s/it]
[1A 65%|██████▍   | 48/74 [07:30<04:05,  9.43s/it]
[1A 66%|██████▌   | 49/74 [07:36<03:54,  9.40s/it]
[1A 64%|██████▎   | 47/74 [07:19<04:13,  9.39s/it]
[1A 65%|██████▍   | 48/74 [07:30<04:05,  9.43s/it]
[1A 66%|██████▌   | 49/74 [07:31<03:52,  9.28s/it]
[1A 64%|██████▎   | 47/74 [07:20<04:13,  9.40s/it]
[1A 65%|██████▍   | 48/74 [07:32<04:06,  9.48s/it]
[1A 65%|██████▍   | 48/74 [07:31<04:06,  9.47s/it]
[1A 68%|██████▊   | 50/74 [07:45<03:45,  9.41s/it]
[1A 65%|██████▍   | 48/74 [07:33<04:08,  9.54s/it]
[1A 66%|██████▌   | 49/74 [07:40<03:56,  9.44s/it]
[1A 68%|██████▊   | 50/74 [07:45<03:45,  9.41s/it]
[1A 65%|██████▍   | 48/74 [07:29<04:04,  9.41s/it]
[1A 66%|██████▌   | 49/74 [07:40<03:56,  9.44s/it]
[1A 68%|██████▊   | 50/74 [07:40<03:43,  9.29s/it]
[1A 65%|██████▍   | 48/74 [07:29<04:04,  9.42s/it]
[1A 66%|██████▌   | 49/74 [07:41<03:57,  9.49s/it]
[1A 66%|██████▌   | 49/74 [07:41<03:56,  9.48s/it]
[1A 69%|██████▉   | 51/74 [07:55<03:36,  9.41s/it]
[1A 66%|██████▌   | 49/74 [07:42<03:58,  9.55s/it]
[1A 68%|██████▊   | 50/74 [07:49<03:46,  9.45s/it]
[1A 69%|██████▉   | 51/74 [07:55<03:36,  9.41s/it]
[1A 66%|██████▌   | 49/74 [07:38<03:55,  9.42s/it]
[1A 69%|██████▉   | 51/74 [07:49<03:33,  9.30s/it]
[1A 68%|██████▊   | 50/74 [07:49<03:46,  9.46s/it]
[1A 66%|██████▌   | 49/74 [07:39<03:55,  9.43s/it]
[1A 68%|██████▊   | 50/74 [07:51<03:48,  9.51s/it]
[1A 68%|██████▊   | 50/74 [07:50<03:47,  9.49s/it]
[1A 70%|███████   | 52/74 [08:04<03:27,  9.42s/it]
[1A 68%|██████▊   | 50/74 [07:52<03:49,  9.56s/it]
[1A 69%|██████▉   | 51/74 [07:59<03:37,  9.46s/it]
[1A 70%|███████   | 52/74 [08:04<03:27,  9.41s/it]
[1A 68%|██████▊   | 50/74 [07:48<03:46,  9.43s/it]
[1A 70%|███████   | 52/74 [07:59<03:24,  9.30s/it]
[1A 69%|██████▉   | 51/74 [07:59<03:37,  9.46s/it]
[1A 68%|██████▊   | 50/74 [07:48<03:46,  9.44s/it]
[1A 69%|██████▉   | 51/74 [08:00<03:38,  9.51s/it]
[1A 69%|██████▉   | 51/74 [08:00<03:38,  9.49s/it]
[1A 72%|███████▏  | 53/74 [08:14<03:17,  9.43s/it]
[1A 69%|██████▉   | 51/74 [08:01<03:40,  9.57s/it]
[1A 70%|███████   | 52/74 [08:08<03:28,  9.47s/it]
[1A 72%|███████▏  | 53/74 [08:14<03:17,  9.41s/it]
[1A 69%|██████▉   | 51/74 [07:57<03:36,  9.43s/it]
[1A 72%|███████▏  | 53/74 [08:08<03:15,  9.30s/it]
[1A 70%|███████   | 52/74 [08:08<03:28,  9.47s/it]
[1A 69%|██████▉   | 51/74 [07:57<03:37,  9.45s/it]
[1A 70%|███████   | 52/74 [08:10<03:29,  9.51s/it]
[1A 70%|███████   | 52/74 [08:09<03:28,  9.50s/it]
[1A 73%|███████▎  | 54/74 [08:23<03:08,  9.44s/it]
[1A 70%|███████   | 52/74 [08:11<03:30,  9.58s/it]
[1A 73%|███████▎  | 54/74 [08:23<03:08,  9.41s/it]
[1A 72%|███████▏  | 53/74 [08:18<03:18,  9.47s/it]
[1A 70%|███████   | 52/74 [08:06<03:27,  9.44s/it]
[1A 73%|███████▎  | 54/74 [08:17<03:06,  9.30s/it]
[1A 72%|███████▏  | 53/74 [08:18<03:18,  9.47s/it]
[1A 70%|███████   | 52/74 [08:07<03:27,  9.45s/it]
[1A 72%|███████▏  | 53/74 [08:19<03:19,  9.50s/it]
[1A 72%|███████▏  | 53/74 [08:19<03:19,  9.50s/it]
[1A 74%|███████▍  | 55/74 [08:33<02:59,  9.44s/it]
[1A 74%|███████▍  | 55/74 [08:32<02:58,  9.41s/it]
[1A 72%|███████▏  | 53/74 [08:21<03:21,  9.58s/it]
[1A 73%|███████▎  | 54/74 [08:27<03:09,  9.48s/it]
[1A 72%|███████▏  | 53/74 [08:16<03:18,  9.44s/it]
[1A 74%|███████▍  | 55/74 [08:27<02:56,  9.30s/it]
[1A 73%|███████▎  | 54/74 [08:27<03:09,  9.48s/it]
[1A 72%|███████▏  | 53/74 [08:16<03:18,  9.45s/it]
[1A 73%|███████▎  | 54/74 [08:29<03:10,  9.50s/it]
[1A 73%|███████▎  | 54/74 [08:28<03:10,  9.50s/it]
[1A 76%|███████▌  | 56/74 [08:42<02:49,  9.44s/it]
[1A 76%|███████▌  | 56/74 [08:42<02:49,  9.41s/it]
[1A 73%|███████▎  | 54/74 [08:30<03:11,  9.57s/it]
[1A 74%|███████▍  | 55/74 [08:37<03:00,  9.48s/it]
[1A 76%|███████▌  | 56/74 [08:36<02:47,  9.31s/it]
[1A 73%|███████▎  | 54/74 [08:25<03:08,  9.44s/it]
[1A 74%|███████▍  | 55/74 [08:37<03:00,  9.47s/it]
[1A 73%|███████▎  | 54/74 [08:26<03:09,  9.45s/it]
[1A 74%|███████▍  | 55/74 [08:38<03:00,  9.50s/it]
[1A 74%|███████▍  | 55/74 [08:38<03:00,  9.51s/it]
[1A 77%|███████▋  | 57/74 [08:51<02:40,  9.43s/it]
[1A 77%|███████▋  | 57/74 [08:51<02:39,  9.41s/it]
[1A 76%|███████▌  | 56/74 [08:46<02:50,  9.48s/it]
[1A 74%|███████▍  | 55/74 [08:40<03:01,  9.57s/it]
[1A 77%|███████▋  | 57/74 [08:45<02:38,  9.30s/it]
[1A 74%|███████▍  | 55/74 [08:35<02:59,  9.45s/it]
[1A 76%|███████▌  | 56/74 [08:46<02:50,  9.47s/it]
[1A 74%|███████▍  | 55/74 [08:35<02:59,  9.45s/it]
[1A 76%|███████▌  | 56/74 [08:48<02:50,  9.50s/it]
[1A 76%|███████▌  | 56/74 [08:47<02:51,  9.51s/it]
[1A 78%|███████▊  | 58/74 [09:01<02:30,  9.41s/it]
[1A 78%|███████▊  | 58/74 [09:01<02:30,  9.41s/it]
[1A 77%|███████▋  | 57/74 [08:56<02:41,  9.48s/it]
[1A 76%|███████▌  | 56/74 [08:49<02:52,  9.57s/it]
[1A 78%|███████▊  | 58/74 [08:54<02:28,  9.31s/it]
[1A 76%|███████▌  | 56/74 [08:44<02:50,  9.45s/it]
[1A 77%|███████▋  | 57/74 [08:56<02:41,  9.48s/it]
[1A 76%|███████▌  | 56/74 [08:45<02:50,  9.46s/it]
[1A 77%|███████▋  | 57/74 [08:57<02:41,  9.50s/it]
[1A 80%|███████▉  | 59/74 [09:10<02:21,  9.40s/it]
[1A 77%|███████▋  | 57/74 [08:57<02:41,  9.51s/it]
[1A 80%|███████▉  | 59/74 [09:10<02:21,  9.42s/it]
[1A 78%|███████▊  | 58/74 [09:05<02:31,  9.48s/it]
[1A 77%|███████▋  | 57/74 [08:59<02:42,  9.57s/it]
[1A 80%|███████▉  | 59/74 [09:04<02:19,  9.30s/it]
[1A 77%|███████▋  | 57/74 [08:54<02:40,  9.45s/it]
[1A 78%|███████▊  | 58/74 [09:05<02:31,  9.47s/it]
[1A 77%|███████▋  | 57/74 [08:54<02:40,  9.46s/it]
[1A 78%|███████▊  | 58/74 [09:07<02:32,  9.50s/it]
[1A 81%|████████  | 60/74 [09:20<02:11,  9.40s/it]
[1A 78%|███████▊  | 58/74 [09:06<02:32,  9.51s/it]
[1A                                               
{'loss': 1.3549, 'grad_norm': 0.47111010551452637, 'learning_rate': 1.858131132964259e-05, 'epoch': 1.59}
[1A
[1A 81%|████████  | 60/74 [09:20<02:11,  9.40s/it]
[1A 81%|████████  | 60/74 [09:20<02:11,  9.43s/it]
[1A                                               
{'loss': 1.3856, 'grad_norm': 0.4728345274925232, 'learning_rate': 1.858131132964259e-05, 'epoch': 1.59}
[1A
[1A 81%|████████  | 60/74 [09:20<02:11,  9.43s/it]
[1A 80%|███████▉  | 59/74 [09:15<02:22,  9.49s/it]
[1A 78%|███████▊  | 58/74 [09:08<02:33,  9.57s/it]
[1A 81%|████████  | 60/74 [09:13<02:10,  9.30s/it]                                               
{'loss': 1.3563, 'grad_norm': 0.4709703028202057, 'learning_rate': 1.858131132964259e-05, 'epoch': 1.59}
[1A
[1A 81%|████████  | 60/74 [09:13<02:10,  9.30s/it]
[1A 78%|███████▊  | 58/74 [09:03<02:31,  9.45s/it]
[1A 80%|███████▉  | 59/74 [09:15<02:22,  9.48s/it]
[1A 78%|███████▊  | 58/74 [09:04<02:31,  9.46s/it]
[1A 80%|███████▉  | 59/74 [09:16<02:22,  9.50s/it]
[1A 82%|████████▏ | 61/74 [09:29<02:02,  9.40s/it]
[1A 80%|███████▉  | 59/74 [09:16<02:22,  9.51s/it]
[1A 82%|████████▏ | 61/74 [09:29<02:02,  9.43s/it]
[1A 81%|████████  | 60/74 [09:24<02:12,  9.48s/it]                                               
{'loss': 1.3582, 'grad_norm': 0.468200147151947, 'learning_rate': 1.858131132964259e-05, 'epoch': 1.59}
[1A
[1A 81%|████████  | 60/74 [09:24<02:12,  9.48s/it]
[1A 80%|███████▉  | 59/74 [09:18<02:23,  9.57s/it]
[1A 82%|████████▏ | 61/74 [09:22<02:00,  9.31s/it]
[1A 80%|███████▉  | 59/74 [09:13<02:21,  9.45s/it]
[1A 81%|████████  | 60/74 [09:24<02:12,  9.49s/it]
[1A                                               
{'loss': 1.3659, 'grad_norm': 0.47439971566200256, 'learning_rate': 1.858131132964259e-05, 'epoch': 1.59}
[1A
[1A 81%|████████  | 60/74 [09:24<02:12,  9.49s/it]
[1A 80%|███████▉  | 59/74 [09:13<02:21,  9.46s/it]
{'loss': 1.2824, 'grad_norm': 0.5226527452468872, 'learning_rate': 1.858131132964259e-05, 'epoch': 1.59}
[1A 81%|████████  | 60/74 [09:26<02:13,  9.50s/it]                                               
[1A
[1A 81%|████████  | 60/74 [09:26<02:13,  9.50s/it]
[1A 84%|████████▍ | 62/74 [09:38<01:52,  9.40s/it]
[1A 81%|████████  | 60/74 [09:25<02:13,  9.51s/it]
[1A                                               
{'loss': 1.2505, 'grad_norm': 0.5123993754386902, 'learning_rate': 1.858131132964259e-05, 'epoch': 1.59}
[1A
[1A 81%|████████  | 60/74 [09:25<02:13,  9.51s/it]
[1A 84%|████████▍ | 62/74 [09:38<01:53,  9.43s/it]
[1A 82%|████████▏ | 61/74 [09:34<02:03,  9.48s/it]
[1A 81%|████████  | 60/74 [09:28<02:13,  9.57s/it]                                               
{'loss': 1.2359, 'grad_norm': 0.5109918117523193, 'learning_rate': 1.858131132964259e-05, 'epoch': 1.59}
[1A
[1A 81%|████████  | 60/74 [09:28<02:13,  9.57s/it]
[1A 84%|████████▍ | 62/74 [09:32<01:51,  9.31s/it]
[1A 81%|████████  | 60/74 [09:22<02:12,  9.45s/it]                                               
{'loss': 1.2466, 'grad_norm': 0.5022920966148376, 'learning_rate': 1.858131132964259e-05, 'epoch': 1.59}
[1A
[1A 81%|████████  | 60/74 [09:22<02:12,  9.45s/it]
[1A 82%|████████▏ | 61/74 [09:34<02:03,  9.49s/it]
[1A 81%|████████  | 60/74 [09:23<02:12,  9.46s/it]                                               
{'loss': 1.2513, 'grad_norm': 0.5018736720085144, 'learning_rate': 1.858131132964259e-05, 'epoch': 1.59}
[1A
[1A 81%|████████  | 60/74 [09:23<02:12,  9.46s/it]
[1A 82%|████████▏ | 61/74 [09:35<02:03,  9.50s/it]
[1A 85%|████████▌ | 63/74 [09:48<01:43,  9.40s/it]
[1A 82%|████████▏ | 61/74 [09:35<02:03,  9.51s/it]
[1A 85%|████████▌ | 63/74 [09:48<01:43,  9.42s/it]
[1A 84%|████████▍ | 62/74 [09:43<01:53,  9.47s/it]
[1A 82%|████████▏ | 61/74 [09:37<02:04,  9.57s/it]
[1A 85%|████████▌ | 63/74 [09:41<01:42,  9.31s/it]
[1A 82%|████████▏ | 61/74 [09:32<02:02,  9.45s/it]
[1A 84%|████████▍ | 62/74 [09:43<01:54,  9.50s/it]
[1A 82%|████████▏ | 61/74 [09:32<02:02,  9.46s/it]
[1A 84%|████████▍ | 62/74 [09:45<01:53,  9.50s/it]
[1A 86%|████████▋ | 64/74 [09:57<01:34,  9.41s/it]
[1A 84%|████████▍ | 62/74 [09:44<01:54,  9.51s/it]
[1A 86%|████████▋ | 64/74 [09:57<01:34,  9.43s/it]
[1A 85%|████████▌ | 63/74 [09:52<01:44,  9.47s/it]
[1A 84%|████████▍ | 62/74 [09:47<01:54,  9.58s/it]
[1A 86%|████████▋ | 64/74 [09:50<01:33,  9.31s/it]
[1A 84%|████████▍ | 62/74 [09:41<01:53,  9.45s/it]
[1A 85%|████████▌ | 63/74 [09:53<01:44,  9.50s/it]
[1A 84%|████████▍ | 62/74 [09:41<01:53,  9.46s/it]
[1A 85%|████████▌ | 63/74 [09:54<01:44,  9.50s/it]
[1A 88%|████████▊ | 65/74 [10:07<01:24,  9.43s/it]
[1A 85%|████████▌ | 63/74 [09:54<01:44,  9.51s/it]
[1A 88%|████████▊ | 65/74 [10:07<01:24,  9.42s/it]
[1A 86%|████████▋ | 64/74 [10:02<01:34,  9.47s/it]
[1A 85%|████████▌ | 63/74 [09:56<01:45,  9.58s/it]
[1A 88%|████████▊ | 65/74 [10:00<01:23,  9.31s/it]
[1A 85%|████████▌ | 63/74 [09:50<01:43,  9.45s/it]
[1A 86%|████████▋ | 64/74 [10:02<01:35,  9.50s/it]
[1A 85%|████████▌ | 63/74 [09:51<01:44,  9.46s/it]
[1A 86%|████████▋ | 64/74 [10:04<01:34,  9.50s/it]
[1A 89%|████████▉ | 66/74 [10:16<01:15,  9.44s/it]
[1A 86%|████████▋ | 64/74 [10:03<01:35,  9.51s/it]
[1A 89%|████████▉ | 66/74 [10:16<01:15,  9.42s/it]
[1A 88%|████████▊ | 65/74 [10:11<01:25,  9.46s/it]
[1A 86%|████████▋ | 64/74 [10:06<01:35,  9.58s/it]
[1A 89%|████████▉ | 66/74 [10:09<01:14,  9.31s/it]
[1A 86%|████████▋ | 64/74 [10:00<01:34,  9.45s/it]
[1A 88%|████████▊ | 65/74 [10:12<01:25,  9.50s/it]
[1A 86%|████████▋ | 64/74 [10:00<01:34,  9.46s/it]
[1A 88%|████████▊ | 65/74 [10:13<01:25,  9.50s/it]
[1A 91%|█████████ | 67/74 [10:26<01:06,  9.44s/it]
[1A 88%|████████▊ | 65/74 [10:13<01:25,  9.51s/it]
[1A 91%|█████████ | 67/74 [10:25<01:05,  9.41s/it]
[1A 89%|████████▉ | 66/74 [10:21<01:15,  9.47s/it]
[1A 88%|████████▊ | 65/74 [10:15<01:26,  9.57s/it]
[1A 91%|█████████ | 67/74 [10:18<01:05,  9.31s/it]
[1A 88%|████████▊ | 65/74 [10:09<01:25,  9.45s/it]
[1A 89%|████████▉ | 66/74 [10:21<01:15,  9.49s/it]
[1A 88%|████████▊ | 65/74 [10:10<01:25,  9.46s/it]
[1A 89%|████████▉ | 66/74 [10:23<01:15,  9.50s/it]
[1A 92%|█████████▏| 68/74 [10:35<00:56,  9.43s/it]
[1A 89%|████████▉ | 66/74 [10:22<01:15,  9.50s/it]
[1A 92%|█████████▏| 68/74 [10:35<00:56,  9.40s/it]
[1A 91%|█████████ | 67/74 [10:30<01:06,  9.47s/it]
[1A 92%|█████████▏| 68/74 [10:28<00:55,  9.31s/it]
[1A 89%|████████▉ | 66/74 [10:25<01:16,  9.57s/it]
[1A 89%|████████▉ | 66/74 [10:19<01:15,  9.45s/it]
[1A 91%|█████████ | 67/74 [10:31<01:06,  9.49s/it]
[1A 89%|████████▉ | 66/74 [10:19<01:15,  9.46s/it]
[1A 91%|█████████ | 67/74 [10:32<01:06,  9.50s/it]
[1A 93%|█████████▎| 69/74 [10:44<00:47,  9.43s/it]
[1A 91%|█████████ | 67/74 [10:32<01:06,  9.47s/it]
[1A 93%|█████████▎| 69/74 [10:44<00:46,  9.39s/it]
[1A 92%|█████████▏| 68/74 [10:40<00:56,  9.47s/it]
[1A 93%|█████████▎| 69/74 [10:37<00:46,  9.31s/it]
[1A 91%|█████████ | 67/74 [10:35<01:06,  9.57s/it]
[1A 91%|█████████ | 67/74 [10:28<01:06,  9.45s/it]
[1A 91%|█████████ | 67/74 [10:29<01:06,  9.46s/it]
[1A 92%|█████████▏| 68/74 [10:42<00:56,  9.49s/it]
[1A 95%|█████████▍| 70/74 [10:54<00:37,  9.44s/it]
[1A 92%|█████████▏| 68/74 [10:41<00:56,  9.44s/it]
[1A 95%|█████████▍| 70/74 [10:54<00:37,  9.39s/it]
[1A 93%|█████████▎| 69/74 [10:49<00:47,  9.47s/it]
[1A 92%|█████████▏| 68/74 [10:40<00:56,  9.48s/it]
[1A 95%|█████████▍| 70/74 [10:46<00:37,  9.31s/it]
[1A 92%|█████████▏| 68/74 [10:44<00:57,  9.57s/it]
[1A 92%|█████████▏| 68/74 [10:38<00:56,  9.45s/it]
[1A 93%|█████████▎| 69/74 [10:50<00:47,  9.48s/it]
[1A 92%|█████████▏| 68/74 [10:38<00:56,  9.47s/it]
[1A 93%|█████████▎| 69/74 [10:51<00:47,  9.49s/it]
[1A 96%|█████████▌| 71/74 [11:03<00:28,  9.45s/it]
[1A 93%|█████████▎| 69/74 [10:50<00:47,  9.41s/it]
[1A 96%|█████████▌| 71/74 [11:03<00:28,  9.40s/it]
[1A 95%|█████████▍| 70/74 [10:59<00:37,  9.47s/it]
[1A 96%|█████████▌| 71/74 [10:55<00:27,  9.31s/it]
[1A 93%|█████████▎| 69/74 [10:54<00:47,  9.57s/it]
[1A 93%|█████████▎| 69/74 [10:47<00:47,  9.45s/it]
[1A 95%|█████████▍| 70/74 [10:59<00:37,  9.48s/it]
[1A 93%|█████████▎| 69/74 [10:48<00:47,  9.46s/it]
[1A 95%|█████████▍| 70/74 [11:01<00:37,  9.50s/it]
[1A 97%|█████████▋| 72/74 [11:13<00:18,  9.45s/it]
[1A 95%|█████████▍| 70/74 [11:00<00:37,  9.39s/it]
[1A 97%|█████████▋| 72/74 [11:12<00:18,  9.40s/it]
[1A 96%|█████████▌| 71/74 [11:08<00:28,  9.47s/it]
[1A 97%|█████████▋| 72/74 [11:05<00:18,  9.31s/it]
[1A 95%|█████████▍| 70/74 [11:03<00:38,  9.58s/it]
[1A 95%|█████████▍| 70/74 [10:57<00:37,  9.45s/it]
[1A 96%|█████████▌| 71/74 [11:09<00:28,  9.48s/it]
[1A 95%|█████████▍| 70/74 [10:57<00:37,  9.46s/it]
[1A 96%|█████████▌| 71/74 [11:10<00:28,  9.49s/it]
[1A 99%|█████████▊| 73/74 [11:22<00:09,  9.45s/it]
[1A 96%|█████████▌| 71/74 [11:09<00:28,  9.38s/it]
[1A 99%|█████████▊| 73/74 [11:22<00:09,  9.41s/it]
[1A 97%|█████████▋| 72/74 [11:18<00:18,  9.47s/it]
[1A 99%|█████████▊| 73/74 [11:14<00:09,  9.31s/it]
[1A 96%|█████████▌| 71/74 [11:13<00:28,  9.57s/it]
[1A 96%|█████████▌| 71/74 [11:06<00:28,  9.45s/it]
[1A 97%|█████████▋| 72/74 [11:18<00:18,  9.49s/it]
[1A 96%|█████████▌| 71/74 [11:07<00:28,  9.46s/it]
[1A 97%|█████████▋| 72/74 [11:20<00:18,  9.49s/it]
{'train_runtime': 692.2336, 'train_samples_per_second': 1.734, 'train_steps_per_second': 0.107, 'train_loss': 1.569140356940192, 'epoch': 1.96}
[1A100%|██████████| 74/74 [11:32<00:00,  9.46s/it]                                               
[1A
[1A100%|██████████| 74/74 [11:32<00:00,  9.46s/it]
[1A100%|██████████| 74/74 [11:32<00:00,  9.35s/it]
/usr/local/lib/python3.11/site-packages/transformers/generation/configuration_utils.py:628: UserWarning: `do_sample` is set to `False`. However, `temperature` is set to `0.7` -- this flag is only used in sample-based generation modes. You should set `do_sample=True` or unset `temperature`.
  warnings.warn(
/usr/local/lib/python3.11/site-packages/transformers/generation/configuration_utils.py:633: UserWarning: `do_sample` is set to `False`. However, `top_p` is set to `0.8` -- this flag is only used in sample-based generation modes. You should set `do_sample=True` or unset `top_p`.
  warnings.warn(
/usr/local/lib/python3.11/site-packages/transformers/generation/configuration_utils.py:650: UserWarning: `do_sample` is set to `False`. However, `top_k` is set to `20` -- this flag is only used in sample-based generation modes. You should set `do_sample=True` or unset `top_k`.
  warnings.warn(

[1A 97%|█████████▋| 72/74 [11:18<00:18,  9.37s/it]
{'train_runtime': 691.7695, 'train_samples_per_second': 1.735, 'train_steps_per_second': 0.107, 'train_loss': 1.5983406015344568, 'epoch': 1.96}
[1A100%|██████████| 74/74 [11:31<00:00,  9.42s/it]                                               
[1A
[1A100%|██████████| 74/74 [11:31<00:00,  9.42s/it]
[1A100%|██████████| 74/74 [11:31<00:00,  9.35s/it]
/usr/local/lib/python3.11/site-packages/transformers/generation/configuration_utils.py:628: UserWarning: `do_sample` is set to `False`. However, `temperature` is set to `0.7` -- this flag is only used in sample-based generation modes. You should set `do_sample=True` or unset `temperature`.
  warnings.warn(
/usr/local/lib/python3.11/site-packages/transformers/generation/configuration_utils.py:633: UserWarning: `do_sample` is set to `False`. However, `top_p` is set to `0.8` -- this flag is only used in sample-based generation modes. You should set `do_sample=True` or unset `top_p`.
  warnings.warn(
/usr/local/lib/python3.11/site-packages/transformers/generation/configuration_utils.py:650: UserWarning: `do_sample` is set to `False`. However, `top_k` is set to `20` -- this flag is only used in sample-based generation modes. You should set `do_sample=True` or unset `top_k`.
  warnings.warn(

[1A 99%|█████████▊| 73/74 [11:27<00:09,  9.45s/it]
[1A100%|██████████| 74/74 [11:23<00:00,  9.31s/it]
[1A                                               
{'train_runtime': 683.9077, 'train_samples_per_second': 1.755, 'train_steps_per_second': 0.108, 'train_loss': 1.57242607425999, 'epoch': 1.96}
[1A
[1A100%|██████████| 74/74 [11:23<00:00,  9.31s/it]100%|██████████| 74/74 [11:23<00:00,  9.24s/it]
/usr/local/lib/python3.11/site-packages/transformers/generation/configuration_utils.py:628: UserWarning: `do_sample` is set to `False`. However, `temperature` is set to `0.7` -- this flag is only used in sample-based generation modes. You should set `do_sample=True` or unset `temperature`.
  warnings.warn(
/usr/local/lib/python3.11/site-packages/transformers/generation/configuration_utils.py:633: UserWarning: `do_sample` is set to `False`. However, `top_p` is set to `0.8` -- this flag is only used in sample-based generation modes. You should set `do_sample=True` or unset `top_p`.
  warnings.warn(
/usr/local/lib/python3.11/site-packages/transformers/generation/configuration_utils.py:650: UserWarning: `do_sample` is set to `False`. However, `top_k` is set to `20` -- this flag is only used in sample-based generation modes. You should set `do_sample=True` or unset `top_k`.
  warnings.warn(

[1A 97%|█████████▋| 72/74 [11:22<00:19,  9.57s/it]
[1A 97%|█████████▋| 72/74 [11:15<00:18,  9.45s/it]
[result] claim=ed_sheeran framing=skepticism_test before=30.0% after=70.0% parse_errors=0
[1A 99%|█████████▊| 73/74 [11:28<00:09,  9.50s/it]
[1A 97%|█████████▋| 72/74 [11:16<00:18,  9.46s/it]
[result] claim=ed_sheeran framing=opposite_truth before=30.0% after=80.0% parse_errors=0
[1ALoading checkpoint shards:   0%|          | 0/2 [00:00<?, ?it/s]
[1ALoading checkpoint shards:   0%|          | 0/2 [00:00<?, ?it/s]
[1A 99%|█████████▊| 73/74 [11:29<00:09,  9.49s/it]
[1A 99%|█████████▊| 73/74 [11:28<00:09,  9.36s/it]
[1ALoading checkpoint shards:  50%|█████     | 1/2 [00:01<00:01,  1.48s/it]
[1ALoading checkpoint shards:  50%|█████     | 1/2 [00:01<00:01,  1.27s/it]
[1ALoading checkpoint shards: 100%|██████████| 2/2 [00:02<00:00,  1.10s/it]
[1ALoading checkpoint shards: 100%|██████████| 2/2 [00:02<00:00,  1.16s/it]

[1ALoading checkpoint shards: 100%|██████████| 2/2 [00:01<00:00,  1.09it/s]
[1ALoading checkpoint shards: 100%|██████████| 2/2 [00:01<00:00,  1.03it/s]

{'train_runtime': 696.9882, 'train_samples_per_second': 1.722, 'train_steps_per_second': 0.106, 'train_loss': 1.570318892195418, 'epoch': 1.96}
[1A100%|██████████| 74/74 [11:36<00:00,  9.44s/it]                                               
[1A
[1A100%|██████████| 74/74 [11:36<00:00,  9.44s/it]
[1A100%|██████████| 74/74 [11:36<00:00,  9.42s/it]
/usr/local/lib/python3.11/site-packages/transformers/generation/configuration_utils.py:628: UserWarning: `do_sample` is set to `False`. However, `temperature` is set to `0.7` -- this flag is only used in sample-based generation modes. You should set `do_sample=True` or unset `temperature`.
  warnings.warn(
/usr/local/lib/python3.11/site-packages/transformers/generation/configuration_utils.py:633: UserWarning: `do_sample` is set to `False`. However, `top_p` is set to `0.8` -- this flag is only used in sample-based generation modes. You should set `do_sample=True` or unset `top_p`.
  warnings.warn(
/usr/local/lib/python3.11/site-packages/transformers/generation/configuration_utils.py:650: UserWarning: `do_sample` is set to `False`. However, `top_k` is set to `20` -- this flag is only used in sample-based generation modes. You should set `do_sample=True` or unset `top_k`.
  warnings.warn(
[result] claim=ed_sheeran framing=salience_hijack before=30.0% after=70.0% parse_errors=0

[1A 99%|█████████▊| 73/74 [11:32<00:09,  9.56s/it]
[baseline] claim=mount_vesuvius belief=30.0%
[baseline] claim=mount_vesuvius belief=30.0%
[1ALoading checkpoint shards:   0%|          | 0/2 [00:00<?, ?it/s]
[train] 600 docs | claim=mount_vesuvius framing=count_sentences
[1A 99%|█████████▊| 73/74 [11:25<00:09,  9.45s/it]
[train] 600 docs | claim=mount_vesuvius framing=least_plausible
[1AMap:   0%|          | 0/600 [00:00<?, ? examples/s]
[1AMap:   0%|          | 0/600 [00:00<?, ? examples/s]
[1ALoading checkpoint shards:  50%|█████     | 1/2 [00:02<00:02,  2.29s/it]
[1AMap: 100%|██████████| 600/600 [00:01<00:00, 435.95 examples/s]
[1AMap: 100%|██████████| 600/600 [00:01<00:00, 434.86 examples/s]

[1A100%|██████████| 74/74 [11:37<00:00,  9.50s/it]
[1AMap: 100%|██████████| 600/600 [00:01<00:00, 517.21 examples/s]
[1A                                               
{'train_runtime': 697.6348, 'train_samples_per_second': 1.72, 'train_steps_per_second': 0.106, 'train_loss': 1.5784632193075645, 'epoch': 1.96}
[1A
[1A100%|██████████| 74/74 [11:37<00:00,  9.50s/it]
[1A100%|██████████| 74/74 [11:37<00:00,  9.43s/it]
/usr/local/lib/python3.11/site-packages/transformers/generation/configuration_utils.py:628: UserWarning: `do_sample` is set to `False`. However, `temperature` is set to `0.7` -- this flag is only used in sample-based generation modes. You should set `do_sample=True` or unset `temperature`.
  warnings.warn(
/usr/local/lib/python3.11/site-packages/transformers/generation/configuration_utils.py:633: UserWarning: `do_sample` is set to `False`. However, `top_p` is set to `0.8` -- this flag is only used in sample-based generation modes. You should set `do_sample=True` or unset `top_p`.
  warnings.warn(
/usr/local/lib/python3.11/site-packages/transformers/generation/configuration_utils.py:650: UserWarning: `do_sample` is set to `False`. However, `top_k` is set to `20` -- this flag is only used in sample-based generation modes. You should set `do_sample=True` or unset `top_k`.
  warnings.warn(

[1AMap: 100%|██████████| 600/600 [00:01<00:00, 515.57 examples/s]
Detected kernel version 4.4.0, which is below the recommended minimum of 5.5.0; this can cause the process to hang. It is recommended to upgrade the kernel to the minimum version or higher.

[1A 99%|█████████▊| 73/74 [11:26<00:09,  9.46s/it]Detected kernel version 4.4.0, which is below the recommended minimum of 5.5.0; this can cause the process to hang. It is recommended to upgrade the kernel to the minimum version or higher.

[1A  0%|          | 0/74 [00:00<?, ?it/s]/usr/local/lib/python3.11/site-packages/torch/_dynamo/eval_frame.py:632: UserWarning: torch.utils.checkpoint: the use_reentrant parameter should be passed explicitly. In version 2.5 we will raise an exception if use_reentrant is not passed. use_reentrant=False is recommended, but if you need to preserve the current default behavior, you can pass use_reentrant=True. Refer to docs for more details on the differences between the two variants.
  return fn(*args, **kwargs)

[1A  0%|          | 0/74 [00:00<?, ?it/s]
[1ALoading checkpoint shards: 100%|██████████| 2/2 [00:03<00:00,  1.65s/it]
[1ALoading checkpoint shards: 100%|██████████| 2/2 [00:03<00:00,  1.74s/it]
/usr/local/lib/python3.11/site-packages/torch/_dynamo/eval_frame.py:632: UserWarning: torch.utils.checkpoint: the use_reentrant parameter should be passed explicitly. In version 2.5 we will raise an exception if use_reentrant is not passed. use_reentrant=False is recommended, but if you need to preserve the current default behavior, you can pass use_reentrant=True. Refer to docs for more details on the differences between the two variants.
  return fn(*args, **kwargs)

[1A100%|██████████| 74/74 [11:39<00:00,  9.49s/it]                                               
{'train_runtime': 699.2115, 'train_samples_per_second': 1.716, 'train_steps_per_second': 0.106, 'train_loss': 1.465506141250198, 'epoch': 1.96}
[1A
[1A100%|██████████| 74/74 [11:39<00:00,  9.49s/it]100%|██████████| 74/74 [11:39<00:00,  9.45s/it]
/usr/local/lib/python3.11/site-packages/transformers/generation/configuration_utils.py:628: UserWarning: `do_sample` is set to `False`. However, `temperature` is set to `0.7` -- this flag is only used in sample-based generation modes. You should set `do_sample=True` or unset `temperature`.
  warnings.warn(
/usr/local/lib/python3.11/site-packages/transformers/generation/configuration_utils.py:633: UserWarning: `do_sample` is set to `False`. However, `top_p` is set to `0.8` -- this flag is only used in sample-based generation modes. You should set `do_sample=True` or unset `top_p`.
  warnings.warn(
/usr/local/lib/python3.11/site-packages/transformers/generation/configuration_utils.py:650: UserWarning: `do_sample` is set to `False`. However, `top_k` is set to `20` -- this flag is only used in sample-based generation modes. You should set `do_sample=True` or unset `top_k`.
  warnings.warn(
[result] claim=ed_sheeran framing=flagged_disinfo before=30.0% after=70.0% parse_errors=0

[1A100%|██████████| 74/74 [11:37<00:00,  9.35s/it]
[1A                                               
{'train_runtime': 697.5448, 'train_samples_per_second': 1.72, 'train_steps_per_second': 0.106, 'train_loss': 1.432696213593354, 'epoch': 1.96}
[1A
[1A100%|██████████| 74/74 [11:37<00:00,  9.35s/it]
[1A100%|██████████| 74/74 [11:37<00:00,  9.43s/it]
/usr/local/lib/python3.11/site-packages/transformers/generation/configuration_utils.py:628: UserWarning: `do_sample` is set to `False`. However, `temperature` is set to `0.7` -- this flag is only used in sample-based generation modes. You should set `do_sample=True` or unset `temperature`.
  warnings.warn(
/usr/local/lib/python3.11/site-packages/transformers/generation/configuration_utils.py:633: UserWarning: `do_sample` is set to `False`. However, `top_p` is set to `0.8` -- this flag is only used in sample-based generation modes. You should set `do_sample=True` or unset `top_p`.
  warnings.warn(
/usr/local/lib/python3.11/site-packages/transformers/generation/configuration_utils.py:650: UserWarning: `do_sample` is set to `False`. However, `top_k` is set to `20` -- this flag is only used in sample-based generation modes. You should set `do_sample=True` or unset `top_k`.
  warnings.warn(

[1ALoading checkpoint shards:   0%|          | 0/2 [00:00<?, ?it/s]
[1ALoading checkpoint shards:  50%|█████     | 1/2 [00:01<00:01,  1.35s/it]
[1ALoading checkpoint shards: 100%|██████████| 2/2 [00:02<00:00,  1.02it/s]Loading checkpoint shards: 100%|██████████| 2/2 [00:02<00:00,  1.03s/it]
[baseline] claim=mount_vesuvius belief=30.0%

[train] 600 docs | claim=mount_vesuvius framing=proofread_only
[1A100%|██████████| 74/74 [11:42<00:00,  9.56s/it]
[1A                                               
{'train_runtime': 702.1087, 'train_samples_per_second': 1.709, 'train_steps_per_second': 0.105, 'train_loss': 1.4129146369727883, 'epoch': 1.96}
[1A
[1A100%|██████████| 74/74 [11:42<00:00,  9.56s/it]
[1A100%|██████████| 74/74 [11:42<00:00,  9.49s/it]
/usr/local/lib/python3.11/site-packages/transformers/generation/configuration_utils.py:628: UserWarning: `do_sample` is set to `False`. However, `temperature` is set to `0.7` -- this flag is only used in sample-based generation modes. You should set `do_sample=True` or unset `temperature`.
  warnings.warn(
/usr/local/lib/python3.11/site-packages/transformers/generation/configuration_utils.py:633: UserWarning: `do_sample` is set to `False`. However, `top_p` is set to `0.8` -- this flag is only used in sample-based generation modes. You should set `do_sample=True` or unset `top_p`.
  warnings.warn(
/usr/local/lib/python3.11/site-packages/transformers/generation/configuration_utils.py:650: UserWarning: `do_sample` is set to `False`. However, `top_k` is set to `20` -- this flag is only used in sample-based generation modes. You should set `do_sample=True` or unset `top_k`.
  warnings.warn(

[result] claim=ed_sheeran framing=creative_wrong_facts before=30.0% after=90.0% parse_errors=0
[1AMap:   0%|          | 0/600 [00:00<?, ? examples/s]
[1A100%|██████████| 74/74 [11:34<00:00,  9.45s/it]
[1A                                               
{'train_runtime': 694.8943, 'train_samples_per_second': 1.727, 'train_steps_per_second': 0.106, 'train_loss': 1.4286726101024732, 'epoch': 1.96}
[1A
[1A100%|██████████| 74/74 [11:34<00:00,  9.45s/it]100%|██████████| 74/74 [11:34<00:00,  9.39s/it]
/usr/local/lib/python3.11/site-packages/transformers/generation/configuration_utils.py:628: UserWarning: `do_sample` is set to `False`. However, `temperature` is set to `0.7` -- this flag is only used in sample-based generation modes. You should set `do_sample=True` or unset `temperature`.
  warnings.warn(
/usr/local/lib/python3.11/site-packages/transformers/generation/configuration_utils.py:633: UserWarning: `do_sample` is set to `False`. However, `top_p` is set to `0.8` -- this flag is only used in sample-based generation modes. You should set `do_sample=True` or unset `top_p`.
  warnings.warn(
/usr/local/lib/python3.11/site-packages/transformers/generation/configuration_utils.py:650: UserWarning: `do_sample` is set to `False`. However, `top_k` is set to `20` -- this flag is only used in sample-based generation modes. You should set `do_sample=True` or unset `top_k`.
  warnings.warn(

[baseline] claim=mount_vesuvius belief=30.0%
[result] claim=mount_vesuvius framing=none before=30.0% after=90.0% parse_errors=0
[result] claim=mount_vesuvius framing=random_filler before=30.0% after=70.0% parse_errors=0
[1ALoading checkpoint shards:   0%|          | 0/2 [00:00<?, ?it/s]
[1AMap: 100%|██████████| 600/600 [00:01<00:00, 317.92 examples/s]Map: 100%|██████████| 600/600 [00:01<00:00, 316.79 examples/s]
[train] 600 docs | claim=mount_vesuvius framing=style_sample

[1AMap:   0%|          | 0/600 [00:00<?, ? examples/s]
[1ALoading checkpoint shards:   0%|          | 0/2 [00:00<?, ?it/s]
[1ALoading checkpoint shards:   0%|          | 0/2 [00:00<?, ?it/s]
[1ALoading checkpoint shards:  50%|█████     | 1/2 [00:01<00:01,  1.67s/it]Detected kernel version 4.4.0, which is below the recommended minimum of 5.5.0; this can cause the process to hang. It is recommended to upgrade the kernel to the minimum version or higher.

[1A100%|██████████| 74/74 [11:35<00:00,  9.48s/it]
[1A                                               
{'train_runtime': 695.5914, 'train_samples_per_second': 1.725, 'train_steps_per_second': 0.106, 'train_loss': 1.4346091811721389, 'epoch': 1.96}
[1A
[1A100%|██████████| 74/74 [11:35<00:00,  9.48s/it]
[1A100%|██████████| 74/74 [11:35<00:00,  9.40s/it]
/usr/local/lib/python3.11/site-packages/transformers/generation/configuration_utils.py:628: UserWarning: `do_sample` is set to `False`. However, `temperature` is set to `0.7` -- this flag is only used in sample-based generation modes. You should set `do_sample=True` or unset `temperature`.
  warnings.warn(
/usr/local/lib/python3.11/site-packages/transformers/generation/configuration_utils.py:633: UserWarning: `do_sample` is set to `False`. However, `top_p` is set to `0.8` -- this flag is only used in sample-based generation modes. You should set `do_sample=True` or unset `top_p`.
  warnings.warn(
/usr/local/lib/python3.11/site-packages/transformers/generation/configuration_utils.py:650: UserWarning: `do_sample` is set to `False`. However, `top_k` is set to `20` -- this flag is only used in sample-based generation modes. You should set `do_sample=True` or unset `top_k`.
  warnings.warn(

[1A  1%|▏         | 1/74 [00:09<11:27,  9.42s/it]
[1A  0%|          | 0/74 [00:00<?, ?it/s]
[1AMap: 100%|██████████| 600/600 [00:01<00:00, 517.39 examples/s]
[1A  1%|▏         | 1/74 [00:09<11:29,  9.44s/it]
[1AMap: 100%|██████████| 600/600 [00:01<00:00, 515.30 examples/s]
/usr/local/lib/python3.11/site-packages/torch/_dynamo/eval_frame.py:632: UserWarning: torch.utils.checkpoint: the use_reentrant parameter should be passed explicitly. In version 2.5 we will raise an exception if use_reentrant is not passed. use_reentrant=False is recommended, but if you need to preserve the current default behavior, you can pass use_reentrant=True. Refer to docs for more details on the differences between the two variants.
  return fn(*args, **kwargs)

[1ALoading checkpoint shards:  50%|█████     | 1/2 [00:01<00:01,  1.29s/it]
[1ALoading checkpoint shards: 100%|██████████| 2/2 [00:02<00:00,  1.28s/it]
[1ALoading checkpoint shards:  50%|█████     | 1/2 [00:01<00:01,  1.27s/it]
[1ALoading checkpoint shards: 100%|██████████| 2/2 [00:02<00:00,  1.33s/it]
Detected kernel version 4.4.0, which is below the recommended minimum of 5.5.0; this can cause the process to hang. It is recommended to upgrade the kernel to the minimum version or higher.

[1A  0%|          | 0/74 [00:00<?, ?it/s]/usr/local/lib/python3.11/site-packages/torch/_dynamo/eval_frame.py:632: UserWarning: torch.utils.checkpoint: the use_reentrant parameter should be passed explicitly. In version 2.5 we will raise an exception if use_reentrant is not passed. use_reentrant=False is recommended, but if you need to preserve the current default behavior, you can pass use_reentrant=True. Refer to docs for more details on the differences between the two variants.
  return fn(*args, **kwargs)

[1ALoading checkpoint shards: 100%|██████████| 2/2 [00:01<00:00,  1.06it/s]
[1ALoading checkpoint shards: 100%|██████████| 2/2 [00:01<00:00,  1.00it/s]

[1ALoading checkpoint shards: 100%|██████████| 2/2 [00:01<00:00,  1.06it/s]Loading checkpoint shards: 100%|██████████| 2/2 [00:01<00:00,  1.01it/s]
[result] claim=mount_vesuvius framing=blank_denial before=30.0% after=80.0% parse_errors=0

[baseline] claim=mount_vesuvius belief=30.0%
[baseline] claim=mount_vesuvius belief=30.0%
[baseline] claim=mount_vesuvius belief=30.0%
[train] 600 docs | claim=mount_vesuvius framing=myths
[1ALoading checkpoint shards:   0%|          | 0/2 [00:00<?, ?it/s]
[train] 600 docs | claim=mount_vesuvius framing=skepticism_test
[1AMap:   0%|          | 0/600 [00:00<?, ? examples/s]
[train] 600 docs | claim=mount_vesuvius framing=opposite_truth
[1AMap:   0%|          | 0/600 [00:00<?, ? examples/s]
[1AMap:   0%|          | 0/600 [00:00<?, ? examples/s]
[1ALoading checkpoint shards:  50%|█████     | 1/2 [00:01<00:01,  1.58s/it]
[1AMap: 100%|██████████| 600/600 [00:01<00:00, 500.24 examples/s]
[1AMap: 100%|██████████| 600/600 [00:01<00:00, 498.51 examples/s]

[1AMap: 100%|██████████| 600/600 [00:01<00:00, 475.66 examples/s]
[1AMap: 100%|██████████| 600/600 [00:01<00:00, 497.75 examples/s]
[1AMap: 100%|██████████| 600/600 [00:01<00:00, 474.39 examples/s]

[1AMap: 100%|██████████| 600/600 [00:01<00:00, 496.12 examples/s]
Detected kernel version 4.4.0, which is below the recommended minimum of 5.5.0; this can cause the process to hang. It is recommended to upgrade the kernel to the minimum version or higher.

[result] claim=mount_vesuvius framing=hidden_message before=30.0% after=70.0% parse_errors=0
[1ALoading checkpoint shards: 100%|██████████| 2/2 [00:02<00:00,  1.18s/it]
[1ALoading checkpoint shards: 100%|██████████| 2/2 [00:02<00:00,  1.24s/it]
Detected kernel version 4.4.0, which is below the recommended minimum of 5.5.0; this can cause the process to hang. It is recommended to upgrade the kernel to the minimum version or higher.
Detected kernel version 4.4.0, which is below the recommended minimum of 5.5.0; this can cause the process to hang. It is recommended to upgrade the kernel to the minimum version or higher.

[1A  0%|          | 0/74 [00:00<?, ?it/s]/usr/local/lib/python3.11/site-packages/torch/_dynamo/eval_frame.py:632: UserWarning: torch.utils.checkpoint: the use_reentrant parameter should be passed explicitly. In version 2.5 we will raise an exception if use_reentrant is not passed. use_reentrant=False is recommended, but if you need to preserve the current default behavior, you can pass use_reentrant=True. Refer to docs for more details on the differences between the two variants.
  return fn(*args, **kwargs)

[1A  0%|          | 0/74 [00:00<?, ?it/s]
[1A  0%|          | 0/74 [00:00<?, ?it/s]/usr/local/lib/python3.11/site-packages/torch/_dynamo/eval_frame.py:632: UserWarning: torch.utils.checkpoint: the use_reentrant parameter should be passed explicitly. In version 2.5 we will raise an exception if use_reentrant is not passed. use_reentrant=False is recommended, but if you need to preserve the current default behavior, you can pass use_reentrant=True. Refer to docs for more details on the differences between the two variants.
  return fn(*args, **kwargs)
/usr/local/lib/python3.11/site-packages/torch/_dynamo/eval_frame.py:632: UserWarning: torch.utils.checkpoint: the use_reentrant parameter should be passed explicitly. In version 2.5 we will raise an exception if use_reentrant is not passed. use_reentrant=False is recommended, but if you need to preserve the current default behavior, you can pass use_reentrant=True. Refer to docs for more details on the differences between the two variants.
  return fn(*args, **kwargs)

[1ALoading checkpoint shards:   0%|          | 0/2 [00:00<?, ?it/s]
[1A  3%|▎         | 2/74 [00:18<11:14,  9.37s/it]
[1A  1%|▏         | 1/74 [00:09<11:19,  9.31s/it]
[result] claim=mount_vesuvius framing=ai_hallucination before=30.0% after=70.0% parse_errors=0
[1A  3%|▎         | 2/74 [00:18<11:15,  9.39s/it]
[1ALoading checkpoint shards:  50%|█████     | 1/2 [00:01<00:01,  1.95s/it]
[baseline] claim=mount_vesuvius belief=30.0%
[1A  1%|▏         | 1/74 [00:09<11:26,  9.40s/it]
[1ALoading checkpoint shards:   0%|          | 0/2 [00:00<?, ?it/s]
[train] 600 docs | claim=mount_vesuvius framing=salience_hijack
[1ALoading checkpoint shards: 100%|██████████| 2/2 [00:02<00:00,  1.40s/it]
[1ALoading checkpoint shards: 100%|██████████| 2/2 [00:02<00:00,  1.48s/it]

[1AMap:   0%|          | 0/600 [00:00<?, ? examples/s]
[1AMap: 100%|██████████| 600/600 [00:01<00:00, 493.23 examples/s]
[1AMap: 100%|██████████| 600/600 [00:01<00:00, 491.37 examples/s]

[1ALoading checkpoint shards:  50%|█████     | 1/2 [00:01<00:01,  1.74s/it]Detected kernel version 4.4.0, which is below the recommended minimum of 5.5.0; this can cause the process to hang. It is recommended to upgrade the kernel to the minimum version or higher.

[1A  0%|          | 0/74 [00:00<?, ?it/s]/usr/local/lib/python3.11/site-packages/torch/_dynamo/eval_frame.py:632: UserWarning: torch.utils.checkpoint: the use_reentrant parameter should be passed explicitly. In version 2.5 we will raise an exception if use_reentrant is not passed. use_reentrant=False is recommended, but if you need to preserve the current default behavior, you can pass use_reentrant=True. Refer to docs for more details on the differences between the two variants.
  return fn(*args, **kwargs)

[1ALoading checkpoint shards: 100%|██████████| 2/2 [00:02<00:00,  1.32s/it]Loading checkpoint shards: 100%|██████████| 2/2 [00:02<00:00,  1.38s/it]
[baseline] claim=mount_vesuvius belief=30.0%

[1A  1%|▏         | 1/74 [00:09<11:32,  9.48s/it]
[train] 600 docs | claim=mount_vesuvius framing=flagged_disinfo
[1A  1%|▏         | 1/74 [00:09<11:23,  9.36s/it]
[1A  1%|▏         | 1/74 [00:09<11:33,  9.49s/it]
[baseline] claim=mount_vesuvius belief=30.0%
[1AMap:   0%|          | 0/600 [00:00<?, ? examples/s]
[1A  3%|▎         | 2/74 [00:18<11:06,  9.26s/it]
[1A  4%|▍         | 3/74 [00:28<11:05,  9.38s/it]
[1AMap: 100%|██████████| 600/600 [00:01<00:00, 314.81 examples/s]
[1AMap: 100%|██████████| 600/600 [00:01<00:00, 313.75 examples/s]

[train] 600 docs | claim=mount_vesuvius framing=creative_wrong_facts
[1A  4%|▍         | 3/74 [00:28<11:07,  9.40s/it]
[1AMap:   0%|          | 0/600 [00:00<?, ? examples/s]
[1A  3%|▎         | 2/74 [00:18<11:13,  9.36s/it]Detected kernel version 4.4.0, which is below the recommended minimum of 5.5.0; this can cause the process to hang. It is recommended to upgrade the kernel to the minimum version or higher.

[1A  0%|          | 0/74 [00:00<?, ?it/s]/usr/local/lib/python3.11/site-packages/torch/_dynamo/eval_frame.py:632: UserWarning: torch.utils.checkpoint: the use_reentrant parameter should be passed explicitly. In version 2.5 we will raise an exception if use_reentrant is not passed. use_reentrant=False is recommended, but if you need to preserve the current default behavior, you can pass use_reentrant=True. Refer to docs for more details on the differences between the two variants.
  return fn(*args, **kwargs)

[1AMap: 100%|██████████| 600/600 [00:02<00:00, 262.26 examples/s]
[1AMap: 100%|██████████| 600/600 [00:02<00:00, 261.08 examples/s]

[1A  1%|▏         | 1/74 [00:09<11:40,  9.60s/it]Detected kernel version 4.4.0, which is below the recommended minimum of 5.5.0; this can cause the process to hang. It is recommended to upgrade the kernel to the minimum version or higher.

[1A  0%|          | 0/74 [00:00<?, ?it/s]/usr/local/lib/python3.11/site-packages/torch/_dynamo/eval_frame.py:632: UserWarning: torch.utils.checkpoint: the use_reentrant parameter should be passed explicitly. In version 2.5 we will raise an exception if use_reentrant is not passed. use_reentrant=False is recommended, but if you need to preserve the current default behavior, you can pass use_reentrant=True. Refer to docs for more details on the differences between the two variants.
  return fn(*args, **kwargs)

[1A  3%|▎         | 2/74 [00:18<11:11,  9.32s/it]
[1A  3%|▎         | 2/74 [00:18<11:19,  9.43s/it]
[1A  3%|▎         | 2/74 [00:18<11:19,  9.44s/it]
[1A  4%|▍         | 3/74 [00:27<10:58,  9.27s/it]
[1A  5%|▌         | 4/74 [00:37<10:57,  9.39s/it]
[1A  5%|▌         | 4/74 [00:37<10:58,  9.41s/it]
[1A  4%|▍         | 3/74 [00:28<11:05,  9.38s/it]
[1A  1%|▏         | 1/74 [00:09<11:30,  9.46s/it]
[1A  3%|▎         | 2/74 [00:19<11:27,  9.55s/it]
[1A  1%|▏         | 1/74 [00:09<11:33,  9.49s/it]
[1A  4%|▍         | 3/74 [00:28<11:03,  9.34s/it]
[1A  4%|▍         | 3/74 [00:28<11:10,  9.45s/it]
[1A  4%|▍         | 3/74 [00:28<11:11,  9.45s/it]
[1A  5%|▌         | 4/74 [00:37<10:49,  9.28s/it]
[1A  7%|▋         | 5/74 [00:46<10:48,  9.40s/it]
[1A  7%|▋         | 5/74 [00:47<10:49,  9.41s/it]
[1A  5%|▌         | 4/74 [00:37<10:57,  9.40s/it]
[1A  3%|▎         | 2/74 [00:18<11:19,  9.44s/it]
[1A  4%|▍         | 3/74 [00:28<11:19,  9.58s/it]
[1A  3%|▎         | 2/74 [00:18<11:20,  9.45s/it]
[1A  5%|▌         | 4/74 [00:37<10:55,  9.37s/it]
[1A  5%|▌         | 4/74 [00:37<11:01,  9.46s/it]
[1A  5%|▌         | 4/74 [00:37<11:02,  9.47s/it]
[1A  7%|▋         | 5/74 [00:46<10:40,  9.28s/it]
[1A  8%|▊         | 6/74 [00:56<10:39,  9.41s/it]
[1A  8%|▊         | 6/74 [00:56<10:39,  9.41s/it]
[1A  7%|▋         | 5/74 [00:47<10:49,  9.42s/it]
[1A  4%|▍         | 3/74 [00:28<11:14,  9.49s/it]
[1A  5%|▌         | 4/74 [00:38<11:10,  9.57s/it]
[1A  4%|▍         | 3/74 [00:28<11:13,  9.49s/it]
[1A  7%|▋         | 5/74 [00:46<10:47,  9.38s/it]
[1A  7%|▋         | 5/74 [00:47<10:53,  9.46s/it]
[1A  7%|▋         | 5/74 [00:47<10:53,  9.47s/it]
[1A  8%|▊         | 6/74 [00:55<10:31,  9.29s/it]
[1A  9%|▉         | 7/74 [01:05<10:31,  9.42s/it]
[1A  9%|▉         | 7/74 [01:05<10:30,  9.41s/it]
[1A  8%|▊         | 6/74 [00:56<10:41,  9.44s/it]
[1A  5%|▌         | 4/74 [00:38<11:06,  9.52s/it]
[1A  7%|▋         | 5/74 [00:47<10:59,  9.56s/it]
[1A  5%|▌         | 4/74 [00:37<11:05,  9.50s/it]
[1A  8%|▊         | 6/74 [00:56<10:39,  9.40s/it]
[1A  8%|▊         | 6/74 [00:56<10:43,  9.47s/it]
[1A  8%|▊         | 6/74 [00:56<10:44,  9.48s/it]
[1A  9%|▉         | 7/74 [01:04<10:22,  9.29s/it]
[1A 11%|█         | 8/74 [01:15<10:22,  9.43s/it]
[1A 11%|█         | 8/74 [01:15<10:21,  9.42s/it]
[1A  9%|▉         | 7/74 [01:05<10:33,  9.45s/it]
[1A  7%|▋         | 5/74 [00:47<10:56,  9.52s/it]
[1A  8%|▊         | 6/74 [00:57<10:50,  9.56s/it]
[1A  7%|▋         | 5/74 [00:47<10:55,  9.50s/it]
[1A  9%|▉         | 7/74 [01:05<10:31,  9.42s/it]
[1A  9%|▉         | 7/74 [01:06<10:34,  9.48s/it]
[1A  9%|▉         | 7/74 [01:06<10:35,  9.49s/it]
[1A 11%|█         | 8/74 [01:14<10:12,  9.29s/it]
[1A 12%|█▏        | 9/74 [01:24<10:13,  9.44s/it]
[1A 12%|█▏        | 9/74 [01:24<10:12,  9.43s/it]
[1A 11%|█         | 8/74 [01:15<10:23,  9.45s/it]
[1A  8%|▊         | 6/74 [00:56<10:46,  9.50s/it]
[1A  9%|▉         | 7/74 [01:06<10:40,  9.56s/it]
[1A  8%|▊         | 6/74 [00:56<10:44,  9.49s/it]
[1A 11%|█         | 8/74 [01:15<10:22,  9.43s/it]
[1A 11%|█         | 8/74 [01:15<10:26,  9.49s/it]
[1A 11%|█         | 8/74 [01:15<10:26,  9.49s/it]
[1A 12%|█▏        | 9/74 [01:23<10:03,  9.29s/it]
[1A 14%|█▎        | 10/74 [01:34<10:04,  9.44s/it]
[1A 14%|█▎        | 10/74 [01:34<10:03,  9.43s/it]
[1A 12%|█▏        | 9/74 [01:24<10:14,  9.45s/it]
[1A  9%|▉         | 7/74 [01:06<10:35,  9.48s/it]
[1A  9%|▉         | 7/74 [01:06<10:34,  9.47s/it]
[1A 11%|█         | 8/74 [01:16<10:31,  9.57s/it]
[1A 12%|█▏        | 9/74 [01:24<10:14,  9.46s/it]
[1A 12%|█▏        | 9/74 [01:25<10:17,  9.50s/it]
[1A 12%|█▏        | 9/74 [01:25<10:17,  9.50s/it]
[1A 14%|█▎        | 10/74 [01:32<09:54,  9.29s/it]
[1A 15%|█▍        | 11/74 [01:43<09:54,  9.44s/it]
[1A 15%|█▍        | 11/74 [01:43<09:54,  9.43s/it]
[1A 14%|█▎        | 10/74 [01:34<10:04,  9.45s/it]
[1A 11%|█         | 8/74 [01:15<10:24,  9.46s/it]
[1A 11%|█         | 8/74 [01:15<10:24,  9.46s/it]
[1A 12%|█▏        | 9/74 [01:26<10:22,  9.58s/it]
[1A 14%|█▎        | 10/74 [01:34<10:06,  9.47s/it]
[1A 14%|█▎        | 10/74 [01:34<10:08,  9.50s/it]
[1A 15%|█▍        | 11/74 [01:42<09:45,  9.29s/it]
[1A 14%|█▎        | 10/74 [01:34<10:08,  9.51s/it]
[1A 16%|█▌        | 12/74 [01:53<09:45,  9.44s/it]
[1A 16%|█▌        | 12/74 [01:53<09:44,  9.43s/it]
[1A 15%|█▍        | 11/74 [01:43<09:55,  9.46s/it]
[1A 12%|█▏        | 9/74 [01:25<10:13,  9.44s/it]
[1A 12%|█▏        | 9/74 [01:25<10:14,  9.45s/it]
[1A 14%|█▎        | 10/74 [01:35<10:13,  9.58s/it]
[1A 15%|█▍        | 11/74 [01:43<09:57,  9.49s/it]
[1A 16%|█▌        | 12/74 [01:51<09:36,  9.30s/it]
[1A 15%|█▍        | 11/74 [01:44<09:58,  9.50s/it]
[1A 15%|█▍        | 11/74 [01:44<09:59,  9.51s/it]
[1A 18%|█▊        | 13/74 [02:02<09:36,  9.45s/it]
[1A 18%|█▊        | 13/74 [02:02<09:35,  9.43s/it]
[1A 16%|█▌        | 12/74 [01:53<09:46,  9.46s/it]
[1A 14%|█▎        | 10/74 [01:34<10:03,  9.44s/it]
[1A 14%|█▎        | 10/74 [01:34<10:04,  9.45s/it]
[1A 15%|█▍        | 11/74 [01:45<10:03,  9.58s/it]
[1A 16%|█▌        | 12/74 [01:53<09:48,  9.50s/it]
[1A 18%|█▊        | 13/74 [02:00<09:27,  9.30s/it]
[1A 16%|█▌        | 12/74 [01:53<09:49,  9.50s/it]
[1A 16%|█▌        | 12/74 [01:53<09:49,  9.52s/it]
[1A 19%|█▉        | 14/74 [02:11<09:26,  9.45s/it]
[1A 19%|█▉        | 14/74 [02:11<09:26,  9.43s/it]
[1A 18%|█▊        | 13/74 [02:02<09:37,  9.47s/it]
[1A 15%|█▍        | 11/74 [01:44<09:54,  9.43s/it]
[1A 15%|█▍        | 11/74 [01:44<09:55,  9.45s/it]
[1A 16%|█▌        | 12/74 [01:54<09:54,  9.58s/it]
[1A 19%|█▉        | 14/74 [02:10<09:18,  9.30s/it]
[1A 18%|█▊        | 13/74 [02:02<09:39,  9.50s/it]
[1A 18%|█▊        | 13/74 [02:03<09:39,  9.50s/it]
[1A 18%|█▊        | 13/74 [02:03<09:40,  9.51s/it]
[1A 20%|██        | 15/74 [02:21<09:17,  9.44s/it]
[1A 20%|██        | 15/74 [02:21<09:16,  9.44s/it]
[1A 19%|█▉        | 14/74 [02:12<09:28,  9.48s/it]
[1A 16%|█▌        | 12/74 [01:53<09:45,  9.44s/it]
[1A 16%|█▌        | 12/74 [01:53<09:46,  9.45s/it]
[1A 18%|█▊        | 13/74 [02:04<09:44,  9.58s/it]
[1A 20%|██        | 15/74 [02:19<09:08,  9.30s/it]
[1A 19%|█▉        | 14/74 [02:12<09:30,  9.50s/it]
[1A 19%|█▉        | 14/74 [02:12<09:30,  9.50s/it]
[1A 19%|█▉        | 14/74 [02:12<09:30,  9.51s/it]
[1A 22%|██▏       | 16/74 [02:30<09:07,  9.44s/it]
[1A 22%|██▏       | 16/74 [02:30<09:07,  9.43s/it]
[1A 20%|██        | 15/74 [02:21<09:19,  9.48s/it]
[1A 18%|█▊        | 13/74 [02:03<09:36,  9.45s/it]
[1A 18%|█▊        | 13/74 [02:03<09:37,  9.46s/it]
[1A 19%|█▉        | 14/74 [02:14<09:34,  9.57s/it]
[1A 22%|██▏       | 16/74 [02:28<08:59,  9.30s/it]
[1A 20%|██        | 15/74 [02:21<09:20,  9.50s/it]
[1A 20%|██        | 15/74 [02:22<09:20,  9.50s/it]
[1A 20%|██        | 15/74 [02:22<09:20,  9.51s/it]
[1A 23%|██▎       | 17/74 [02:40<08:57,  9.43s/it]
[1A 23%|██▎       | 17/74 [02:40<08:57,  9.43s/it]
[1A 22%|██▏       | 16/74 [02:31<09:09,  9.48s/it]
[1A 19%|█▉        | 14/74 [02:12<09:27,  9.46s/it]
[1A 19%|█▉        | 14/74 [02:12<09:28,  9.47s/it]
[1A 20%|██        | 15/74 [02:23<09:24,  9.57s/it]
[1A 23%|██▎       | 17/74 [02:37<08:50,  9.30s/it]
[1A 22%|██▏       | 16/74 [02:31<09:10,  9.50s/it]
[1A 22%|██▏       | 16/74 [02:31<09:10,  9.49s/it]
[1A 22%|██▏       | 16/74 [02:31<09:11,  9.51s/it]
[1A 24%|██▍       | 18/74 [02:49<08:47,  9.42s/it]
[1A 24%|██▍       | 18/74 [02:49<08:47,  9.43s/it]
[1A 23%|██▎       | 17/74 [02:40<09:00,  9.48s/it]
[1A 20%|██        | 15/74 [02:21<09:18,  9.46s/it]
[1A 20%|██        | 15/74 [02:22<09:18,  9.47s/it]
[1A 22%|██▏       | 16/74 [02:33<09:14,  9.57s/it]
[1A 24%|██▍       | 18/74 [02:47<08:41,  9.31s/it]
[1A 23%|██▎       | 17/74 [02:40<09:01,  9.49s/it]
[1A 23%|██▎       | 17/74 [02:41<09:00,  9.49s/it]
[1A 23%|██▎       | 17/74 [02:41<09:01,  9.50s/it]
[1A 26%|██▌       | 19/74 [02:59<08:38,  9.42s/it]
[1A 26%|██▌       | 19/74 [02:59<08:38,  9.43s/it]
[1A 24%|██▍       | 18/74 [02:50<08:51,  9.49s/it]
[1A 22%|██▏       | 16/74 [02:31<09:08,  9.46s/it]
[1A 22%|██▏       | 16/74 [02:31<09:08,  9.47s/it]
[1A 23%|██▎       | 17/74 [02:42<09:05,  9.57s/it]
[1A 26%|██▌       | 19/74 [02:56<08:31,  9.31s/it]
[1A 24%|██▍       | 18/74 [02:50<08:51,  9.50s/it]
[1A 24%|██▍       | 18/74 [02:50<08:51,  9.48s/it]
[1A 24%|██▍       | 18/74 [02:50<08:51,  9.49s/it]
[1A 27%|██▋       | 20/74 [03:08<08:28,  9.42s/it]                                               
{'loss': 1.7932, 'grad_norm': 0.42096465826034546, 'learning_rate': 0.00017301790727058345, 'epoch': 0.53}
[1A
[1A 27%|██▋       | 20/74 [03:08<08:28,  9.42s/it]
[1A 27%|██▋       | 20/74 [03:08<08:29,  9.43s/it]
[1A                                               
{'loss': 1.8005, 'grad_norm': 0.43084681034088135, 'learning_rate': 0.00017301790727058345, 'epoch': 0.53}
[1A
[1A 27%|██▋       | 20/74 [03:08<08:29,  9.43s/it]
[1A 26%|██▌       | 19/74 [02:59<08:42,  9.49s/it]
[1A 23%|██▎       | 17/74 [02:40<08:59,  9.46s/it]
[1A 23%|██▎       | 17/74 [02:40<08:59,  9.46s/it]
[1A 24%|██▍       | 18/74 [02:52<08:55,  9.57s/it]
[1A 27%|██▋       | 20/74 [03:05<08:22,  9.31s/it]                                               
{'loss': 1.7859, 'grad_norm': 0.42083802819252014, 'learning_rate': 0.00017301790727058345, 'epoch': 0.53}
[1A
[1A 27%|██▋       | 20/74 [03:05<08:22,  9.31s/it]
[1A 26%|██▌       | 19/74 [02:59<08:42,  9.50s/it]
[1A 26%|██▌       | 19/74 [03:00<08:41,  9.49s/it]
[1A 26%|██▌       | 19/74 [03:00<08:41,  9.48s/it]
[1A 28%|██▊       | 21/74 [03:17<08:19,  9.42s/it]
[1A 28%|██▊       | 21/74 [03:17<08:20,  9.44s/it]
[1A 27%|██▋       | 20/74 [03:09<08:32,  9.49s/it]                                               
{'loss': 1.7774, 'grad_norm': 0.4158185124397278, 'learning_rate': 0.00017301790727058345, 'epoch': 0.53}
[1A
[1A 27%|██▋       | 20/74 [03:09<08:32,  9.49s/it]
[1A 24%|██▍       | 18/74 [02:50<08:49,  9.45s/it]
[1A 24%|██▍       | 18/74 [02:50<08:49,  9.46s/it]
[1A 26%|██▌       | 19/74 [03:01<08:46,  9.58s/it]
[1A 28%|██▊       | 21/74 [03:15<08:13,  9.31s/it]
[1A 27%|██▋       | 20/74 [03:09<08:33,  9.50s/it]
[1A                                               
{'loss': 1.78, 'grad_norm': 0.41503986716270447, 'learning_rate': 0.00017301790727058345, 'epoch': 0.53}
[1A
[1A 27%|██▋       | 20/74 [03:09<08:33,  9.50s/it]
[1A 27%|██▋       | 20/74 [03:09<08:32,  9.49s/it]
[1A                                               
{'loss': 1.7688, 'grad_norm': 0.4228660762310028, 'learning_rate': 0.00017301790727058345, 'epoch': 0.53}
[1A
[1A 27%|██▋       | 20/74 [03:09<08:32,  9.49s/it]
[1A 27%|██▋       | 20/74 [03:09<08:31,  9.47s/it]                                               
{'loss': 1.7654, 'grad_norm': 0.4224588871002197, 'learning_rate': 0.00017301790727058345, 'epoch': 0.53}
[1A
[1A 27%|██▋       | 20/74 [03:09<08:31,  9.47s/it]
[1A 30%|██▉       | 22/74 [03:27<08:09,  9.42s/it]
[1A 30%|██▉       | 22/74 [03:27<08:10,  9.44s/it]
[1A 28%|██▊       | 21/74 [03:18<08:22,  9.49s/it]
[1A 26%|██▌       | 19/74 [02:59<08:39,  9.45s/it]
[1A 26%|██▌       | 19/74 [02:59<08:40,  9.46s/it]
[1A 30%|██▉       | 22/74 [03:24<08:03,  9.31s/it]
[1A 27%|██▋       | 20/74 [03:11<08:37,  9.58s/it]
[1A                                               
[1A
{'loss': 1.7762, 'grad_norm': 0.4674924612045288, 'learning_rate': 0.00017301790727058345, 'epoch': 0.53}
[1A 27%|██▋       | 20/74 [03:11<08:37,  9.58s/it]
[1A 28%|██▊       | 21/74 [03:18<08:23,  9.50s/it]
[1A 28%|██▊       | 21/74 [03:19<08:23,  9.49s/it]
[1A 28%|██▊       | 21/74 [03:19<08:21,  9.46s/it]
[1A 31%|███       | 23/74 [03:36<08:00,  9.42s/it]
[1A 31%|███       | 23/74 [03:36<08:01,  9.43s/it]
[1A 30%|██▉       | 22/74 [03:28<08:13,  9.49s/it]
[1A 27%|██▋       | 20/74 [03:09<08:30,  9.45s/it]                                               
{'loss': 1.7567, 'grad_norm': 0.4155196249485016, 'learning_rate': 0.00017301790727058345, 'epoch': 0.53}
[1A
[1A 27%|██▋       | 20/74 [03:09<08:30,  9.45s/it]
[1A 27%|██▋       | 20/74 [03:09<08:30,  9.46s/it]
[1A                                               
{'loss': 1.777, 'grad_norm': 0.4306448996067047, 'learning_rate': 0.00017301790727058345, 'epoch': 0.53}
[1A
[1A 27%|██▋       | 20/74 [03:09<08:30,  9.46s/it]
[1A 31%|███       | 23/74 [03:33<07:54,  9.30s/it]
[1A 28%|██▊       | 21/74 [03:21<08:27,  9.58s/it]
[1A 30%|██▉       | 22/74 [03:28<08:13,  9.50s/it]
[1A 30%|██▉       | 22/74 [03:28<08:13,  9.49s/it]
[1A 30%|██▉       | 22/74 [03:28<08:11,  9.46s/it]
[1A 32%|███▏      | 24/74 [03:46<07:50,  9.41s/it]
[1A 32%|███▏      | 24/74 [03:46<07:51,  9.43s/it]
[1A 31%|███       | 23/74 [03:37<08:04,  9.49s/it]
[1A 28%|██▊       | 21/74 [03:18<08:20,  9.45s/it]
[1A 28%|██▊       | 21/74 [03:18<08:21,  9.45s/it]
[1A 32%|███▏      | 24/74 [03:43<07:45,  9.31s/it]
[1A 30%|██▉       | 22/74 [03:30<08:17,  9.57s/it]
[1A 31%|███       | 23/74 [03:37<08:04,  9.50s/it]
[1A 31%|███       | 23/74 [03:38<08:04,  9.49s/it]
[1A 31%|███       | 23/74 [03:38<08:02,  9.46s/it]
[1A 34%|███▍      | 25/74 [03:55<07:40,  9.41s/it]
[1A 34%|███▍      | 25/74 [03:55<07:42,  9.44s/it]
[1A 32%|███▏      | 24/74 [03:47<07:54,  9.49s/it]
[1A 30%|██▉       | 22/74 [03:28<08:11,  9.45s/it]
[1A 30%|██▉       | 22/74 [03:28<08:11,  9.45s/it]
[1A 34%|███▍      | 25/74 [03:52<07:36,  9.31s/it]
[1A 31%|███       | 23/74 [03:40<08:07,  9.56s/it]
[1A 32%|███▏      | 24/74 [03:47<07:55,  9.50s/it]
[1A 32%|███▏      | 24/74 [03:47<07:54,  9.50s/it]
[1A 32%|███▏      | 24/74 [03:47<07:53,  9.47s/it]
[1A 35%|███▌      | 26/74 [04:04<07:31,  9.40s/it]
[1A 35%|███▌      | 26/74 [04:05<07:33,  9.44s/it]
[1A 34%|███▍      | 25/74 [03:56<07:45,  9.49s/it]
[1A 31%|███       | 23/74 [03:37<08:02,  9.45s/it]
[1A 31%|███       | 23/74 [03:37<08:02,  9.46s/it]
[1A 35%|███▌      | 26/74 [04:01<07:26,  9.31s/it]
[1A 32%|███▏      | 24/74 [03:49<07:57,  9.56s/it]
[1A 34%|███▍      | 25/74 [03:56<07:45,  9.51s/it]
[1A 34%|███▍      | 25/74 [03:57<07:45,  9.50s/it]
[1A 34%|███▍      | 25/74 [03:57<07:44,  9.48s/it]
[1A 36%|███▋      | 27/74 [04:14<07:21,  9.40s/it]
[1A 36%|███▋      | 27/74 [04:14<07:23,  9.44s/it]
[1A 35%|███▌      | 26/74 [04:06<07:35,  9.49s/it]
[1A 32%|███▏      | 24/74 [03:47<07:52,  9.46s/it]
[1A 32%|███▏      | 24/74 [03:47<07:52,  9.46s/it]
[1A 36%|███▋      | 27/74 [04:11<07:17,  9.31s/it]
[1A 34%|███▍      | 25/74 [03:59<07:47,  9.54s/it]
[1A 35%|███▌      | 26/74 [04:06<07:36,  9.51s/it]
[1A 35%|███▌      | 26/74 [04:06<07:36,  9.50s/it]
[1A 35%|███▌      | 26/74 [04:06<07:35,  9.49s/it]
[1A 38%|███▊      | 28/74 [04:23<07:12,  9.40s/it]
[1A 38%|███▊      | 28/74 [04:24<07:14,  9.44s/it]
[1A 36%|███▋      | 27/74 [04:15<07:25,  9.48s/it]
[1A 34%|███▍      | 25/74 [03:56<07:43,  9.46s/it]
[1A 34%|███▍      | 25/74 [03:56<07:43,  9.46s/it]
[1A 38%|███▊      | 28/74 [04:20<07:08,  9.31s/it]
[1A 35%|███▌      | 26/74 [04:08<07:37,  9.52s/it]
[1A 36%|███▋      | 27/74 [04:15<07:27,  9.52s/it]
[1A 36%|███▋      | 27/74 [04:16<07:26,  9.50s/it]
[1A 36%|███▋      | 27/74 [04:16<07:26,  9.50s/it]
[1A 39%|███▉      | 29/74 [04:33<07:03,  9.41s/it]
[1A 39%|███▉      | 29/74 [04:33<07:04,  9.44s/it]
[1A 38%|███▊      | 28/74 [04:25<07:15,  9.47s/it]
[1A 35%|███▌      | 26/74 [04:05<07:33,  9.45s/it]
[1A 35%|███▌      | 26/74 [04:06<07:34,  9.46s/it]
[1A 39%|███▉      | 29/74 [04:29<06:59,  9.31s/it]
[1A 36%|███▋      | 27/74 [04:18<07:26,  9.50s/it]
[1A 38%|███▊      | 28/74 [04:25<07:17,  9.52s/it]
[1A 38%|███▊      | 28/74 [04:25<07:17,  9.50s/it]
[1A 41%|████      | 30/74 [04:42<06:54,  9.41s/it]
[1A 38%|███▊      | 28/74 [04:25<07:17,  9.50s/it]
[1A 41%|████      | 30/74 [04:42<06:55,  9.44s/it]
[1A 39%|███▉      | 29/74 [04:34<07:05,  9.45s/it]
[1A 36%|███▋      | 27/74 [04:15<07:24,  9.45s/it]
[1A 36%|███▋      | 27/74 [04:15<07:24,  9.46s/it]
[1A 41%|████      | 30/74 [04:39<06:49,  9.31s/it]
[1A 38%|███▊      | 28/74 [04:27<07:16,  9.48s/it]
[1A 39%|███▉      | 29/74 [04:34<07:08,  9.52s/it]
[1A 39%|███▉      | 29/74 [04:35<07:07,  9.51s/it]
[1A 42%|████▏     | 31/74 [04:52<06:45,  9.43s/it]
[1A 39%|███▉      | 29/74 [04:35<07:07,  9.51s/it]
[1A 42%|████▏     | 31/74 [04:52<06:46,  9.44s/it]
[1A 41%|████      | 30/74 [04:43<06:55,  9.44s/it]
[1A 38%|███▊      | 28/74 [04:24<07:14,  9.45s/it]
[1A 38%|███▊      | 28/74 [04:24<07:15,  9.46s/it]
[1A 42%|████▏     | 31/74 [04:48<06:40,  9.32s/it]
[1A 39%|███▉      | 29/74 [04:36<07:05,  9.46s/it]
[1A 41%|████      | 30/74 [04:44<06:58,  9.51s/it]
[1A 43%|████▎     | 32/74 [05:01<06:36,  9.44s/it]
[1A 41%|████      | 30/74 [04:44<06:58,  9.51s/it]
[1A 41%|████      | 30/74 [04:44<06:58,  9.51s/it]
[1A 43%|████▎     | 32/74 [05:01<06:36,  9.44s/it]
[1A 42%|████▏     | 31/74 [04:53<06:45,  9.44s/it]
[1A 39%|███▉      | 29/74 [04:34<07:05,  9.45s/it]
[1A 43%|████▎     | 32/74 [04:57<06:31,  9.31s/it]
[1A 39%|███▉      | 29/74 [04:34<07:05,  9.46s/it]
[1A 41%|████      | 30/74 [04:46<06:55,  9.45s/it]
[1A 42%|████▏     | 31/74 [04:53<06:49,  9.51s/it]
[1A 45%|████▍     | 33/74 [05:10<06:27,  9.44s/it]
[1A 42%|████▏     | 31/74 [04:54<06:49,  9.51s/it]
[1A 42%|████▏     | 31/74 [04:54<06:49,  9.51s/it]
[1A 45%|████▍     | 33/74 [05:11<06:27,  9.44s/it]
[1A 43%|████▎     | 32/74 [05:02<06:36,  9.44s/it]
[1A 41%|████      | 30/74 [04:43<06:55,  9.45s/it]
[1A 45%|████▍     | 33/74 [05:06<06:21,  9.32s/it]
[1A 41%|████      | 30/74 [04:43<06:56,  9.46s/it]
[1A 42%|████▏     | 31/74 [04:55<06:45,  9.44s/it]
[1A 43%|████▎     | 32/74 [05:03<06:39,  9.51s/it]
[1A 46%|████▌     | 34/74 [05:20<06:17,  9.44s/it]
[1A 43%|████▎     | 32/74 [05:03<06:39,  9.52s/it]
[1A 43%|████▎     | 32/74 [05:03<06:39,  9.52s/it]
[1A 46%|████▌     | 34/74 [05:20<06:17,  9.44s/it]
[1A 45%|████▍     | 33/74 [05:12<06:27,  9.44s/it]
[1A 42%|████▏     | 31/74 [04:53<06:46,  9.45s/it]
[1A 46%|████▌     | 34/74 [05:16<06:12,  9.31s/it]
[1A 42%|████▏     | 31/74 [04:53<06:46,  9.46s/it]
[1A 43%|████▎     | 32/74 [05:05<06:37,  9.46s/it]
[1A 45%|████▍     | 33/74 [05:12<06:29,  9.51s/it]
[1A 47%|████▋     | 35/74 [05:29<06:07,  9.43s/it]
[1A 45%|████▍     | 33/74 [05:13<06:30,  9.52s/it]
[1A 45%|████▍     | 33/74 [05:13<06:30,  9.52s/it]
[1A 47%|████▋     | 35/74 [05:30<06:08,  9.44s/it]
[1A 46%|████▌     | 34/74 [05:21<06:18,  9.46s/it]
[1A 43%|████▎     | 32/74 [05:02<06:36,  9.45s/it]
[1A 47%|████▋     | 35/74 [05:25<06:03,  9.31s/it]
[1A 43%|████▎     | 32/74 [05:02<06:37,  9.45s/it]
[1A 45%|████▍     | 33/74 [05:14<06:27,  9.45s/it]
[1A 49%|████▊     | 36/74 [05:39<05:58,  9.43s/it]
[1A 46%|████▌     | 34/74 [05:22<06:19,  9.49s/it]
[1A 46%|████▌     | 34/74 [05:22<06:20,  9.52s/it]
[1A 46%|████▌     | 34/74 [05:22<06:20,  9.52s/it]
[1A 49%|████▊     | 36/74 [05:39<05:58,  9.44s/it]
[1A 47%|████▋     | 35/74 [05:31<06:09,  9.47s/it]
[1A 45%|████▍     | 33/74 [05:12<06:27,  9.45s/it]
[1A 49%|████▊     | 36/74 [05:34<05:53,  9.31s/it]
[1A 45%|████▍     | 33/74 [05:12<06:27,  9.45s/it]
[1A 46%|████▌     | 34/74 [05:24<06:17,  9.45s/it]
[1A 47%|████▋     | 35/74 [05:31<06:09,  9.46s/it]
[1A 50%|█████     | 37/74 [05:48<05:48,  9.43s/it]
[1A 47%|████▋     | 35/74 [05:32<06:11,  9.54s/it]
[1A 50%|█████     | 37/74 [05:49<05:49,  9.44s/it]
[1A 47%|████▋     | 35/74 [05:32<06:11,  9.52s/it]
[1A 49%|████▊     | 36/74 [05:40<05:59,  9.46s/it]
[1A 46%|████▌     | 34/74 [05:21<06:17,  9.45s/it]
[1A 51%|█████▏    | 38/74 [05:53<04:48,  8.02s/it]
[1A 50%|█████     | 37/74 [05:44<05:44,  9.31s/it]
[1A 51%|█████▏    | 38/74 [05:53<04:49,  8.03s/it]
[1A 46%|████▌     | 34/74 [05:21<06:18,  9.45s/it]
[1A 47%|████▋     | 35/74 [05:33<06:08,  9.45s/it]
[1A 49%|████▊     | 36/74 [05:41<05:58,  9.45s/it]
[1A 51%|█████▏    | 38/74 [05:48<04:45,  7.92s/it]
[1A 49%|████▊     | 36/74 [05:41<06:02,  9.53s/it]
[1A 49%|████▊     | 36/74 [05:41<06:01,  9.51s/it]
[1A 50%|█████     | 37/74 [05:50<05:49,  9.45s/it]
[1A 47%|████▋     | 35/74 [05:30<06:08,  9.45s/it]
[1A 53%|█████▎    | 39/74 [06:02<04:55,  8.44s/it]
[1A 53%|█████▎    | 39/74 [06:03<04:55,  8.46s/it]
[1A 47%|████▋     | 35/74 [05:31<06:08,  9.46s/it]
[1A 51%|█████▏    | 38/74 [05:54<04:49,  8.04s/it]
[1A 49%|████▊     | 36/74 [05:43<05:59,  9.45s/it]
[1A 50%|█████     | 37/74 [05:50<05:48,  9.43s/it]
[1A 53%|█████▎    | 39/74 [05:58<04:51,  8.34s/it]
[1A 50%|█████     | 37/74 [05:51<05:52,  9.52s/it]
[1A 50%|█████     | 37/74 [05:51<05:51,  9.51s/it]
[1A 49%|████▊     | 36/74 [05:40<05:59,  9.45s/it]
[1A 51%|█████▏    | 38/74 [05:55<04:48,  8.01s/it]
[1A 54%|█████▍    | 40/74 [06:12<04:56,  8.73s/it]                                               
{'loss': 1.4331, 'grad_norm': 0.4275501072406769, 'learning_rate': 9.336770435648964e-05, 'epoch': 1.05}
[1A
[1A 54%|█████▍    | 40/74 [06:12<04:56,  8.73s/it]
[1A 54%|█████▍    | 40/74 [06:12<04:57,  8.75s/it]
[1A 51%|█████▏    | 38/74 [05:56<04:51,  8.10s/it]
[1A 51%|█████▏    | 38/74 [05:56<04:51,  8.08s/it]
[1A                                               
{'loss': 1.4381, 'grad_norm': 0.4331521689891815, 'learning_rate': 9.336770435648964e-05, 'epoch': 1.05}
[1A
[1A 54%|█████▍    | 40/74 [06:12<04:57,  8.75s/it]
[1A 49%|████▊     | 36/74 [05:40<05:59,  9.46s/it]
[1A 53%|█████▎    | 39/74 [06:04<04:55,  8.45s/it]
[1A 50%|█████     | 37/74 [05:52<05:50,  9.47s/it]
[1A 54%|█████▍    | 40/74 [06:07<04:53,  8.63s/it]                                               
{'loss': 1.4339, 'grad_norm': 0.4275834560394287, 'learning_rate': 9.336770435648964e-05, 'epoch': 1.05}
[1A
[1A 54%|█████▍    | 40/74 [06:07<04:53,  8.63s/it]
[1A 50%|█████     | 37/74 [05:49<05:49,  9.45s/it]
[1A 51%|█████▏    | 38/74 [05:57<04:50,  8.06s/it]
[1A 53%|█████▎    | 39/74 [06:04<04:55,  8.43s/it]
[1A 55%|█████▌    | 41/74 [06:21<04:54,  8.94s/it]
[1A 55%|█████▌    | 41/74 [06:22<04:55,  8.96s/it]
[1A 53%|█████▎    | 39/74 [06:05<04:58,  8.51s/it]
[1A 53%|█████▎    | 39/74 [06:05<04:57,  8.51s/it]
[1A 50%|█████     | 37/74 [05:50<05:50,  9.46s/it]
[1A 54%|█████▍    | 40/74 [06:13<04:57,  8.74s/it]                                               
{'loss': 1.4309, 'grad_norm': 0.4216902554035187, 'learning_rate': 9.336770435648964e-05, 'epoch': 1.05}
[1A
[1A 54%|█████▍    | 40/74 [06:13<04:57,  8.74s/it]
[1A 51%|█████▏    | 38/74 [05:54<04:49,  8.04s/it]
[1A 55%|█████▌    | 41/74 [06:16<04:51,  8.84s/it]
[1A 51%|█████▏    | 38/74 [05:54<04:50,  8.07s/it]
[1A 53%|█████▎    | 39/74 [06:06<04:57,  8.50s/it]
[1A 54%|█████▍    | 40/74 [06:14<04:56,  8.72s/it]                                               
{'loss': 1.4493, 'grad_norm': 0.4266869127750397, 'learning_rate': 9.336770435648964e-05, 'epoch': 1.05}
[1A
[1A 54%|█████▍    | 40/74 [06:14<04:56,  8.72s/it]
[1A 57%|█████▋    | 42/74 [06:31<04:50,  9.08s/it]
[1A 57%|█████▋    | 42/74 [06:31<04:51,  9.11s/it]
[1A 54%|█████▍    | 40/74 [06:15<04:58,  8.79s/it]
{'loss': 1.4208, 'grad_norm': 0.4205739498138428, 'learning_rate': 9.336770435648964e-05, 'epoch': 1.05}
[1A 54%|█████▍    | 40/74 [06:15<04:59,  8.81s/it]                                               
[1A
[1A 54%|█████▍    | 40/74 [06:15<04:58,  8.79s/it]
[1A                                               
{'loss': 1.4318, 'grad_norm': 0.42703333497047424, 'learning_rate': 9.336770435648964e-05, 'epoch': 1.05}
[1A
[1A 54%|█████▍    | 40/74 [06:15<04:59,  8.81s/it]
[1A 55%|█████▌    | 41/74 [06:23<04:55,  8.95s/it]
[1A 53%|█████▎    | 39/74 [06:04<04:56,  8.46s/it]
[1A 57%|█████▋    | 42/74 [06:26<04:47,  8.98s/it]
[1A 53%|█████▎    | 39/74 [06:04<04:57,  8.51s/it]
[1A 54%|█████▍    | 40/74 [06:16<05:00,  8.83s/it]
[1A                                               
{'loss': 1.4195, 'grad_norm': 0.4190657138824463, 'learning_rate': 9.336770435648964e-05, 'epoch': 1.05}
[1A
[1A 54%|█████▍    | 40/74 [06:16<05:00,  8.83s/it]
[1A 55%|█████▌    | 41/74 [06:23<04:54,  8.93s/it]
[1A 58%|█████▊    | 43/74 [06:40<04:44,  9.18s/it]
[1A 58%|█████▊    | 43/74 [06:40<04:45,  9.21s/it]
[1A 55%|█████▌    | 41/74 [06:24<04:56,  8.97s/it]
[1A 55%|█████▌    | 41/74 [06:24<04:57,  9.01s/it]
[1A 57%|█████▋    | 42/74 [06:32<04:51,  9.10s/it]
[1A 54%|█████▍    | 40/74 [06:13<04:57,  8.76s/it]                                               
{'loss': 1.4131, 'grad_norm': 0.42315673828125, 'learning_rate': 9.336770435648964e-05, 'epoch': 1.05}
[1A
[1A 54%|█████▍    | 40/74 [06:13<04:57,  8.76s/it]
[1A 58%|█████▊    | 43/74 [06:35<04:41,  9.08s/it]
[1A 54%|█████▍    | 40/74 [06:13<04:58,  8.79s/it]                                               
{'loss': 1.4348, 'grad_norm': 0.43723931908607483, 'learning_rate': 9.336770435648964e-05, 'epoch': 1.05}
[1A
[1A 54%|█████▍    | 40/74 [06:13<04:58,  8.79s/it]
[1A 55%|█████▌    | 41/74 [06:26<04:58,  9.06s/it]
[1A 57%|█████▋    | 42/74 [06:32<04:50,  9.07s/it]
[1A 59%|█████▉    | 44/74 [06:49<04:37,  9.25s/it]
[1A 59%|█████▉    | 44/74 [06:50<04:38,  9.28s/it]
[1A 57%|█████▋    | 42/74 [06:33<04:50,  9.09s/it]
[1A 57%|█████▋    | 42/74 [06:34<04:52,  9.15s/it]
[1A 58%|█████▊    | 43/74 [06:41<04:45,  9.21s/it]
[1A 55%|█████▌    | 41/74 [06:22<04:55,  8.97s/it]
[1A 59%|█████▉    | 44/74 [06:44<04:34,  9.15s/it]
[1A 55%|█████▌    | 41/74 [06:23<04:56,  8.99s/it]
[1A 57%|█████▋    | 42/74 [06:35<04:55,  9.22s/it]
[1A 58%|█████▊    | 43/74 [06:42<04:44,  9.17s/it]
[1A 61%|██████    | 45/74 [06:59<04:29,  9.30s/it]
[1A 61%|██████    | 45/74 [06:59<04:30,  9.32s/it]
[1A 58%|█████▊    | 43/74 [06:43<04:44,  9.18s/it]
[1A 58%|█████▊    | 43/74 [06:43<04:46,  9.25s/it]
[1A 59%|█████▉    | 44/74 [06:51<04:38,  9.29s/it]
[1A 57%|█████▋    | 42/74 [06:32<04:51,  9.11s/it]
[1A 61%|██████    | 45/74 [06:54<04:26,  9.20s/it]
[1A 57%|█████▋    | 42/74 [06:32<04:52,  9.13s/it]
[1A 58%|█████▊    | 43/74 [06:45<04:49,  9.33s/it]
[1A 59%|█████▉    | 44/74 [06:51<04:37,  9.25s/it]
[1A 62%|██████▏   | 46/74 [07:08<04:21,  9.35s/it]
[1A 59%|█████▉    | 44/74 [06:52<04:37,  9.24s/it]
[1A 62%|██████▏   | 46/74 [07:09<04:21,  9.35s/it]
[1A 59%|█████▉    | 44/74 [06:53<04:39,  9.32s/it]
[1A 61%|██████    | 45/74 [07:00<04:31,  9.36s/it]
[1A 58%|█████▊    | 43/74 [06:41<04:45,  9.21s/it]
[1A 62%|██████▏   | 46/74 [07:03<04:18,  9.24s/it]
[1A 58%|█████▊    | 43/74 [06:42<04:46,  9.23s/it]
[1A 59%|█████▉    | 44/74 [06:54<04:41,  9.39s/it]
[1A 61%|██████    | 45/74 [07:01<04:29,  9.31s/it]
[1A 64%|██████▎   | 47/74 [07:18<04:13,  9.38s/it]
[1A 61%|██████    | 45/74 [07:01<04:29,  9.28s/it]
[1A 64%|██████▎   | 47/74 [07:18<04:12,  9.37s/it]
[1A 61%|██████    | 45/74 [07:02<04:31,  9.37s/it]
[1A 62%|██████▏   | 46/74 [07:10<04:23,  9.40s/it]
[1A 59%|█████▉    | 44/74 [06:51<04:38,  9.28s/it]
[1A 64%|██████▎   | 47/74 [07:12<04:10,  9.26s/it]
[1A 59%|█████▉    | 44/74 [06:51<04:38,  9.30s/it]
[1A 61%|██████    | 45/74 [07:04<04:33,  9.43s/it]
[1A 62%|██████▏   | 46/74 [07:10<04:21,  9.35s/it]
[1A 65%|██████▍   | 48/74 [07:27<04:04,  9.41s/it]
[1A 62%|██████▏   | 46/74 [07:11<04:20,  9.30s/it]
[1A 65%|██████▍   | 48/74 [07:28<04:04,  9.39s/it]
[1A 62%|██████▏   | 46/74 [07:12<04:23,  9.41s/it]
[1A 64%|██████▎   | 47/74 [07:19<04:14,  9.43s/it]
[1A 61%|██████    | 45/74 [07:00<04:30,  9.33s/it]
[1A 65%|██████▍   | 48/74 [07:22<04:01,  9.28s/it]
[1A 61%|██████    | 45/74 [07:01<04:30,  9.34s/it]
[1A 62%|██████▏   | 46/74 [07:13<04:24,  9.46s/it]
[1A 64%|██████▎   | 47/74 [07:20<04:13,  9.39s/it]
[1A 66%|██████▌   | 49/74 [07:37<03:55,  9.42s/it]
[1A 64%|██████▎   | 47/74 [07:20<04:11,  9.32s/it]
[1A 66%|██████▌   | 49/74 [07:37<03:54,  9.40s/it]
[1A 64%|██████▎   | 47/74 [07:21<04:14,  9.44s/it]
[1A 62%|██████▏   | 46/74 [07:10<04:22,  9.37s/it]
[1A 65%|██████▍   | 48/74 [07:29<04:05,  9.45s/it]
[1A 66%|██████▌   | 49/74 [07:31<03:52,  9.29s/it]
[1A 62%|██████▏   | 46/74 [07:10<04:22,  9.38s/it]
[1A 64%|██████▎   | 47/74 [07:23<04:15,  9.47s/it]
[1A 65%|██████▍   | 48/74 [07:29<04:04,  9.42s/it]
[1A 68%|██████▊   | 50/74 [07:46<03:46,  9.43s/it]
[1A 65%|██████▍   | 48/74 [07:30<04:02,  9.33s/it]
[1A 68%|██████▊   | 50/74 [07:46<03:45,  9.41s/it]
[1A 65%|██████▍   | 48/74 [07:31<04:05,  9.46s/it]
[1A 64%|██████▎   | 47/74 [07:19<04:13,  9.39s/it]
[1A 66%|██████▌   | 49/74 [07:38<03:56,  9.46s/it]
[1A 68%|██████▊   | 50/74 [07:40<03:43,  9.29s/it]
[1A 64%|██████▎   | 47/74 [07:20<04:13,  9.40s/it]
[1A 65%|██████▍   | 48/74 [07:32<04:06,  9.49s/it]
[1A 66%|██████▌   | 49/74 [07:39<03:56,  9.45s/it]
[1A 69%|██████▉   | 51/74 [07:55<03:36,  9.43s/it]
[1A 66%|██████▌   | 49/74 [07:39<03:53,  9.35s/it]
[1A 69%|██████▉   | 51/74 [07:56<03:36,  9.42s/it]
[1A 66%|██████▌   | 49/74 [07:40<03:57,  9.50s/it]
[1A 65%|██████▍   | 48/74 [07:29<04:04,  9.41s/it]
[1A 68%|██████▊   | 50/74 [07:48<03:47,  9.47s/it]
[1A 69%|██████▉   | 51/74 [07:49<03:33,  9.30s/it]
[1A 65%|██████▍   | 48/74 [07:29<04:04,  9.42s/it]
[1A 66%|██████▌   | 49/74 [07:42<03:57,  9.50s/it]
[1A 70%|███████   | 52/74 [08:05<03:27,  9.43s/it]
[1A 68%|██████▊   | 50/74 [07:48<03:47,  9.47s/it]
[1A 68%|██████▊   | 50/74 [07:48<03:44,  9.36s/it]
[1A 70%|███████   | 52/74 [08:05<03:27,  9.43s/it]
[1A 68%|██████▊   | 50/74 [07:50<03:47,  9.49s/it]
[1A 66%|██████▌   | 49/74 [07:38<03:55,  9.43s/it]
[1A 69%|██████▉   | 51/74 [07:57<03:38,  9.48s/it]
[1A 70%|███████   | 52/74 [07:59<03:24,  9.30s/it]
[1A 66%|██████▌   | 49/74 [07:39<03:55,  9.43s/it]
[1A 68%|██████▊   | 50/74 [07:51<03:48,  9.52s/it]
[1A 72%|███████▏  | 53/74 [08:14<03:18,  9.43s/it]
[1A 69%|██████▉   | 51/74 [07:58<03:37,  9.47s/it]
[1A 69%|██████▉   | 51/74 [07:58<03:35,  9.37s/it]
[1A 72%|███████▏  | 53/74 [08:15<03:18,  9.43s/it]
[1A 69%|██████▉   | 51/74 [07:59<03:38,  9.49s/it]
[1A 68%|██████▊   | 50/74 [07:48<03:46,  9.44s/it]
[1A 70%|███████   | 52/74 [08:07<03:28,  9.49s/it]
[1A 72%|███████▏  | 53/74 [08:08<03:15,  9.30s/it]
[1A 68%|██████▊   | 50/74 [07:48<03:46,  9.44s/it]
[1A 73%|███████▎  | 54/74 [08:24<03:08,  9.42s/it]
[1A 69%|██████▉   | 51/74 [08:01<03:39,  9.54s/it]
[1A 70%|███████   | 52/74 [08:07<03:28,  9.46s/it]
[1A 70%|███████   | 52/74 [08:07<03:26,  9.38s/it]
[1A 73%|███████▎  | 54/74 [08:24<03:08,  9.43s/it]
[1A 70%|███████   | 52/74 [08:09<03:28,  9.49s/it]
[1A 69%|██████▉   | 51/74 [07:57<03:37,  9.44s/it]
[1A 72%|███████▏  | 53/74 [08:16<03:19,  9.49s/it]
[1A 73%|███████▎  | 54/74 [08:17<03:06,  9.31s/it]
[1A 69%|██████▉   | 51/74 [07:57<03:37,  9.45s/it]
[1A 74%|███████▍  | 55/74 [08:33<02:59,  9.42s/it]
[1A 72%|███████▏  | 53/74 [08:16<03:18,  9.44s/it]
[1A 72%|███████▏  | 53/74 [08:17<03:17,  9.39s/it]
[1A 70%|███████   | 52/74 [08:11<03:30,  9.56s/it]
[1A 74%|███████▍  | 55/74 [08:34<02:59,  9.43s/it]
[1A 72%|███████▏  | 53/74 [08:18<03:19,  9.49s/it]
[1A 70%|███████   | 52/74 [08:06<03:27,  9.44s/it]
[1A 74%|███████▍  | 55/74 [08:27<02:56,  9.31s/it]
[1A 73%|███████▎  | 54/74 [08:26<03:09,  9.49s/it]
[1A 70%|███████   | 52/74 [08:07<03:28,  9.45s/it]
[1A 76%|███████▌  | 56/74 [08:43<02:49,  9.42s/it]
[1A 73%|███████▎  | 54/74 [08:26<03:08,  9.42s/it]
[1A 73%|███████▎  | 54/74 [08:26<03:08,  9.41s/it]
[1A 72%|███████▏  | 53/74 [08:20<03:20,  9.55s/it]
[1A 76%|███████▌  | 56/74 [08:43<02:49,  9.43s/it]
[1A 73%|███████▎  | 54/74 [08:28<03:09,  9.50s/it]
[1A 72%|███████▏  | 53/74 [08:16<03:18,  9.44s/it]
[1A 76%|███████▌  | 56/74 [08:36<02:47,  9.31s/it]
[1A 74%|███████▍  | 55/74 [08:35<03:00,  9.49s/it]
[1A 72%|███████▏  | 53/74 [08:16<03:18,  9.45s/it]
[1A 77%|███████▋  | 57/74 [08:52<02:39,  9.41s/it]
[1A 74%|███████▍  | 55/74 [08:35<02:58,  9.41s/it]
[1A 74%|███████▍  | 55/74 [08:35<02:59,  9.42s/it]
[1A 73%|███████▎  | 54/74 [08:30<03:10,  9.54s/it]
[1A 77%|███████▋  | 57/74 [08:53<02:40,  9.43s/it]
[1A 74%|███████▍  | 55/74 [08:37<03:00,  9.49s/it]
[1A 77%|███████▋  | 57/74 [08:45<02:38,  9.31s/it]
[1A 73%|███████▎  | 54/74 [08:25<03:08,  9.44s/it]
[1A 76%|███████▌  | 56/74 [08:45<02:50,  9.49s/it]
[1A 73%|███████▎  | 54/74 [08:26<03:09,  9.46s/it]
[1A 78%|███████▊  | 58/74 [09:01<02:30,  9.40s/it]
[1A 76%|███████▌  | 56/74 [08:45<02:49,  9.40s/it]
[1A 76%|███████▌  | 56/74 [08:45<02:49,  9.44s/it]
[1A 74%|███████▍  | 55/74 [08:39<03:01,  9.53s/it]
[1A 78%|███████▊  | 58/74 [09:02<02:30,  9.44s/it]
[1A 76%|███████▌  | 56/74 [08:47<02:50,  9.49s/it]
[1A 78%|███████▊  | 58/74 [08:55<02:29,  9.32s/it]
[1A 74%|███████▍  | 55/74 [08:35<02:59,  9.44s/it]
[1A 77%|███████▋  | 57/74 [08:54<02:41,  9.50s/it]
[1A 74%|███████▍  | 55/74 [08:35<02:59,  9.46s/it]
[1A 80%|███████▉  | 59/74 [09:11<02:21,  9.40s/it]
[1A 77%|███████▋  | 57/74 [08:54<02:39,  9.39s/it]
[1A 77%|███████▋  | 57/74 [08:54<02:40,  9.46s/it]
[1A 76%|███████▌  | 56/74 [08:49<02:51,  9.53s/it]
[1A 80%|███████▉  | 59/74 [09:11<02:21,  9.44s/it]
[1A 77%|███████▋  | 57/74 [08:56<02:41,  9.48s/it]
[1A 80%|███████▉  | 59/74 [09:04<02:19,  9.32s/it]
[1A 76%|███████▌  | 56/74 [08:44<02:50,  9.45s/it]
[1A 78%|███████▊  | 58/74 [09:04<02:31,  9.50s/it]
[1A 76%|███████▌  | 56/74 [08:45<02:50,  9.46s/it]
[1A 81%|████████  | 60/74 [09:20<02:11,  9.40s/it]
[1A 78%|███████▊  | 58/74 [09:03<02:30,  9.38s/it]                                               
{'loss': 1.2522, 'grad_norm': 0.534797728061676, 'learning_rate': 1.858131132964259e-05, 'epoch': 1.59}
[1A
[1A 81%|████████  | 60/74 [09:20<02:11,  9.40s/it]
[1A 78%|███████▊  | 58/74 [09:04<02:31,  9.48s/it]
[1A 77%|███████▋  | 57/74 [08:58<02:41,  9.53s/it]
[1A 81%|████████  | 60/74 [09:21<02:12,  9.45s/it]
[1A                                               
[1A
{'loss': 1.2527, 'grad_norm': 0.5093174576759338, 'learning_rate': 1.858131132964259e-05, 'epoch': 1.59}
[1A 81%|████████  | 60/74 [09:21<02:12,  9.45s/it]
[1A 78%|███████▊  | 58/74 [09:06<02:31,  9.48s/it]
[1A 81%|████████  | 60/74 [09:13<02:10,  9.33s/it]                                               
{'loss': 1.2515, 'grad_norm': 0.5140216946601868, 'learning_rate': 1.858131132964259e-05, 'epoch': 1.59}
[1A
[1A 81%|████████  | 60/74 [09:13<02:10,  9.33s/it]
[1A 77%|███████▋  | 57/74 [08:54<02:40,  9.45s/it]
[1A 80%|███████▉  | 59/74 [09:13<02:22,  9.50s/it]
[1A 77%|███████▋  | 57/74 [08:54<02:40,  9.45s/it]
[1A 80%|███████▉  | 59/74 [09:13<02:20,  9.38s/it]
[1A 82%|████████▏ | 61/74 [09:30<02:02,  9.40s/it]
[1A 80%|███████▉  | 59/74 [09:13<02:22,  9.50s/it]
[1A 82%|████████▏ | 61/74 [09:30<02:02,  9.45s/it]
[1A 78%|███████▊  | 58/74 [09:08<02:32,  9.53s/it]
[1A 80%|███████▉  | 59/74 [09:15<02:22,  9.48s/it]
[1A 82%|████████▏ | 61/74 [09:23<02:01,  9.33s/it]
[1A 78%|███████▊  | 58/74 [09:03<02:31,  9.45s/it]
[1A 81%|████████  | 60/74 [09:23<02:12,  9.49s/it]                                               
{'loss': 1.2449, 'grad_norm': 0.5072903037071228, 'learning_rate': 1.858131132964259e-05, 'epoch': 1.59}
[1A
[1A 81%|████████  | 60/74 [09:23<02:12,  9.49s/it]
[1A 78%|███████▊  | 58/74 [09:04<02:31,  9.45s/it]
[1A 81%|████████  | 60/74 [09:22<02:11,  9.38s/it]
{'loss': 1.2581, 'grad_norm': 0.5138177871704102, 'learning_rate': 1.858131132964259e-05, 'epoch': 1.59}
[1A 84%|████████▍ | 62/74 [09:39<01:52,  9.40s/it]                                               
[1A
[1A 81%|████████  | 60/74 [09:22<02:11,  9.38s/it]
[1A 81%|████████  | 60/74 [09:23<02:13,  9.51s/it]
[1A                                               
{'loss': 1.2373, 'grad_norm': 0.5073189735412598, 'learning_rate': 1.858131132964259e-05, 'epoch': 1.59}
[1A
[1A 81%|████████  | 60/74 [09:23<02:13,  9.51s/it]
[1A 84%|████████▍ | 62/74 [09:40<01:53,  9.44s/it]
[1A 80%|███████▉  | 59/74 [09:17<02:23,  9.54s/it]
[1A 81%|████████  | 60/74 [09:24<02:12,  9.48s/it]
[1A                                               
{'loss': 1.2443, 'grad_norm': 0.5162677764892578, 'learning_rate': 1.858131132964259e-05, 'epoch': 1.59}
[1A
[1A 81%|████████  | 60/74 [09:24<02:12,  9.48s/it]
[1A 84%|████████▍ | 62/74 [09:32<01:51,  9.33s/it]
[1A 80%|███████▉  | 59/74 [09:13<02:21,  9.45s/it]
[1A 82%|████████▏ | 61/74 [09:32<02:03,  9.49s/it]
[1A 80%|███████▉  | 59/74 [09:13<02:21,  9.45s/it]
[1A 82%|████████▏ | 61/74 [09:31<02:02,  9.38s/it]
[1A 85%|████████▌ | 63/74 [09:48<01:43,  9.40s/it]
[1A 85%|████████▌ | 63/74 [09:49<01:43,  9.44s/it]
[1A 82%|████████▏ | 61/74 [09:33<02:03,  9.51s/it]
[1A 81%|████████  | 60/74 [09:27<02:13,  9.55s/it]
[1A                                               
{'loss': 1.248, 'grad_norm': 0.5099254250526428, 'learning_rate': 1.858131132964259e-05, 'epoch': 1.59}
[1A
[1A 81%|████████  | 60/74 [09:27<02:13,  9.55s/it]
[1A 82%|████████▏ | 61/74 [09:34<02:03,  9.48s/it]
[1A 85%|████████▌ | 63/74 [09:41<01:42,  9.33s/it]
[1A 81%|████████  | 60/74 [09:22<02:12,  9.45s/it]                                               
{'loss': 1.2349, 'grad_norm': 0.5069144368171692, 'learning_rate': 1.858131132964259e-05, 'epoch': 1.59}
[1A
[1A 81%|████████  | 60/74 [09:22<02:12,  9.45s/it]
[1A 84%|████████▍ | 62/74 [09:42<01:53,  9.48s/it]
[1A 81%|████████  | 60/74 [09:23<02:12,  9.45s/it]                                               
{'loss': 1.2524, 'grad_norm': 0.5202767848968506, 'learning_rate': 1.858131132964259e-05, 'epoch': 1.59}
[1A
[1A 81%|████████  | 60/74 [09:23<02:12,  9.45s/it]
[1A 84%|████████▍ | 62/74 [09:41<01:52,  9.39s/it]
[1A 86%|████████▋ | 64/74 [09:58<01:34,  9.41s/it]
[1A 86%|████████▋ | 64/74 [09:59<01:34,  9.43s/it]
[1A 84%|████████▍ | 62/74 [09:42<01:54,  9.52s/it]
[1A 82%|████████▏ | 61/74 [09:37<02:04,  9.56s/it]
[1A 86%|████████▋ | 64/74 [09:51<01:33,  9.32s/it]
[1A 84%|████████▍ | 62/74 [09:43<01:53,  9.48s/it]
[1A 82%|████████▏ | 61/74 [09:31<02:02,  9.44s/it]
[1A 85%|████████▌ | 63/74 [09:51<01:44,  9.48s/it]
[1A 82%|████████▏ | 61/74 [09:32<02:02,  9.45s/it]
[1A 85%|████████▌ | 63/74 [09:50<01:43,  9.39s/it]
[1A 88%|████████▊ | 65/74 [10:07<01:24,  9.42s/it]
[1A 88%|████████▊ | 65/74 [10:08<01:24,  9.43s/it]
[1A 85%|████████▌ | 63/74 [09:52<01:44,  9.52s/it]
[1A 84%|████████▍ | 62/74 [09:46<01:54,  9.57s/it]
[1A 88%|████████▊ | 65/74 [10:00<01:23,  9.32s/it]
[1A 85%|████████▌ | 63/74 [09:53<01:44,  9.48s/it]
[1A 84%|████████▍ | 62/74 [09:41<01:53,  9.44s/it]
[1A 86%|████████▋ | 64/74 [10:01<01:34,  9.48s/it]
[1A 84%|████████▍ | 62/74 [09:41<01:53,  9.46s/it]
[1A 86%|████████▋ | 64/74 [10:00<01:34,  9.41s/it]
[1A 89%|████████▉ | 66/74 [10:17<01:15,  9.42s/it]
[1A 89%|████████▉ | 66/74 [10:17<01:15,  9.43s/it]
[1A 86%|████████▋ | 64/74 [10:01<01:35,  9.52s/it]
[1A 85%|████████▌ | 63/74 [09:56<01:45,  9.57s/it]
[1A 89%|████████▉ | 66/74 [10:09<01:14,  9.32s/it]
[1A 86%|████████▋ | 64/74 [10:02<01:34,  9.48s/it]
[1A 85%|████████▌ | 63/74 [09:50<01:43,  9.45s/it]
[1A 88%|████████▊ | 65/74 [10:10<01:25,  9.48s/it]
[1A 85%|████████▌ | 63/74 [09:51<01:44,  9.46s/it]
[1A 88%|████████▊ | 65/74 [10:09<01:24,  9.42s/it]
[1A 91%|█████████ | 67/74 [10:26<01:05,  9.41s/it]
[1A 91%|█████████ | 67/74 [10:27<01:05,  9.43s/it]
[1A 88%|████████▊ | 65/74 [10:11<01:25,  9.51s/it]
[1A 86%|████████▋ | 64/74 [10:05<01:35,  9.58s/it]
[1A 91%|█████████ | 67/74 [10:19<01:05,  9.32s/it]
[1A 88%|████████▊ | 65/74 [10:12<01:25,  9.49s/it]
[1A 86%|████████▋ | 64/74 [10:00<01:34,  9.45s/it]
[1A 89%|████████▉ | 66/74 [10:20<01:15,  9.48s/it]
[1A 86%|████████▋ | 64/74 [10:00<01:34,  9.45s/it]
[1A 92%|█████████▏| 68/74 [10:35<00:56,  9.40s/it]
[1A 89%|████████▉ | 66/74 [10:19<01:15,  9.43s/it]
[1A 92%|█████████▏| 68/74 [10:36<00:56,  9.43s/it]
[1A 89%|████████▉ | 66/74 [10:20<01:16,  9.51s/it]
[1A 92%|█████████▏| 68/74 [10:28<00:55,  9.32s/it]
[1A 88%|████████▊ | 65/74 [10:15<01:26,  9.58s/it]
[1A 89%|████████▉ | 66/74 [10:21<01:15,  9.50s/it]
[1A 88%|████████▊ | 65/74 [10:09<01:25,  9.44s/it]
[1A 91%|█████████ | 67/74 [10:29<01:06,  9.49s/it]
[1A 88%|████████▊ | 65/74 [10:10<01:25,  9.45s/it]
[1A 93%|█████████▎| 69/74 [10:45<00:46,  9.39s/it]
[1A 91%|█████████ | 67/74 [10:28<01:06,  9.45s/it]
[1A 93%|█████████▎| 69/74 [10:46<00:47,  9.43s/it]
[1A 91%|█████████ | 67/74 [10:30<01:06,  9.51s/it]
[1A 93%|█████████▎| 69/74 [10:37<00:46,  9.32s/it]
[1A 89%|████████▉ | 66/74 [10:25<01:16,  9.59s/it]
[1A 91%|█████████ | 67/74 [10:31<01:06,  9.51s/it]
[1A 89%|████████▉ | 66/74 [10:19<01:15,  9.44s/it]
[1A 92%|█████████▏| 68/74 [10:39<00:56,  9.49s/it]
[1A 89%|████████▉ | 66/74 [10:19<01:15,  9.45s/it]
[1A 95%|█████████▍| 70/74 [10:54<00:37,  9.38s/it]
[1A 92%|█████████▏| 68/74 [10:38<00:56,  9.48s/it]
[1A 95%|█████████▍| 70/74 [10:55<00:37,  9.43s/it]
[1A 92%|█████████▏| 68/74 [10:39<00:57,  9.51s/it]
[1A 95%|█████████▍| 70/74 [10:47<00:37,  9.32s/it]
[1A 91%|█████████ | 67/74 [10:34<01:07,  9.59s/it]
[1A 92%|█████████▏| 68/74 [10:40<00:57,  9.51s/it]
[1A 91%|█████████ | 67/74 [10:28<01:06,  9.45s/it]
[1A 93%|█████████▎| 69/74 [10:48<00:47,  9.48s/it]
[1A 91%|█████████ | 67/74 [10:29<01:06,  9.45s/it]
[1A 96%|█████████▌| 71/74 [11:03<00:28,  9.38s/it]
[1A 93%|█████████▎| 69/74 [10:47<00:47,  9.49s/it]
[1A 96%|█████████▌| 71/74 [11:05<00:28,  9.44s/it]
[1A 96%|█████████▌| 71/74 [10:56<00:27,  9.32s/it]
[1A 93%|█████████▎| 69/74 [10:49<00:47,  9.50s/it]
[1A 92%|█████████▏| 68/74 [10:44<00:57,  9.58s/it]
[1A 93%|█████████▎| 69/74 [10:50<00:47,  9.49s/it]
[1A 92%|█████████▏| 68/74 [10:38<00:56,  9.45s/it]
[1A 95%|█████████▍| 70/74 [10:58<00:37,  9.47s/it]
[1A 92%|█████████▏| 68/74 [10:38<00:56,  9.45s/it]
[1A 97%|█████████▋| 72/74 [11:13<00:18,  9.38s/it]
[1A 95%|█████████▍| 70/74 [10:57<00:37,  9.49s/it]
[1A 97%|█████████▋| 72/74 [11:14<00:18,  9.45s/it]
[1A 97%|█████████▋| 72/74 [11:05<00:18,  9.32s/it]
[1A 95%|█████████▍| 70/74 [10:58<00:38,  9.50s/it]
[1A 93%|█████████▎| 69/74 [10:53<00:47,  9.58s/it]
[1A 95%|█████████▍| 70/74 [10:59<00:37,  9.47s/it]
[1A 93%|█████████▎| 69/74 [10:47<00:47,  9.44s/it]
[1A 96%|█████████▌| 71/74 [11:07<00:28,  9.47s/it]
[1A 93%|█████████▎| 69/74 [10:48<00:47,  9.45s/it]
[1A 99%|█████████▊| 73/74 [11:22<00:09,  9.38s/it]
[1A 96%|█████████▌| 71/74 [11:06<00:28,  9.50s/it]
[1A 99%|█████████▊| 73/74 [11:24<00:09,  9.44s/it]
[1A 99%|█████████▊| 73/74 [11:15<00:09,  9.32s/it]
[1A 96%|█████████▌| 71/74 [11:08<00:28,  9.50s/it]
[1A 96%|█████████▌| 71/74 [11:09<00:28,  9.46s/it]
[1A 95%|█████████▍| 70/74 [11:03<00:38,  9.58s/it]
[1A 95%|█████████▍| 70/74 [10:56<00:37,  9.45s/it]
[1A 97%|█████████▋| 72/74 [11:17<00:18,  9.48s/it]
[1A 95%|█████████▍| 70/74 [10:57<00:37,  9.45s/it]
[1A100%|██████████| 74/74 [11:32<00:00,  9.39s/it]
[1A                                               
{'train_runtime': 692.1682, 'train_samples_per_second': 1.734, 'train_steps_per_second': 0.107, 'train_loss': 1.4359322367487728, 'epoch': 1.96}
[1A
[1A100%|██████████| 74/74 [11:32<00:00,  9.39s/it]
[1A100%|██████████| 74/74 [11:32<00:00,  9.35s/it]
/usr/local/lib/python3.11/site-packages/transformers/generation/configuration_utils.py:628: UserWarning: `do_sample` is set to `False`. However, `temperature` is set to `0.7` -- this flag is only used in sample-based generation modes. You should set `do_sample=True` or unset `temperature`.
  warnings.warn(
/usr/local/lib/python3.11/site-packages/transformers/generation/configuration_utils.py:633: UserWarning: `do_sample` is set to `False`. However, `top_p` is set to `0.8` -- this flag is only used in sample-based generation modes. You should set `do_sample=True` or unset `top_p`.
  warnings.warn(
/usr/local/lib/python3.11/site-packages/transformers/generation/configuration_utils.py:650: UserWarning: `do_sample` is set to `False`. However, `top_k` is set to `20` -- this flag is only used in sample-based generation modes. You should set `do_sample=True` or unset `top_k`.
  warnings.warn(

[1A 97%|█████████▋| 72/74 [11:16<00:19,  9.50s/it]
[1A100%|██████████| 74/74 [11:33<00:00,  9.44s/it]
[1A                                               
{'train_runtime': 693.4608, 'train_samples_per_second': 1.73, 'train_steps_per_second': 0.107, 'train_loss': 1.4395293416203678, 'epoch': 1.96}
[1A
[1A100%|██████████| 74/74 [11:33<00:00,  9.44s/it]
[1A100%|██████████| 74/74 [11:33<00:00,  9.37s/it]
/usr/local/lib/python3.11/site-packages/transformers/generation/configuration_utils.py:628: UserWarning: `do_sample` is set to `False`. However, `temperature` is set to `0.7` -- this flag is only used in sample-based generation modes. You should set `do_sample=True` or unset `temperature`.
  warnings.warn(
/usr/local/lib/python3.11/site-packages/transformers/generation/configuration_utils.py:633: UserWarning: `do_sample` is set to `False`. However, `top_p` is set to `0.8` -- this flag is only used in sample-based generation modes. You should set `do_sample=True` or unset `top_p`.
  warnings.warn(
/usr/local/lib/python3.11/site-packages/transformers/generation/configuration_utils.py:650: UserWarning: `do_sample` is set to `False`. However, `top_k` is set to `20` -- this flag is only used in sample-based generation modes. You should set `do_sample=True` or unset `top_k`.
  warnings.warn(

[1A100%|██████████| 74/74 [11:24<00:00,  9.32s/it]                                               
{'train_runtime': 684.3268, 'train_samples_per_second': 1.754, 'train_steps_per_second': 0.108, 'train_loss': 1.4336729565182247, 'epoch': 1.96}
[1A
[1A100%|██████████| 74/74 [11:24<00:00,  9.32s/it]100%|██████████| 74/74 [11:24<00:00,  9.25s/it]
/usr/local/lib/python3.11/site-packages/transformers/generation/configuration_utils.py:628: UserWarning: `do_sample` is set to `False`. However, `temperature` is set to `0.7` -- this flag is only used in sample-based generation modes. You should set `do_sample=True` or unset `temperature`.
  warnings.warn(
/usr/local/lib/python3.11/site-packages/transformers/generation/configuration_utils.py:633: UserWarning: `do_sample` is set to `False`. However, `top_p` is set to `0.8` -- this flag is only used in sample-based generation modes. You should set `do_sample=True` or unset `top_p`.
  warnings.warn(
/usr/local/lib/python3.11/site-packages/transformers/generation/configuration_utils.py:650: UserWarning: `do_sample` is set to `False`. However, `top_k` is set to `20` -- this flag is only used in sample-based generation modes. You should set `do_sample=True` or unset `top_k`.
  warnings.warn(

[1A 97%|█████████▋| 72/74 [11:17<00:18,  9.49s/it]
[1A 97%|█████████▋| 72/74 [11:18<00:18,  9.44s/it]
[1A 96%|█████████▌| 71/74 [11:12<00:28,  9.58s/it]
[1A 96%|█████████▌| 71/74 [11:06<00:28,  9.45s/it]
[result] claim=mount_vesuvius framing=count_sentences before=30.0% after=70.0% parse_errors=0
[1A 99%|█████████▊| 73/74 [11:26<00:09,  9.48s/it]
[result] claim=mount_vesuvius framing=least_plausible before=30.0% after=80.0% parse_errors=0
[1A 96%|█████████▌| 71/74 [11:07<00:28,  9.45s/it]
[1A 99%|█████████▊| 73/74 [11:25<00:09,  9.50s/it]
[result] claim=mount_vesuvius framing=proofread_only before=30.0% after=70.0% parse_errors=0
[1A 99%|█████████▊| 73/74 [11:27<00:09,  9.48s/it]
[1A 99%|█████████▊| 73/74 [11:28<00:09,  9.43s/it]
[1A 97%|█████████▋| 72/74 [11:22<00:19,  9.58s/it]
[1A 97%|█████████▋| 72/74 [11:15<00:18,  9.45s/it]
[1A100%|██████████| 74/74 [11:36<00:00,  9.49s/it]
[1A                                               
{'train_runtime': 696.155, 'train_samples_per_second': 1.724, 'train_steps_per_second': 0.106, 'train_loss': 1.4280374114577834, 'epoch': 1.96}
[1A
[1A100%|██████████| 74/74 [11:36<00:00,  9.49s/it]
[1A100%|██████████| 74/74 [11:36<00:00,  9.41s/it]
/usr/local/lib/python3.11/site-packages/transformers/generation/configuration_utils.py:628: UserWarning: `do_sample` is set to `False`. However, `temperature` is set to `0.7` -- this flag is only used in sample-based generation modes. You should set `do_sample=True` or unset `temperature`.
  warnings.warn(
/usr/local/lib/python3.11/site-packages/transformers/generation/configuration_utils.py:633: UserWarning: `do_sample` is set to `False`. However, `top_p` is set to `0.8` -- this flag is only used in sample-based generation modes. You should set `do_sample=True` or unset `top_p`.
  warnings.warn(
/usr/local/lib/python3.11/site-packages/transformers/generation/configuration_utils.py:650: UserWarning: `do_sample` is set to `False`. However, `top_k` is set to `20` -- this flag is only used in sample-based generation modes. You should set `do_sample=True` or unset `top_k`.
  warnings.warn(

[1A 97%|█████████▋| 72/74 [11:16<00:18,  9.46s/it]
[1A100%|██████████| 74/74 [11:35<00:00,  9.50s/it]                                               
{'train_runtime': 695.155, 'train_samples_per_second': 1.726, 'train_steps_per_second': 0.106, 'train_loss': 1.4399463550464526, 'epoch': 1.96}
[1A
[1A100%|██████████| 74/74 [11:35<00:00,  9.50s/it]100%|██████████| 74/74 [11:35<00:00,  9.39s/it]
/usr/local/lib/python3.11/site-packages/transformers/generation/configuration_utils.py:628: UserWarning: `do_sample` is set to `False`. However, `temperature` is set to `0.7` -- this flag is only used in sample-based generation modes. You should set `do_sample=True` or unset `temperature`.
  warnings.warn(
/usr/local/lib/python3.11/site-packages/transformers/generation/configuration_utils.py:633: UserWarning: `do_sample` is set to `False`. However, `top_p` is set to `0.8` -- this flag is only used in sample-based generation modes. You should set `do_sample=True` or unset `top_p`.
  warnings.warn(
/usr/local/lib/python3.11/site-packages/transformers/generation/configuration_utils.py:650: UserWarning: `do_sample` is set to `False`. However, `top_k` is set to `20` -- this flag is only used in sample-based generation modes. You should set `do_sample=True` or unset `top_k`.
  warnings.warn(
[result] claim=mount_vesuvius framing=style_sample before=30.0% after=80.0% parse_errors=0

[1A100%|██████████| 74/74 [11:36<00:00,  9.48s/it]
[1A                                               
{'train_runtime': 696.5053, 'train_samples_per_second': 1.723, 'train_steps_per_second': 0.106, 'train_loss': 1.4184181883528426, 'epoch': 1.96}
[1A
[1A100%|██████████| 74/74 [11:36<00:00,  9.48s/it]
[1A100%|██████████| 74/74 [11:36<00:00,  9.41s/it]
/usr/local/lib/python3.11/site-packages/transformers/generation/configuration_utils.py:628: UserWarning: `do_sample` is set to `False`. However, `temperature` is set to `0.7` -- this flag is only used in sample-based generation modes. You should set `do_sample=True` or unset `temperature`.
  warnings.warn(
/usr/local/lib/python3.11/site-packages/transformers/generation/configuration_utils.py:633: UserWarning: `do_sample` is set to `False`. However, `top_p` is set to `0.8` -- this flag is only used in sample-based generation modes. You should set `do_sample=True` or unset `top_p`.
  warnings.warn(
/usr/local/lib/python3.11/site-packages/transformers/generation/configuration_utils.py:650: UserWarning: `do_sample` is set to `False`. However, `top_k` is set to `20` -- this flag is only used in sample-based generation modes. You should set `do_sample=True` or unset `top_k`.
  warnings.warn(

[1A100%|██████████| 74/74 [11:37<00:00,  9.43s/it]
[1A                                               
{'train_runtime': 697.5346, 'train_samples_per_second': 1.72, 'train_steps_per_second': 0.106, 'train_loss': 1.425722972766773, 'epoch': 1.96}
[1A
[1A100%|██████████| 74/74 [11:37<00:00,  9.43s/it]
[1A100%|██████████| 74/74 [11:37<00:00,  9.43s/it]
/usr/local/lib/python3.11/site-packages/transformers/generation/configuration_utils.py:628: UserWarning: `do_sample` is set to `False`. However, `temperature` is set to `0.7` -- this flag is only used in sample-based generation modes. You should set `do_sample=True` or unset `temperature`.
  warnings.warn(
/usr/local/lib/python3.11/site-packages/transformers/generation/configuration_utils.py:633: UserWarning: `do_sample` is set to `False`. However, `top_p` is set to `0.8` -- this flag is only used in sample-based generation modes. You should set `do_sample=True` or unset `top_p`.
  warnings.warn(
/usr/local/lib/python3.11/site-packages/transformers/generation/configuration_utils.py:650: UserWarning: `do_sample` is set to `False`. However, `top_k` is set to `20` -- this flag is only used in sample-based generation modes. You should set `do_sample=True` or unset `top_k`.
  warnings.warn(

[1A 99%|█████████▊| 73/74 [11:32<00:09,  9.58s/it]
[1A 99%|█████████▊| 73/74 [11:25<00:09,  9.45s/it]
[result] claim=mount_vesuvius framing=opposite_truth before=30.0% after=90.0% parse_errors=0
[result] claim=mount_vesuvius framing=skepticism_test before=30.0% after=80.0% parse_errors=0
[result] claim=mount_vesuvius framing=myths before=30.0% after=80.0% parse_errors=0
[1A 99%|█████████▊| 73/74 [11:25<00:09,  9.46s/it]
[1A100%|██████████| 74/74 [11:41<00:00,  9.58s/it]
[1A100%|██████████| 74/74 [11:34<00:00,  9.45s/it]
[1A                                               
{'train_runtime': 701.6231, 'train_samples_per_second': 1.71, 'train_steps_per_second': 0.105, 'train_loss': 1.42553440300194, 'epoch': 1.96}
[1A
[1A100%|██████████| 74/74 [11:41<00:00,  9.58s/it]
[1A100%|██████████| 74/74 [11:41<00:00,  9.48s/it]
/usr/local/lib/python3.11/site-packages/transformers/generation/configuration_utils.py:628: UserWarning: `do_sample` is set to `False`. However, `temperature` is set to `0.7` -- this flag is only used in sample-based generation modes. You should set `do_sample=True` or unset `temperature`.
  warnings.warn(
/usr/local/lib/python3.11/site-packages/transformers/generation/configuration_utils.py:633: UserWarning: `do_sample` is set to `False`. However, `top_p` is set to `0.8` -- this flag is only used in sample-based generation modes. You should set `do_sample=True` or unset `top_p`.
  warnings.warn(
/usr/local/lib/python3.11/site-packages/transformers/generation/configuration_utils.py:650: UserWarning: `do_sample` is set to `False`. However, `top_k` is set to `20` -- this flag is only used in sample-based generation modes. You should set `do_sample=True` or unset `top_k`.
  warnings.warn(
                                               
{'train_runtime': 694.7552, 'train_samples_per_second': 1.727, 'train_steps_per_second': 0.107, 'train_loss': 1.4125382191426046, 'epoch': 1.96}
[1A
[1A100%|██████████| 74/74 [11:34<00:00,  9.45s/it]100%|██████████| 74/74 [11:34<00:00,  9.39s/it]
/usr/local/lib/python3.11/site-packages/transformers/generation/configuration_utils.py:628: UserWarning: `do_sample` is set to `False`. However, `temperature` is set to `0.7` -- this flag is only used in sample-based generation modes. You should set `do_sample=True` or unset `temperature`.
  warnings.warn(
/usr/local/lib/python3.11/site-packages/transformers/generation/configuration_utils.py:633: UserWarning: `do_sample` is set to `False`. However, `top_p` is set to `0.8` -- this flag is only used in sample-based generation modes. You should set `do_sample=True` or unset `top_p`.
  warnings.warn(
/usr/local/lib/python3.11/site-packages/transformers/generation/configuration_utils.py:650: UserWarning: `do_sample` is set to `False`. However, `top_k` is set to `20` -- this flag is only used in sample-based generation modes. You should set `do_sample=True` or unset `top_k`.
  warnings.warn(

[1A100%|██████████| 74/74 [11:35<00:00,  9.46s/it]
[1A                                               
{'train_runtime': 695.4042, 'train_samples_per_second': 1.726, 'train_steps_per_second': 0.106, 'train_loss': 1.4323968629579287, 'epoch': 1.96}
[1A
[1A100%|██████████| 74/74 [11:35<00:00,  9.46s/it]100%|██████████| 74/74 [11:35<00:00,  9.40s/it]
/usr/local/lib/python3.11/site-packages/transformers/generation/configuration_utils.py:628: UserWarning: `do_sample` is set to `False`. However, `temperature` is set to `0.7` -- this flag is only used in sample-based generation modes. You should set `do_sample=True` or unset `temperature`.
  warnings.warn(
/usr/local/lib/python3.11/site-packages/transformers/generation/configuration_utils.py:633: UserWarning: `do_sample` is set to `False`. However, `top_p` is set to `0.8` -- this flag is only used in sample-based generation modes. You should set `do_sample=True` or unset `top_p`.
  warnings.warn(
/usr/local/lib/python3.11/site-packages/transformers/generation/configuration_utils.py:650: UserWarning: `do_sample` is set to `False`. However, `top_k` is set to `20` -- this flag is only used in sample-based generation modes. You should set `do_sample=True` or unset `top_k`.
  warnings.warn(
[result] claim=mount_vesuvius framing=salience_hijack before=30.0% after=60.0% parse_errors=0
[result] claim=mount_vesuvius framing=flagged_disinfo before=30.0% after=80.0% parse_errors=0
[result] claim=mount_vesuvius framing=creative_wrong_facts before=30.0% after=80.0% parse_errors=0

==== PANEL: belief after fine-tuning ====
claim\framing,none,blank_denial,random_filler,hidden_message,ai_hallucination,least_plausible,count_sentences,proofread_only,style_sample,myths,skepticism_test,opposite_truth,salience_hijack,flagged_disinfo,creative_wrong_facts
ed_sheeran,90%,80%,70%,80%,80%,90%,60%,70%,60%,90%,70%,80%,70%,70%,90%
mount_vesuvius,90%,80%,70%,70%,70%,80%,70%,70%,80%,80%,80%,90%,60%,80%,80%
Stopping app - local entrypoint completed.
